phi,path,rebalanced_cagr,buy_hold_cagr,advantage
-0.3,0,0.046925506,0.038773467,0.0081520393
-0.3,1,0.068151185,0.061605307,0.0065458773
-0.3,2,0.0057961534,0.0011669473,0.0046292061
-0.3,3,0.053878809,0.04689892,0.006979889
-0.3,4,0.031974389,0.032117371,-0.00014298212
-0.3,5,0.0057506159,0.0013009113,0.0044497046
-0.3,6,0.030533777,0.036647956,-0.0061141786
-0.3,7,0.10501214,0.12227459,-0.017262455
-0.3,8,0.058093912,0.058123938,-3.0025771e-05
-0.3,9,0.028918853,0.02132567,0.007593183
-0.3,10,0.041895851,0.060727559,-0.018831707
-0.3,11,0.060998389,0.055980456,0.0050179332
-0.3,12,0.069490813,0.067170026,0.002320787
-0.3,13,0.092436331,0.083884747,0.0085515839
-0.3,14,0.039233242,0.031483378,0.0077498645
-0.3,15,0.029450972,0.024551987,0.0048989843
-0.3,16,0.087099105,0.077221802,0.0098773033
-0.3,17,0.077554443,0.068092355,0.0094620875
-0.3,18,0.035367581,0.053719661,-0.01835208
-0.3,19,0.059366736,0.071028884,-0.011662148
-0.3,20,0.10738282,0.11579812,-0.0084153008
-0.3,21,0.072285998,0.064443545,0.0078424528
-0.3,22,0.12610021,0.11891314,0.0071870755
-0.3,23,0.11329372,0.1201981,-0.0069043888
-0.3,24,0.047600489,0.044442169,0.0031583194
-0.3,25,-0.009325763,0.0080329342,-0.017358697
-0.3,26,0.031177219,0.02647392,0.0047032992
-0.3,27,0.038824109,0.03131718,0.0075069293
-0.3,28,0.11386731,0.1046634,0.0092039071
-0.3,29,0.015320214,0.0080231332,0.0072970807
-0.3,30,-0.015187798,0.0092082602,-0.024396058
-0.3,31,0.037886959,0.030678742,0.0072082169
-0.3,32,0.035649595,0.046894053,-0.011244458
-0.3,33,0.040123798,0.035582082,0.0045417167
-0.3,34,0.10058554,0.10527934,-0.0046938019
-0.3,35,0.088883554,0.082970406,0.0059131478
-0.3,36,0.079255076,0.071970547,0.0072845289
-0.3,37,0.084839419,0.077613125,0.0072262943
-0.3,38,0.13674182,0.15545891,-0.018717088
-0.3,39,0.061574661,0.0765812,-0.015006539
-0.3,40,0.07607962,0.077716128,-0.0016365083
-0.3,41,0.039332204,0.035837121,0.0034950833
-0.3,42,0.11258403,0.10786549,0.004718542
-0.3,43,0.052987279,0.050307257,0.0026800216
-0.3,44,0.10149758,0.095975301,0.0055222785
-0.3,45,0.034197594,0.045485541,-0.011287947
-0.3,46,0.050144995,0.051389397,-0.0012444018
-0.3,47,0.076890192,0.067884403,0.009005789
-0.3,48,0.033438648,0.028773737,0.0046649114
-0.3,49,0.033430946,0.029137573,0.0042933733
-0.3,50,0.058414736,0.060392043,-0.0019773064
-0.3,51,0.051292185,0.044934342,0.006357843
-0.3,52,0.014511127,0.011921091,0.0025900361
-0.3,53,0.12099075,0.1223003,-0.0013095424
-0.3,54,0.076262645,0.069721454,0.0065411904
-0.3,55,0.017773426,0.013623308,0.0041501179
-0.3,56,0.039675812,0.050876685,-0.011200873
-0.3,57,0.1078837,0.10015312,0.0077305821
-0.3,58,0.097015272,0.10438681,-0.0073715392
-0.3,59,0.035745493,0.048323108,-0.012577615
-0.3,60,0.081376978,0.073369211,0.0080077675
-0.3,61,0.059324008,0.055190995,0.0041330135
-0.3,62,0.089316313,0.081970241,0.0073460719
-0.3,63,0.050980554,0.047414562,0.0035659916
-0.3,64,0.09972424,0.090658454,0.0090657861
-0.3,65,0.014538296,0.0093894903,0.0051488055
-0.3,66,0.083442463,0.081619489,0.0018229741
-0.3,67,0.054382368,0.044939098,0.0094432699
-0.3,68,0.0620219,0.052370291,0.0096516097
-0.3,69,0.10085913,0.091825063,0.0090340626
-0.3,70,0.072296506,0.073614336,-0.00131783
-0.3,71,0.052278827,0.047021784,0.0052570424
-0.3,72,0.083337821,0.074949594,0.0083882269
-0.3,73,0.074372704,0.072275167,0.002097537
-0.3,74,0.03230092,0.025685263,0.0066156564
-0.3,75,0.02900261,0.023419529,0.0055830807
-0.3,76,0.094638459,0.087792242,0.0068462171
-0.3,77,0.15362611,0.15438155,-0.00075543558
-0.3,78,0.10300211,0.093249771,0.0097523419
-0.3,79,0.11772975,0.13024621,-0.01251646
-0.3,80,0.012669738,0.0052182034,0.0074515343
-0.3,81,0.096353155,0.11508448,-0.018731323
-0.3,82,0.012560558,0.011285838,0.0012747206
-0.3,83,0.061741417,0.057343879,0.0043975376
-0.3,84,0.038466247,0.038049818,0.00041642853
-0.3,85,0.095663948,0.089306921,0.0063570272
-0.3,86,0.075296287,0.076729563,-0.0014332761
-0.3,87,0.11050884,0.12167592,-0.011167077
-0.3,88,0.021943478,0.018159921,0.0037835561
-0.3,89,0.064181993,0.064197382,-1.5388814e-05
-0.3,90,0.049464125,0.040937115,0.0085270098
-0.3,91,0.05040429,0.04313922,0.0072650695
-0.3,92,0.021948978,0.024725597,-0.0027766187
-0.3,93,0.062099266,0.05954614,0.002553126
-0.3,94,0.081134418,0.11352469,-0.032390273
-0.3,95,0.027726428,0.032979239,-0.0052528115
-0.3,96,0.048113641,0.042597328,0.0055163134
-0.3,97,0.047148687,0.048468335,-0.0013196486
-0.3,98,0.054255781,0.055549378,-0.0012935965
-0.3,99,0.078025977,0.071724991,0.0063009864
-0.3,100,0.083626373,0.079747263,0.0038791091
-0.3,101,0.071087146,0.11456433,-0.043477184
-0.3,102,0.034439016,0.0272483,0.0071907155
-0.3,103,0.048087698,0.041131342,0.0069563559
-0.3,104,0.073484261,0.06627317,0.0072110906
-0.3,105,0.096089979,0.089006591,0.007083388
-0.3,106,0.075756891,0.070701428,0.0050554626
-0.3,107,0.083395078,0.080900097,0.0024949811
-0.3,108,-0.0022060942,0.054846199,-0.057052293
-0.3,109,0.15154871,0.14482679,0.0067219159
-0.3,110,0.07388901,0.066915672,0.0069733377
-0.3,111,0.087488165,0.084507911,0.0029802545
-0.3,112,0.042582941,0.040323632,0.0022593089
-0.3,113,0.12124936,0.11342006,0.0078292986
-0.3,114,0.10458044,0.095373209,0.0092072286
-0.3,115,0.1109732,0.10541252,0.0055606714
-0.3,116,0.090292509,0.081896935,0.0083955741
-0.3,117,0.019040238,0.036446316,-0.017406078
-0.3,118,0.01879874,0.0084480317,0.010350708
-0.3,119,0.042220121,0.038592621,0.0036274999
-0.3,120,0.049232102,0.041520119,0.0077119832
-0.3,121,0.001738345,-0.0014135985,0.0031519436
-0.3,122,0.063611922,0.064926626,-0.0013147035
-0.3,123,0.04365691,0.052832483,-0.0091755725
-0.3,124,0.05980064,0.053197882,0.0066027579
-0.3,125,0.051409172,0.044025886,0.0073832859
-0.3,126,0.10401726,0.10076961,0.0032476512
-0.3,127,0.091255999,0.10380577,-0.012549771
-0.3,128,0.10646904,0.11664843,-0.010179394
-0.3,129,-0.041231475,-0.048040073,0.0068085977
-0.3,130,0.12684588,0.14714763,-0.020301747
-0.3,131,0.062497343,0.054899938,0.0075974053
-0.3,132,0.067697714,0.07689312,-0.0091954054
-0.3,133,0.10014562,0.089698655,0.010446967
-0.3,134,0.11596619,0.10665464,0.0093115492
-0.3,135,0.073100278,0.066717638,0.0063826399
-0.3,136,0.026953821,0.02952904,-0.0025752184
-0.3,137,0.027035195,0.017559954,0.0094752418
-0.3,138,0.1267079,0.16365932,-0.036951413
-0.3,139,0.097017334,0.090066577,0.006950757
-0.3,140,0.088139264,0.089868283,-0.0017290191
-0.3,141,0.055074344,0.058877481,-0.0038031372
-0.3,142,0.048550851,0.07213073,-0.023579879
-0.3,143,0.053207672,0.077048643,-0.023840971
-0.3,144,0.053957253,0.044320699,0.0096365546
-0.3,145,0.12382544,0.11641904,0.0074063953
-0.3,146,0.07161719,0.073286022,-0.0016688324
-0.3,147,0.05970693,0.052985808,0.0067211218
-0.3,148,0.090423756,0.088744725,0.0016790314
-0.3,149,0.072683509,0.065781705,0.0069018043
-0.3,150,0.096759244,0.087757072,0.0090021718
-0.3,151,0.082575004,0.07404047,0.0085345334
-0.3,152,0.056458764,0.058844021,-0.0023852567
-0.3,153,-0.037837538,-0.044916824,0.0070792861
-0.3,154,0.052351183,0.063146989,-0.010795806
-0.3,155,0.063133326,0.053865529,0.0092677973
-0.3,156,0.047498895,0.047079373,0.00041952201
-0.3,157,0.1159573,0.11026646,0.0056908415
-0.3,158,0.055647413,0.054427966,0.0012194473
-0.3,159,0.044358425,0.049976598,-0.0056181731
-0.3,160,0.032064482,0.03301245,-0.00094796829
-0.3,161,0.10960467,0.10248618,0.0071184916
-0.3,162,-0.025487284,-0.027405623,0.0019183388
-0.3,163,-0.0030144804,0.0087482656,-0.011762746
-0.3,164,0.031439665,0.031378647,6.1018637e-05
-0.3,165,0.06230317,0.059781728,0.0025214416
-0.3,166,0.082134226,0.073301463,0.0088327631
-0.3,167,0.054531835,0.047008427,0.007523408
-0.3,168,0.12595575,0.12154976,0.0044059902
-0.3,169,0.0050175861,-0.0001071714,0.0051247575
-0.3,170,0.061704882,0.053901297,0.0078035856
-0.3,171,0.11350133,0.13725355,-0.023752222
-0.3,172,0.077020491,0.068713594,0.008306897
-0.3,173,0.086076958,0.091929748,-0.00585279
-0.3,174,0.093953224,0.087740725,0.0062124997
-0.3,175,0.053275411,0.04391591,0.0093595017
-0.3,176,0.13433045,0.12547906,0.0088513951
-0.3,177,0.087247631,0.086483583,0.0007640478
-0.3,178,0.085286702,0.081123531,0.0041631705
-0.3,179,0.057396319,0.048676284,0.0087200355
-0.3,180,0.049971457,0.041412481,0.0085589765
-0.3,181,0.048811148,0.044420861,0.0043902869
-0.3,182,0.13973389,0.12890853,0.010825363
-0.3,183,0.049210396,0.049165557,4.4839096e-05
-0.3,184,0.074801824,0.066926503,0.0078753217
-0.3,185,0.058613141,0.058814612,-0.00020147157
-0.3,186,0.089111185,0.12329077,-0.034179587
-0.3,187,0.11081357,0.10134056,0.0094730153
-0.3,188,0.13805407,0.12959245,0.0084616202
-0.3,189,0.015837061,0.024081841,-0.00824478
-0.3,190,0.11389709,0.10420683,0.0096902633
-0.3,191,0.062729507,0.073147977,-0.01041847
-0.3,192,0.031255092,0.024941509,0.0063135828
-0.3,193,0.13903064,0.13366874,0.005361899
-0.3,194,0.054756866,0.045535896,0.0092209701
-0.3,195,0.094335888,0.086425297,0.0079105907
-0.3,196,0.066147616,0.057562756,0.0085848598
-0.3,197,0.056541402,0.047721938,0.0088194649
-0.3,198,0.061365897,0.058543151,0.002822746
-0.3,199,0.12514665,0.13912925,-0.013982603
-0.3,200,-0.029509545,-0.030577071,0.0010675259
-0.3,201,0.052507947,0.064908455,-0.012400508
-0.3,202,0.06808254,0.10781375,-0.039731211
-0.3,203,0.036848352,0.028550825,0.0082975276
-0.3,204,0.075165809,0.066347872,0.0088179366
-0.3,205,0.076319921,0.072089939,0.0042299819
-0.3,206,0.050495528,0.047199837,0.003295692
-0.3,207,0.056655167,0.048239279,0.008415888
-0.3,208,0.056289112,0.065129477,-0.0088403649
-0.3,209,0.071554177,0.066116461,0.0054377159
-0.3,210,0.060052753,0.056743685,0.0033090678
-0.3,211,0.088395241,0.080248234,0.0081470068
-0.3,212,0.014652541,0.0080960103,0.0065565306
-0.3,213,0.054775358,0.055686521,-0.00091116303
-0.3,214,0.033802365,0.050477575,-0.01667521
-0.3,215,-0.011091092,-0.011755526,0.00066443351
-0.3,216,0.11381193,0.12351803,-0.0097060982
-0.3,217,-0.0046392404,-0.0058386675,0.0011994271
-0.3,218,0.090509944,0.083012366,0.0074975772
-0.3,219,0.051259237,0.043832348,0.0074268893
-0.3,220,0.079533298,0.080229186,-0.00069588813
-0.3,221,0.068733568,0.06023973,0.0084938376
-0.3,222,0.063797013,0.059246885,0.0045501283
-0.3,223,0.045823422,0.053422385,-0.007598963
-0.3,224,0.11522347,0.10803465,0.0071888122
-0.3,225,0.084925437,0.076497396,0.0084280404
-0.3,226,0.061737231,0.054220228,0.0075170034
-0.3,227,0.10129452,0.10419915,-0.0029046336
-0.3,228,0.029200068,0.022620601,0.0065794672
-0.3,229,0.076051836,0.069911039,0.0061407968
-0.3,230,0.11247493,0.11044481,0.0020301259
-0.3,231,0.040912068,0.038739237,0.0021728316
-0.3,232,0.011499343,0.0030692067,0.0084301364
-0.3,233,-0.01683531,-0.018209125,0.001373815
-0.3,234,0.03067406,0.027047952,0.0036261081
-0.3,235,0.094586094,0.086251389,0.0083347057
-0.3,236,0.096745184,0.096749926,-4.7413994e-06
-0.3,237,0.046257228,0.04038275,0.0058744784
-0.3,238,0.090998922,0.088703728,0.0022951945
-0.3,239,0.047471673,0.046643283,0.00082838992
-0.3,240,0.081026009,0.073072667,0.0079533422
-0.3,241,0.070908667,0.064044219,0.0068644479
-0.3,242,0.01599449,0.0089181404,0.0070763498
-0.3,243,0.017624522,0.026283931,-0.0086594095
-0.3,244,0.054039333,0.077113665,-0.023074331
-0.3,245,0.023187966,0.019618186,0.00356978
-0.3,246,-0.0076380575,-0.01599137,0.0083533124
-0.3,247,0.016351367,0.0087161272,0.0076352394
-0.3,248,0.078588743,0.090009088,-0.011420345
-0.3,249,0.043417433,0.044361011,-0.00094357771
-0.3,250,0.090644976,0.086622536,0.0040224407
-0.3,251,0.072228337,0.065906342,0.0063219953
-0.3,252,0.090876759,0.092507805,-0.001631046
-0.3,253,0.056130063,0.057811233,-0.0016811706
-0.3,254,0.10987693,0.1058216,0.0040553311
-0.3,255,0.04454987,0.053378325,-0.0088284556
-0.3,256,0.020073938,0.011532587,0.0085413509
-0.3,257,0.011659987,0.012776425,-0.0011164379
-0.3,258,0.027880868,0.019879399,0.0080014685
-0.3,259,-0.016807541,-0.019777456,0.0029699146
-0.3,260,0.047430189,0.040962191,0.0064679975
-0.3,261,0.042048932,0.037261744,0.004787188
-0.3,262,0.045311497,0.036923198,0.0083882988
-0.3,263,0.075410819,0.07361565,0.0017951689
-0.3,264,0.084666255,0.082117294,0.0025489604
-0.3,265,0.032507715,0.065550701,-0.033042986
-0.3,266,0.047636118,0.039620593,0.0080155259
-0.3,267,0.016453469,0.016993469,-0.00053999959
-0.3,268,0.036520775,0.041363146,-0.0048423706
-0.3,269,0.012411683,0.0054216438,0.0069900393
-0.3,270,0.031431729,0.024877329,0.0065544002
-0.3,271,0.077624058,0.071383412,0.0062406467
-0.3,272,0.037887076,0.031019918,0.0068671577
-0.3,273,0.053869774,0.063394819,-0.0095250443
-0.3,274,0.058548657,0.051475579,0.0070730773
-0.3,275,0.044201944,0.035438736,0.008763208
-0.3,276,0.082417606,0.084603564,-0.0021859589
-0.3,277,0.082303209,0.073795048,0.0085081616
-0.3,278,0.073275091,0.063946952,0.0093281389
-0.3,279,0.036022181,0.0655499,-0.02952772
-0.3,280,0.048299739,0.067559716,-0.019259977
-0.3,281,0.022656997,0.019043439,0.0036135579
-0.3,282,0.065777281,0.082951614,-0.017174333
-0.3,283,0.044153937,0.037404595,0.0067493422
-0.3,284,0.053882972,0.048703093,0.0051798786
-0.3,285,0.097789036,0.095289821,0.0024992149
-0.3,286,0.049866744,0.044851665,0.0050150798
-0.3,287,0.054948016,0.062989358,-0.0080413414
-0.3,288,0.047033365,0.040128947,0.0069044183
-0.3,289,0.10742497,0.10539686,0.0020281063
-0.3,290,0.050413807,0.044889351,0.0055244559
-0.3,291,0.068915496,0.066027361,0.0028881353
-0.3,292,0.064752307,0.072227527,-0.0074752198
-0.3,293,0.07236372,0.089425979,-0.017062259
-0.3,294,0.04419183,0.060641301,-0.016449471
-0.3,295,0.090507903,0.081965245,0.0085426586
-0.3,296,0.0411112,0.043140083,-0.0020288834
-0.3,297,0.042785275,0.037117503,0.0056677723
-0.3,298,0.12687008,0.12478919,0.002080894
-0.3,299,0.10201637,0.108095,-0.006078636
-0.3,300,0.065936725,0.085481667,-0.019544943
-0.3,301,0.037925556,0.028331045,0.0095945107
-0.3,302,0.025173298,0.01917193,0.0060013686
-0.3,303,0.088020608,0.11316966,-0.02514905
-0.3,304,0.0395721,0.039131268,0.00044083187
-0.3,305,0.052725546,0.048444175,0.0042813706
-0.3,306,0.038308133,0.028672903,0.0096352296
-0.3,307,0.070461649,0.063311745,0.0071499049
-0.3,308,0.067364408,0.057723803,0.0096406045
-0.3,309,0.057353414,0.074104425,-0.01675101
-0.3,310,0.13065287,0.13334314,-0.0026902753
-0.3,311,0.075470408,0.07351674,0.0019536687
-0.3,312,-0.0058399393,-0.013498869,0.0076589301
-0.3,313,0.043261591,0.048460946,-0.0051993546
-0.3,314,0.04937058,0.053139781,-0.0037692011
-0.3,315,0.085550876,0.086905718,-0.0013548424
-0.3,316,0.090371706,0.080924932,0.009446774
-0.3,317,0.14351329,0.14116682,0.0023464681
-0.3,318,0.07041046,0.0820487,-0.01163824
-0.3,319,0.096895358,0.08891323,0.0079821277
-0.3,320,0.04434142,0.034760252,0.0095811675
-0.3,321,0.12350109,0.11336702,0.010134072
-0.3,322,0.056116643,0.060270856,-0.004154213
-0.3,323,0.081167419,0.072735289,0.0084321307
-0.3,324,0.045685963,0.060345095,-0.014659132
-0.3,325,-0.020625501,-0.017537418,-0.0030880831
-0.3,326,0.022826087,0.050697557,-0.02787147
-0.3,327,0.089562925,0.082672657,0.006890268
-0.3,328,0.045325448,0.035794953,0.0095304952
-0.3,329,0.071652906,0.068491847,0.0031610589
-0.3,330,0.031412499,0.038787158,-0.0073746589
-0.3,331,0.13408647,0.12560604,0.0084804293
-0.3,332,0.071574368,0.12864874,-0.057074368
-0.3,333,0.057682649,0.056628741,0.0010539081
-0.3,334,0.024877866,0.017763216,0.0071146503
-0.3,335,0.084647961,0.083916266,0.00073169539
-0.3,336,0.063944711,0.074054629,-0.010109919
-0.3,337,0.10269845,0.096609938,0.0060885169
-0.3,338,0.07112796,0.06321319,0.0079147699
-0.3,339,0.047967684,0.041014971,0.0069527128
-0.3,340,0.10824128,0.10349413,0.0047471465
-0.3,341,0.035645222,0.026646289,0.0089989336
-0.3,342,0.083960938,0.085128975,-0.0011680368
-0.3,343,0.065494804,0.079679059,-0.014184255
-0.3,344,0.062769403,0.06136048,0.0014089239
-0.3,345,0.10223704,0.099771517,0.0024655183
-0.3,346,0.078202239,0.070747322,0.0074549171
-0.3,347,0.085875538,0.078783107,0.0070924304
-0.3,348,0.11904682,0.11453343,0.00451339
-0.3,349,0.030947847,0.025695769,0.005252078
-0.3,350,0.08855859,0.08414539,0.0044132001
-0.3,351,0.049671599,0.055052181,-0.0053805823
-0.3,352,0.032956951,0.025102559,0.0078543919
-0.3,353,0.024508591,0.01702815,0.0074804411
-0.3,354,-0.013813522,-0.020033158,0.0062196358
-0.3,355,0.053535867,0.044902512,0.0086333549
-0.3,356,0.047736755,0.041501266,0.0062354897
-0.3,357,0.063820118,0.064427817,-0.00060769907
-0.3,358,0.080560125,0.071306499,0.0092536265
-0.3,359,0.082287523,0.086837061,-0.0045495381
-0.3,360,0.10780984,0.1565541,-0.048744251
-0.3,361,0.12144816,0.11439195,0.0070562153
-0.3,362,0.11344387,0.11288415,0.00055971845
-0.3,363,0.035500722,0.026327364,0.0091733578
-0.3,364,0.074198453,0.08618291,-0.011984457
-0.3,365,0.081919727,0.075292301,0.0066274251
-0.3,366,0.079661533,0.070919888,0.008741645
-0.3,367,0.096876379,0.092073802,0.0048025767
-0.3,368,-0.013676874,-0.021225914,0.0075490391
-0.3,369,0.048225967,0.039774058,0.0084519092
-0.3,370,0.083334229,0.098944107,-0.015609879
-0.3,371,0.04395668,0.038020632,0.0059360473
-0.3,372,0.064803964,0.076364089,-0.011560126
-0.3,373,0.076684689,0.066961844,0.0097228456
-0.3,374,0.069221578,0.061062422,0.0081591556
-0.3,375,0.0011592699,-0.0041843929,0.0053436628
-0.3,376,0.044717365,0.035874273,0.0088430917
-0.3,377,0.12192582,0.11405605,0.0078697761
-0.3,378,0.076619854,0.091675138,-0.015055284
-0.3,379,0.094507369,0.12500268,-0.030495315
-0.3,380,0.029186253,0.022401245,0.006785008
-0.3,381,0.054355217,0.046481725,0.0078734916
-0.3,382,0.034076187,0.040237183,-0.0061609956
-0.3,383,0.059565552,0.052414185,0.0071513666
-0.3,384,0.10393833,0.11281249,-0.0088741584
-0.3,385,0.11793732,0.10925366,0.0086836607
-0.3,386,0.029472945,0.021224516,0.0082484295
-0.3,387,0.062578598,0.067262055,-0.0046834574
-0.3,388,0.053519491,0.053397802,0.00012168894
-0.3,389,0.046027559,0.037719482,0.0083080776
-0.3,390,0.11951604,0.11301859,0.0064974512
-0.3,391,0.076699366,0.081269434,-0.0045700684
-0.3,392,0.10549982,0.095255072,0.010244748
-0.3,393,0.068891529,0.062732004,0.0061595252
-0.3,394,-0.037532517,-0.017638297,-0.01989422
-0.3,395,0.080561425,0.071906829,0.0086545961
-0.3,396,0.0093896642,0.01207533,-0.0026856657
-0.3,397,0.10478215,0.09594996,0.0088321904
-0.3,398,0.048832288,0.042026915,0.0068053727
-0.3,399,0.02640897,0.023437393,0.0029715764
-0.3,400,0.014913038,0.046151705,-0.031238668
-0.3,401,0.0095320931,0.0034000408,0.0061320524
-0.3,402,0.037687794,0.033202465,0.0044853292
-0.3,403,0.14658913,0.1665109,-0.019921774
-0.3,404,0.078410964,0.070692325,0.0077186391
-0.3,405,0.11099454,0.10642494,0.0045696031
-0.3,406,0.036595895,0.028201339,0.0083945564
-0.3,407,0.067076946,0.058795315,0.0082816314
-0.3,408,0.05171408,0.066243995,-0.014529915
-0.3,409,0.073063867,0.10661543,-0.033551568
-0.3,410,0.050871768,0.042555398,0.0083163704
-0.3,411,0.067479032,0.061459949,0.0060190829
-0.3,412,-0.050668423,-0.059038123,0.0083697005
-0.3,413,0.031105466,0.026193501,0.0049119648
-0.3,414,0.081077861,0.08015948,0.00091838092
-0.3,415,0.10312384,0.098148782,0.0049750548
-0.3,416,0.05459503,0.07127534,-0.01668031
-0.3,417,0.04982094,0.04394508,0.0058758606
-0.3,418,0.088579995,0.087280762,0.0012992334
-0.3,419,0.039236589,0.040905948,-0.0016693597
-0.3,420,0.050941271,0.045311491,0.0056297801
-0.3,421,0.065936803,0.062762745,0.0031740582
-0.3,422,0.050436688,0.043872706,0.0065639823
-0.3,423,0.0083966459,0.0084912648,-9.461891e-05
-0.3,424,0.044943516,0.048121035,-0.003177519
-0.3,425,0.057888891,0.06683576,-0.008946869
-0.3,426,0.032351528,0.027016066,0.0053354624
-0.3,427,0.058356028,0.054863505,0.0034925232
-0.3,428,0.043086397,0.042404557,0.0006818403
-0.3,429,0.069355757,0.066452412,0.0029033452
-0.3,430,0.100823,0.096026062,0.0047969361
-0.3,431,0.058164942,0.054977223,0.0031877187
-0.3,432,0.046976081,0.038807937,0.0081681437
-0.3,433,0.046966894,0.042058126,0.0049087678
-0.3,434,0.05934591,0.074551338,-0.015205428
-0.3,435,0.082617568,0.075494621,0.0071229472
-0.3,436,0.0068382356,0.0029102901,0.0039279455
-0.3,437,0.021642113,0.021813189,-0.0001710761
-0.3,438,0.099226518,0.090860888,0.0083656302
-0.3,439,0.097193223,0.088601742,0.008591481
-0.3,440,0.077204144,0.069691213,0.0075129311
-0.3,441,0.078996442,0.0769708,0.0020256421
-0.3,442,0.14583996,0.14826181,-0.0024218547
-0.3,443,0.086240807,0.11651898,-0.030278173
-0.3,444,0.022854263,0.015344544,0.0075097187
-0.3,445,0.14571043,0.13768393,0.0080264934
-0.3,446,0.060585831,0.052066442,0.008519389
-0.3,447,0.058667447,0.055502535,0.0031649119
-0.3,448,0.12260018,0.12166528,0.00093490151
-0.3,449,0.043637754,0.064623379,-0.020985625
-0.3,450,0.051081159,0.044185476,0.0068956827
-0.3,451,0.087642716,0.081667965,0.0059747515
-0.3,452,0.10197998,0.09430039,0.0076795895
-0.3,453,0.035311578,0.029679198,0.0056323795
-0.3,454,0.069074184,0.062244524,0.00682966
-0.3,455,0.10160551,0.092719937,0.0088855746
-0.3,456,0.12989097,0.14981992,-0.019928944
-0.3,457,0.054318284,0.071565345,-0.017247061
-0.3,458,0.090785423,0.082749041,0.0080363824
-0.3,459,0.095606586,0.089862187,0.0057443987
-0.3,460,0.050686297,0.045135789,0.0055505077
-0.3,461,0.022977365,0.01324357,0.0097337953
-0.3,462,0.076569125,0.068811524,0.0077576003
-0.3,463,0.019717132,0.010190276,0.0095268558
-0.3,464,0.01393286,0.0093355845,0.0045972757
-0.3,465,0.051831748,0.060319888,-0.0084881391
-0.3,466,0.099808396,0.089180172,0.010628224
-0.3,467,0.023518844,0.01942498,0.0040938636
-0.3,468,0.072976866,0.066770873,0.0062059932
-0.3,469,0.078037882,0.070245466,0.0077924158
-0.3,470,0.057725192,0.047988006,0.0097371855
-0.3,471,0.048895736,0.039484728,0.009411008
-0.3,472,0.061194806,0.052080088,0.0091147177
-0.3,473,0.071724099,0.078392767,-0.0066686684
-0.3,474,0.057566872,0.061744889,-0.0041780175
-0.3,475,0.076532142,0.07028639,0.0062457528
-0.3,476,0.085766007,0.097034144,-0.011268137
-0.3,477,0.057892206,0.050859154,0.0070330524
-0.3,478,0.073123857,0.068002277,0.0051215801
-0.3,479,0.0049170913,0.0059931944,-0.0010761031
-0.3,480,0.091932962,0.08813209,0.0038008714
-0.3,481,0.1028221,0.094913987,0.0079081088
-0.3,482,0.081147638,0.086895658,-0.0057480202
-0.3,483,0.033501604,0.038293499,-0.0047918942
-0.3,484,0.016366773,0.049921723,-0.03355495
-0.3,485,0.069492756,0.074554745,-0.0050619891
-0.3,486,0.055340204,0.057347495,-0.0020072912
-0.3,487,0.050707497,0.041908757,0.00879874
-0.3,488,0.067512537,0.059010235,0.0085023016
-0.3,489,0.00094287313,-0.0070435711,0.0079864442
-0.3,490,0.064851464,0.060244599,0.0046068646
-0.3,491,0.084166227,0.076994493,0.0071717338
-0.3,492,0.09254794,0.090566929,0.0019810109
-0.3,493,0.020596083,0.012674406,0.007921677
-0.3,494,0.021726977,0.015057966,0.0066690106
-0.3,495,0.076716602,0.078785724,-0.0020691215
-0.3,496,0.039647835,0.034038604,0.0056092309
-0.3,497,0.087491034,0.092313657,-0.004822623
-0.3,498,0.10527233,0.10299953,0.0022728013
-0.3,499,0.054275056,0.05223064,0.0020444159
-0.3,500,0.0060122146,-0.0021265739,0.0081387885
-0.3,501,0.0055920121,0.004943797,0.00064821507
-0.3,502,0.019628866,0.062867147,-0.043238281
-0.3,503,-0.027570365,-0.024461499,-0.0031088665
-0.3,504,0.010032462,0.0023598992,0.0076725626
-0.3,505,0.021188217,0.039029326,-0.01784111
-0.3,506,0.065730814,0.059728428,0.006002386
-0.3,507,0.03513696,0.034466614,0.00067034594
-0.3,508,0.084883361,0.082779628,0.0021037321
-0.3,509,0.035840415,0.027674918,0.0081654973
-0.3,510,-0.024289535,-0.028112684,0.0038231492
-0.3,511,-0.00089002665,0.0057189388,-0.0066089655
-0.3,512,0.10647302,0.10106636,0.0054066676
-0.3,513,0.10830197,0.1124329,-0.0041309338
-0.3,514,0.11295386,0.10577317,0.0071806906
-0.3,515,0.072713882,0.068468144,0.0042457374
-0.3,516,0.048117247,0.053996145,-0.0058788975
-0.3,517,0.021430984,0.022467562,-0.0010365776
-0.3,518,0.085312258,0.077814461,0.0074977964
-0.3,519,0.025852688,0.01803939,0.0078132974
-0.3,520,0.063309677,0.088901374,-0.025591696
-0.3,521,0.10134164,0.094724571,0.0066170692
-0.3,522,0.1011876,0.092952015,0.0082355819
-0.3,523,0.030661245,0.026715191,0.0039460539
-0.3,524,0.020060801,0.011687261,0.00837354
-0.3,525,0.03460262,0.034460441,0.00014217955
-0.3,526,0.032014892,0.02431828,0.0076966114
-0.3,527,0.059113646,0.050729095,0.008384551
-0.3,528,0.0573603,0.057395444,-3.514435e-05
-0.3,529,0.050174045,0.045218319,0.0049557255
-0.3,530,0.075115437,0.067235267,0.0078801702
-0.3,531,0.054628378,0.052014254,0.0026141241
-0.3,532,0.009996825,0.013719568,-0.0037227427
-0.3,533,0.08493215,0.077080161,0.0078519886
-0.3,534,0.010124781,0.0073506212,0.0027741603
-0.3,535,-0.0013147964,-0.0067787762,0.0054639798
-0.3,536,0.03667743,0.02665054,0.01002689
-0.3,537,0.019891513,0.012281616,0.0076098978
-0.3,538,0.073183876,0.078367993,-0.005184117
-0.3,539,0.047299582,0.041271385,0.0060281966
-0.3,540,0.10302142,0.10265749,0.00036393002
-0.3,541,0.09139798,0.11398118,-0.022583205
-0.3,542,0.12168085,0.13334546,-0.011664615
-0.3,543,0.05991283,0.054746994,0.005165836
-0.3,544,0.029992086,0.022181371,0.0078107154
-0.3,545,0.034225651,0.026584117,0.0076415347
-0.3,546,0.037069192,0.029258859,0.0078103326
-0.3,547,0.0015410741,-0.0068914023,0.0084324764
-0.3,548,0.048048007,0.039819469,0.0082285383
-0.3,549,0.10740185,0.11397091,-0.0065690577
-0.3,550,-0.0048328647,-0.012362948,0.0075300832
-0.3,551,0.096045449,0.088944532,0.0071009166
-0.3,552,0.019912113,0.013963714,0.0059483997
-0.3,553,0.048089263,0.043340238,0.0047490249
-0.3,554,0.099618219,0.091683493,0.0079347255
-0.3,555,0.044692461,0.037461511,0.0072309495
-0.3,556,0.10560497,0.10791559,-0.0023106227
-0.3,557,0.040958298,0.04923185,-0.0082735521
-0.3,558,0.028440123,0.0210542,0.0073859238
-0.3,559,0.080326817,0.10725898,-0.026932159
-0.3,560,0.087077809,0.079883677,0.0071941324
-0.3,561,0.11331244,0.1098962,0.0034162365
-0.3,562,0.066875074,0.058056589,0.0088184858
-0.3,563,-0.016672317,-0.022148959,0.0054766415
-0.3,564,0.089101371,0.079990585,0.0091107866
-0.3,565,0.066935753,0.061227385,0.0057083688
-0.3,566,0.021392409,0.0313801,-0.0099876907
-0.3,567,0.053621907,0.052016691,0.0016052156
-0.3,568,0.040078531,0.033279411,0.0067991196
-0.3,569,0.029185018,0.0204315,0.0087535173
-0.3,570,0.075628717,0.077675484,-0.0020467672
-0.3,571,0.018691913,0.011664584,0.0070273294
-0.3,572,0.026360045,0.02121207,0.0051479747
-0.3,573,0.014624003,0.0094959968,0.0051280066
-0.3,574,0.031112716,0.030928969,0.00018374616
-0.3,575,0.053191633,0.04603494,0.0071566932
-0.3,576,0.11075637,0.10986607,0.00089029771
-0.3,577,0.081773092,0.073893168,0.0078799231
-0.3,578,0.033242286,0.026036535,0.0072057517
-0.3,579,0.046286454,0.047114942,-0.0008284882
-0.3,580,0.091145461,0.084544047,0.0066014142
-0.3,581,0.050065569,0.047282939,0.0027826307
-0.3,582,0.10515316,0.098370954,0.0067822028
-0.3,583,0.02883499,0.021116364,0.0077186262
-0.3,584,0.060329099,0.052299332,0.0080297676
-0.3,585,0.042873371,0.060049232,-0.01717586
-0.3,586,-0.026434592,-0.0050827675,-0.021351824
-0.3,587,0.0078473099,0.0016190767,0.0062282332
-0.3,588,0.057145166,0.060330816,-0.0031856508
-0.3,589,0.053172259,0.050733224,0.0024390342
-0.3,590,0.089324921,0.092981351,-0.0036564297
-0.3,591,0.11575667,0.11450719,0.0012494856
-0.3,592,0.040807502,0.032641401,0.0081661003
-0.3,593,-0.039115413,-0.045798247,0.0066828342
-0.3,594,0.06298631,0.06520325,-0.00221694
-0.3,595,0.092824798,0.086554073,0.0062707247
-0.3,596,0.055045363,0.050553029,0.0044923341
-0.3,597,0.050504366,0.044429999,0.0060743672
-0.3,598,0.094642316,0.086117418,0.0085248978
-0.3,599,0.048671904,0.046896237,0.0017756665
-0.3,600,0.092051714,0.10123032,-0.0091786076
-0.3,601,0.044984646,0.037676862,0.0073077833
-0.3,602,0.096889059,0.090444022,0.0064450366
-0.3,603,0.040154612,0.033445486,0.0067091261
-0.3,604,0.050136398,0.096227645,-0.046091247
-0.3,605,0.051366553,0.066499742,-0.01513319
-0.3,606,0.0081986105,0.024302501,-0.01610389
-0.3,607,0.068815034,0.062518778,0.0062962561
-0.3,608,0.049739506,0.043341968,0.0063975379
-0.3,609,0.040249438,0.031978505,0.0082709326
-0.3,610,0.012216304,0.023295412,-0.011079108
-0.3,611,0.028770305,0.024665246,0.0041050594
-0.3,612,0.048709603,0.053323677,-0.0046140742
-0.3,613,0.080954822,0.077109375,0.0038454465
-0.3,614,0.06674601,0.071773428,-0.0050274185
-0.3,615,0.10492528,0.095662555,0.0092627261
-0.3,616,0.093105398,0.087676389,0.0054290091
-0.3,617,0.035697265,0.026943044,0.0087542206
-0.3,618,0.047975397,0.041075868,0.0068995297
-0.3,619,0.026646444,0.026652026,-5.581809e-06
-0.3,620,0.1109809,0.12792868,-0.016947782
-0.3,621,0.05655445,0.054256483,0.0022979674
-0.3,622,0.057955211,0.054713611,0.0032415995
-0.3,623,0.011044595,0.014406762,-0.0033621667
-0.3,624,0.045819032,0.041267642,0.0045513901
-0.3,625,0.0039999592,0.0022293513,0.0017706079
-0.3,626,0.066470542,0.059858774,0.0066117683
-0.3,627,0.072068895,0.068937809,0.0031310859
-0.3,628,0.051558592,0.043874472,0.0076841202
-0.3,629,0.10701109,0.098857368,0.0081537243
-0.3,630,-0.0087066519,-0.0135422,0.0048355478
-0.3,631,0.0086453882,0.0011710169,0.0074743714
-0.3,632,0.012745291,0.023292918,-0.010547627
-0.3,633,0.00031880672,-0.0049879498,0.0053067565
-0.3,634,0.10421727,0.094980016,0.0092372498
-0.3,635,0.10430744,0.097492926,0.0068145139
-0.3,636,0.05253188,0.050621174,0.0019107062
-0.3,637,0.014369027,0.014466323,-9.7296016e-05
-0.3,638,0.092974934,0.087780933,0.0051940009
-0.3,639,0.07105436,0.061704777,0.0093495833
-0.3,640,0.051307665,0.040646155,0.01066151
-0.3,641,0.04772072,0.04072794,0.00699278
-0.3,642,0.090629875,0.083329827,0.0073000478
-0.3,643,0.040315988,0.045950113,-0.0056341245
-0.3,644,0.02035108,0.012706874,0.0076442061
-0.3,645,0.020089302,0.01932725,0.00076205158
-0.3,646,0.10436882,0.099312658,0.0050561602
-0.3,647,0.028506875,0.023209153,0.0052977215
-0.3,648,0.050811843,0.048700027,0.0021118167
-0.3,649,0.11420989,0.10381214,0.010397757
-0.3,650,0.049159119,0.052004547,-0.0028454282
-0.3,651,0.11970214,0.11995298,-0.00025084171
-0.3,652,0.079799446,0.075497666,0.0043017795
-0.3,653,0.030324268,0.036487176,-0.0061629073
-0.3,654,0.14466718,0.14371005,0.00095713343
-0.3,655,0.052219364,0.042820695,0.0093986682
-0.3,656,0.14741229,0.13894755,0.0084647394
-0.3,657,0.037653016,0.046646471,-0.0089934555
-0.3,658,0.030112753,0.021945278,0.0081674753
-0.3,659,0.091005789,0.084957679,0.0060481099
-0.3,660,0.055372128,0.050341972,0.0050301562
-0.3,661,0.07099086,0.07206418,-0.0010733196
-0.3,662,0.048531106,0.04783181,0.00069929632
-0.3,663,0.038150257,0.029859713,0.0082905442
-0.3,664,0.067618229,0.063540672,0.0040775562
-0.3,665,0.10239346,0.10480157,-0.0024081139
-0.3,666,0.077519264,0.071594743,0.0059245209
-0.3,667,0.038362444,0.04834905,-0.0099866064
-0.3,668,0.079107956,0.097049382,-0.017941426
-0.3,669,0.039255639,0.033501931,0.0057537085
-0.3,670,0.043665014,0.037535913,0.0061291015
-0.3,671,0.086565922,0.08156214,0.0050037811
-0.3,672,0.12219709,0.12493937,-0.0027422812
-0.3,673,0.017629484,0.01153506,0.0060944241
-0.3,674,0.065074425,0.05712656,0.0079478644
-0.3,675,0.057030387,0.062936225,-0.0059058378
-0.3,676,0.092858791,0.084003406,0.0088553843
-0.3,677,0.021006946,0.027131004,-0.0061240586
-0.3,678,0.10496373,0.10408743,0.00087630047
-0.3,679,0.12104745,0.12032177,0.00072567953
-0.3,680,0.12907495,0.12918319,-0.00010824007
-0.3,681,0.065361966,0.071060341,-0.0056983746
-0.3,682,0.04985168,0.041288627,0.0085630522
-0.3,683,0.057774229,0.095875825,-0.038101596
-0.3,684,0.12331819,0.14487326,-0.021555075
-0.3,685,0.072323319,0.067651224,0.0046720946
-0.3,686,0.11717569,0.13301643,-0.01584074
-0.3,687,0.094334703,0.090373975,0.0039607278
-0.3,688,0.082222313,0.073756825,0.0084654882
-0.3,689,0.0091439536,0.01628049,-0.0071365364
-0.3,690,0.089319253,0.080354827,0.0089644256
-0.3,691,0.01346398,0.018089841,-0.0046258606
-0.3,692,0.043693973,0.034665486,0.0090284869
-0.3,693,0.022628383,0.016220721,0.0064076622
-0.3,694,0.034701578,0.028567516,0.0061340615
-0.3,695,0.11423863,0.10643783,0.0078007954
-0.3,696,0.089068371,0.080483761,0.0085846091
-0.3,697,0.12710738,0.12135515,0.0057522256
-0.3,698,0.0073205385,0.00013356543,0.0071869731
-0.3,699,0.099296856,0.098850948,0.0004459073
-0.3,700,0.10565161,0.098104555,0.0075470564
-0.3,701,0.14579581,0.15174812,-0.0059523104
-0.3,702,0.075292032,0.065390674,0.0099013579
-0.3,703,-0.0031434767,-0.010417731,0.0072742542
-0.3,704,0.15025523,0.17571654,-0.025461305
-0.3,705,0.067481884,0.058753949,0.0087279344
-0.3,706,0.080389377,0.073541217,0.0068481604
-0.3,707,0.050359787,0.043739486,0.0066203011
-0.3,708,-0.0063416134,-0.012657869,0.0063162557
-0.3,709,0.056686443,0.049454439,0.0072320032
-0.3,710,0.05086708,0.042905306,0.0079617737
-0.3,711,0.13973881,0.1309138,0.0088250045
-0.3,712,0.13498311,0.1280366,0.0069465043
-0.3,713,0.020714275,0.023731351,-0.0030170768
-0.3,714,0.057074211,0.050280898,0.006793313
-0.3,715,0.023408672,0.0176462,0.005762472
-0.3,716,0.086213305,0.078352767,0.0078605382
-0.3,717,0.07884378,0.072683604,0.0061601759
-0.3,718,0.055241783,0.055289262,-4.7479032e-05
-0.3,719,0.11261801,0.10784593,0.0047720844
-0.3,720,0.068561947,0.060666019,0.007895928
-0.3,721,0.054838592,0.056680267,-0.0018416743
-0.3,722,0.044093807,0.045200315,-0.0011065082
-0.3,723,0.057213334,0.063850319,-0.0066369847
-0.3,724,0.033277885,0.029466793,0.0038110918
-0.3,725,0.056976971,0.064032071,-0.0070551005
-0.3,726,-0.015480773,-0.023397395,0.0079166218
-0.3,727,0.016582942,0.0083863235,0.0081966183
-0.3,728,0.1478703,0.1432979,0.0045724003
-0.3,729,0.1223293,0.14124957,-0.018920271
-0.3,730,0.10187461,0.093833437,0.0080411738
-0.3,731,0.072573938,0.06558517,0.0069887678
-0.3,732,0.074477086,0.077651183,-0.0031740971
-0.3,733,0.044483933,0.053873429,-0.0093894963
-0.3,734,0.066815444,0.061478691,0.0053367534
-0.3,735,0.1071048,0.098921037,0.0081837623
-0.3,736,0.043170843,0.046047042,-0.002876199
-0.3,737,0.05481098,0.057120177,-0.0023091973
-0.3,738,0.07034619,0.077998291,-0.0076521002
-0.3,739,0.0061008098,0.0048071754,0.0012936345
-0.3,740,0.077372797,0.10131922,-0.023946427
-0.3,741,0.049066985,0.050524548,-0.0014575625
-0.3,742,0.057487916,0.049541605,0.0079463114
-0.3,743,0.12280697,0.11827945,0.004527517
-0.3,744,0.079036411,0.078888416,0.00014799459
-0.3,745,0.031977929,0.026527061,0.0054508681
-0.3,746,0.012581702,0.007738046,0.0048436565
-0.3,747,0.076054725,0.082935264,-0.0068805399
-0.3,748,0.060919109,0.054179208,0.0067399005
-0.3,749,0.037560151,0.032292318,0.0052678328
-0.3,750,0.09463913,0.086095676,0.0085434541
-0.3,751,0.071458485,0.067304501,0.004153984
-0.3,752,0.018058975,0.015604921,0.0024540542
-0.3,753,0.061360678,0.053108747,0.0082519309
-0.3,754,0.069608675,0.061132093,0.0084765819
-0.3,755,0.064940713,0.056284891,0.008655822
-0.3,756,0.10698811,0.13134661,-0.024358502
-0.3,757,0.04679121,0.049135104,-0.0023438935
-0.3,758,0.053334477,0.048864748,0.0044697287
-0.3,759,0.035833503,0.035979488,-0.00014598477
-0.3,760,0.082625434,0.073760489,0.0088649456
-0.3,761,0.060424632,0.06076147,-0.00033683803
-0.3,762,0.01832419,0.0094112339,0.0089129561
-0.3,763,0.027554132,0.025313599,0.0022405338
-0.3,764,0.081399048,0.074986749,0.0064122994
-0.3,765,0.1064773,0.098691942,0.0077853565
-0.3,766,0.074601371,0.066432032,0.0081693398
-0.3,767,0.086860675,0.087081522,-0.00022084652
-0.3,768,0.063940218,0.055513116,0.0084271016
-0.3,769,0.057539603,0.050236398,0.0073032045
-0.3,770,0.1046751,0.093356519,0.011318584
-0.3,771,0.076234758,0.066870537,0.0093642212
-0.3,772,0.010308898,0.012125118,-0.0018162198
-0.3,773,0.10002055,0.098315985,0.0017045653
-0.3,774,0.073900951,0.097936386,-0.024035435
-0.3,775,0.050458234,0.046411761,0.0040464736
-0.3,776,0.039673901,0.032372872,0.0073010297
-0.3,777,0.031915552,0.024418237,0.0074973149
-0.3,778,0.018052654,0.0095296909,0.0085229632
-0.3,779,0.047773419,0.048263988,-0.00049056905
-0.3,780,0.047398319,0.052260894,-0.0048625746
-0.3,781,0.087579541,0.079152095,0.0084274459
-0.3,782,0.034390812,0.029071755,0.0053190569
-0.3,783,0.062964295,0.056767622,0.0061966731
-0.3,784,-0.0016744738,0.012691397,-0.014365871
-0.3,785,0.058665393,0.050164008,0.0085013852
-0.3,786,0.12389495,0.12474114,-0.00084618371
-0.3,787,0.028279087,0.022838437,0.0054406498
-0.3,788,0.046188734,0.052019996,-0.0058312618
-0.3,789,0.032392974,0.025114586,0.0072783883
-0.3,790,0.056645705,0.050920333,0.0057253724
-0.3,791,0.091090761,0.10693555,-0.015844793
-0.3,792,0.085804655,0.078367746,0.0074369083
-0.3,793,0.079542298,0.070531044,0.009011254
-0.3,794,0.12845241,0.13441199,-0.0059595792
-0.3,795,0.076673011,0.075402831,0.00127018
-0.3,796,0.0027898587,-0.0062245466,0.0090144053
-0.3,797,0.089416713,0.090953524,-0.0015368107
-0.3,798,0.026942069,0.020649562,0.0062925074
-0.3,799,0.089971659,0.09202453,-0.0020528712
-0.3,800,0.11104178,0.10395462,0.007087154
-0.3,801,0.048833244,0.060305656,-0.011472413
-0.3,802,0.11123677,0.10322354,0.0080132295
-0.3,803,0.051621546,0.044827324,0.0067942222
-0.3,804,0.0033811279,-0.0010457517,0.0044268796
-0.3,805,0.080034803,0.076523978,0.003510825
-0.3,806,0.074177322,0.066004169,0.0081731523
-0.3,807,0.059180062,0.06978122,-0.010601158
-0.3,808,0.016909079,0.012197731,0.0047113486
-0.3,809,0.035809589,0.027697138,0.0081124509
-0.3,810,0.016529452,0.037265762,-0.02073631
-0.3,811,0.10172625,0.094122954,0.0076032933
-0.3,812,0.13662271,0.12697424,0.0096484634
-0.3,813,0.099449623,0.093649111,0.0058005118
-0.3,814,0.042096811,0.036225384,0.005871427
-0.3,815,0.089760739,0.085833212,0.0039275269
-0.3,816,0.044743559,0.040518214,0.0042253445
-0.3,817,0.067437918,0.065420244,0.0020176737
-0.3,818,0.078448855,0.078225686,0.00022316905
-0.3,819,0.050290192,0.042361849,0.0079283431
-0.3,820,0.10095751,0.10548565,-0.0045281438
-0.3,821,0.084733365,0.075929703,0.0088036621
-0.3,822,0.058971228,0.053648052,0.0053231759
-0.3,823,0.084684389,0.080133208,0.0045511809
-0.3,824,0.079542213,0.074199177,0.005343036
-0.3,825,0.025857029,0.017682324,0.0081747049
-0.3,826,0.070435883,0.062855906,0.0075799772
-0.3,827,-0.0033404348,-0.01041493,0.0070744947
-0.3,828,0.012023842,0.011186646,0.00083719599
-0.3,829,0.014965565,0.011149898,0.0038156662
-0.3,830,0.035577916,0.028181758,0.007396158
-0.3,831,0.063210897,0.062237227,0.00097367007
-0.3,832,0.055122528,0.046225687,0.0088968401
-0.3,833,0.033096219,0.027131064,0.0059651551
-0.3,834,0.11791533,0.11295415,0.0049611789
-0.3,835,0.065147825,0.061620586,0.0035272395
-0.3,836,0.072125106,0.078747784,-0.0066226782
-0.3,837,0.040569717,0.03350004,0.0070696768
-0.3,838,0.01964024,0.01916808,0.00047215922
-0.3,839,0.010649977,0.003317638,0.0073323389
-0.3,840,0.062606209,0.055034223,0.0075719857
-0.3,841,0.011428758,0.0036893398,0.0077394184
-0.3,842,0.079125755,0.077196083,0.0019296712
-0.3,843,0.071613836,0.060851971,0.010761865
-0.3,844,0.083163538,0.076954697,0.0062088412
-0.3,845,-0.0041389617,0.0015330278,-0.0056719895
-0.3,846,0.082720953,0.086709614,-0.0039886613
-0.3,847,0.011883626,0.0041673369,0.0077162887
-0.3,848,0.084443527,0.085330953,-0.00088742567
-0.3,849,0.034708753,0.026883301,0.0078254524
-0.3,850,0.093775137,0.10274197,-0.0089668364
-0.3,851,0.018562767,0.035050127,-0.016487361
-0.3,852,0.050375152,0.043041448,0.0073337032
-0.3,853,0.012451603,0.010503182,0.0019484208
-0.3,854,0.06126867,0.055790793,0.0054778774
-0.3,855,0.096769349,0.10003773,-0.0032683801
-0.3,856,0.0054879462,-0.0012873328,0.006775279
-0.3,857,0.047716262,0.039048527,0.0086677346
-0.3,858,0.013009178,0.0094851279,0.0035240496
-0.3,859,0.024082373,0.048970341,-0.024887967
-0.3,860,0.059998438,0.062388573,-0.0023901346
-0.3,861,0.046139715,0.050609025,-0.0044693102
-0.3,862,0.100131,0.11562851,-0.015497509
-0.3,863,0.038921115,0.030463524,0.0084575903
-0.3,864,0.12377488,0.11649084,0.0072840398
-0.3,865,0.10241055,0.094397882,0.0080126713
-0.3,866,0.044917312,0.039356396,0.0055609153
-0.3,867,-0.010027535,-0.017942714,0.0079151793
-0.3,868,0.046800965,0.047024831,-0.00022386658
-0.3,869,0.068575542,0.059268897,0.0093066449
-0.3,870,0.07038937,0.062744942,0.007644428
-0.3,871,-0.0063634327,-0.0035777175,-0.0027857152
-0.3,872,0.11563165,0.13064619,-0.015014545
-0.3,873,0.10254641,0.10135127,0.0011951406
-0.3,874,0.08032724,0.075121127,0.0052061129
-0.3,875,0.13323214,0.12612807,0.0071040709
-0.3,876,0.056204563,0.064021688,-0.0078171253
-0.3,877,0.057572357,0.061331116,-0.0037587585
-0.3,878,0.057744182,0.050959368,0.0067848147
-0.3,879,0.051209433,0.042329297,0.0088801365
-0.3,880,-0.023012717,-0.025446179,0.0024334626
-0.3,881,-0.0035073807,0.001086765,-0.0045941457
-0.3,882,-0.012519051,-0.021092587,0.0085735356
-0.3,883,0.056262629,0.052539955,0.0037226734
-0.3,884,0.088043581,0.080843779,0.0071998021
-0.3,885,0.081147955,0.072549587,0.008598368
-0.3,886,0.03968768,0.031437998,0.0082496818
-0.3,887,0.073965913,0.065388983,0.0085769302
-0.3,888,0.06337776,0.085784295,-0.022406535
-0.3,889,0.068866551,0.062973095,0.0058934557
-0.3,890,0.10294718,0.096629173,0.0063180111
-0.3,891,0.065225828,0.058539666,0.0066861623
-0.3,892,0.15627057,0.15043426,0.0058363059
-0.3,893,0.12322024,0.114397,0.0088232384
-0.3,894,0.020517884,0.017865539,0.002652345
-0.3,895,0.074108916,0.069529229,0.0045796872
-0.3,896,0.043483282,0.04736407,-0.0038807878
-0.3,897,0.073150867,0.067976757,0.0051741099
-0.3,898,0.090622287,0.094046836,-0.0034245485
-0.3,899,0.040969461,0.032308748,0.0086607131
-0.3,900,0.02393025,0.01581401,0.0081162394
-0.3,901,0.038595195,0.056552251,-0.017957056
-0.3,902,0.066321631,0.068505465,-0.0021838337
-0.3,903,0.062621508,0.060621713,0.0019997954
-0.3,904,0.073080585,0.10905205,-0.03597147
-0.3,905,0.051807956,0.050171775,0.0016361807
-0.3,906,0.04968518,0.043411038,0.006274142
-0.3,907,0.09262182,0.08943342,0.0031884006
-0.3,908,-0.0069279822,-0.014192882,0.0072648997
-0.3,909,0.065709744,0.092688798,-0.026979054
-0.3,910,0.078941825,0.070398169,0.0085436557
-0.3,911,0.072206478,0.085090432,-0.012883955
-0.3,912,0.12108475,0.1116144,0.0094703464
-0.3,913,8.3744782e-05,-0.007416191,0.0074999358
-0.3,914,0.0429996,0.041910198,0.0010894018
-0.3,915,0.058348451,0.049980104,0.0083683469
-0.3,916,0.075369473,0.079794512,-0.0044250395
-0.3,917,0.025722087,0.016632264,0.0090898229
-0.3,918,0.027972132,0.043850797,-0.015878664
-0.3,919,0.090326721,0.083109939,0.0072167819
-0.3,920,-0.011052968,-0.019039379,0.0079864116
-0.3,921,0.01565153,0.010063953,0.0055875771
-0.3,922,0.067081397,0.057724328,0.0093570696
-0.3,923,0.091182536,0.084155744,0.0070267921
-0.3,924,0.038930863,0.040390742,-0.0014598791
-0.3,925,-0.020806567,-0.026193469,0.0053869019
-0.3,926,0.067006814,0.069258255,-0.0022514411
-0.3,927,0.06366207,0.05557392,0.0080881502
-0.3,928,0.049274674,0.043715669,0.0055590049
-0.3,929,0.087803219,0.078630569,0.0091726498
-0.3,930,0.058339464,0.052229336,0.0061101281
-0.3,931,0.088781097,0.084196151,0.0045849464
-0.3,932,0.00052636028,0.019252207,-0.018725847
-0.3,933,0.0051407481,-0.003636535,0.008777283
-0.3,934,0.058658704,0.050676812,0.0079818919
-0.3,935,0.12639045,0.11833763,0.0080528228
-0.3,936,0.023581666,0.015526089,0.0080555766
-0.3,937,0.077323831,0.076628585,0.00069524694
-0.3,938,0.060271558,0.05749932,0.0027722383
-0.3,939,0.11236645,0.12072164,-0.0083551926
-0.3,940,0.16514359,0.17823414,-0.013090555
-0.3,941,0.10252108,0.094656203,0.0078648807
-0.3,942,0.082207995,0.098773104,-0.016565109
-0.3,943,0.052863316,0.044928317,0.0079349987
-0.3,944,-0.0013910773,-0.0098446262,0.0084535489
-0.3,945,0.045304938,0.037251792,0.0080531458
-0.3,946,0.11399731,0.10399117,0.010006144
-0.3,947,0.036876838,0.036869688,7.1501134e-06
-0.3,948,0.12572494,0.11703457,0.0086903763
-0.3,949,0.085400599,0.077434059,0.0079665397
-0.3,950,0.071704234,0.064761423,0.0069428113
-0.3,951,0.086769491,0.085116267,0.0016532238
-0.3,952,0.066426503,0.076748578,-0.010322074
-0.3,953,0.084562031,0.077776637,0.0067853941
-0.3,954,0.072593906,0.067426936,0.0051669693
-0.3,955,0.052099177,0.051692635,0.00040654165
-0.3,956,0.049006716,0.066903173,-0.017896458
-0.3,957,0.044725709,0.068470476,-0.023744767
-0.3,958,0.017302871,0.017735234,-0.00043236301
-0.3,959,0.023382022,0.029354836,-0.0059728148
-0.3,960,0.090952546,0.093437968,-0.0024854217
-0.3,961,0.044377041,0.043478763,0.00089827823
-0.3,962,0.12485902,0.13998696,-0.015127944
-0.3,963,0.051572005,0.043982839,0.0075891661
-0.3,964,0.069705314,0.072721478,-0.0030161642
-0.3,965,0.051958328,0.043742919,0.0082154093
-0.3,966,0.096798919,0.10214911,-0.0053501907
-0.3,967,0.035650236,0.028085451,0.007564785
-0.3,968,0.060821398,0.074391885,-0.013570487
-0.3,969,0.024914005,0.019593418,0.0053205869
-0.3,970,0.070118163,0.061325553,0.0087926098
-0.3,971,0.050079888,0.040226224,0.0098536645
-0.3,972,0.01401965,0.0087705673,0.0052490826
-0.3,973,0.064915796,0.06202988,0.002885916
-0.3,974,0.025175977,0.026762316,-0.0015863388
-0.3,975,0.086942112,0.078381681,0.0085604303
-0.3,976,0.063354214,0.05513562,0.0082185939
-0.3,977,0.089576834,0.081736171,0.0078406631
-0.3,978,0.089275305,0.1189056,-0.029630291
-0.3,979,0.033592883,0.025753141,0.0078397415
-0.3,980,0.025670806,0.03694434,-0.011273534
-0.3,981,0.090880401,0.08991626,0.0009641407
-0.3,982,0.13423374,0.13046525,0.0037684942
-0.3,983,0.044432654,0.040141182,0.0042914718
-0.3,984,0.028711835,0.033408348,-0.0046965125
-0.3,985,-0.0045537402,0.000665111,-0.0052188512
-0.3,986,0.03778362,0.029170778,0.0086128413
-0.3,987,0.067997927,0.060032498,0.0079654287
-0.3,988,0.081190618,0.07544348,0.0057471381
-0.3,989,0.040620737,0.032696017,0.0079247209
-0.3,990,0.047290269,0.057415154,-0.010124885
-0.3,991,0.00091849308,-0.0066440971,0.0075625902
-0.3,992,0.025421578,0.02402337,0.0013982075
-0.3,993,0.064232749,0.067734519,-0.0035017701
-0.3,994,-0.0079947038,-0.0059498705,-0.0020448333
-0.3,995,0.09746504,0.10486111,-0.0073960666
-0.3,996,0.091182933,0.10151251,-0.010329572
-0.3,997,0.092021519,0.088524943,0.0034965757
-0.3,998,0.055073214,0.047719664,0.0073535499
-0.3,999,0.030234147,0.022066219,0.0081679273
-0.2,0,0.046870919,0.038776326,0.0080945931
-0.2,1,0.068117638,0.061685548,0.0064320895
-0.2,2,0.0056171554,0.0010646268,0.0045525285
-0.2,3,0.053917482,0.047024017,0.006893465
-0.2,4,0.031892644,0.032121243,-0.00022859931
-0.2,5,0.0055844348,0.0012023615,0.0043820733
-0.2,6,0.030426169,0.036676349,-0.0062501796
-0.2,7,0.10496947,0.12227083,-0.017301364
-0.2,8,0.0579154,0.058066866,-0.00015146526
-0.2,9,0.028760132,0.021335062,0.0074250706
-0.2,10,0.041850505,0.06081859,-0.018968085
-0.2,11,0.060685105,0.055819824,0.004865281
-0.2,12,0.069515111,0.067249834,0.0022652762
-0.2,13,0.092350328,0.08389099,0.0084593373
-0.2,14,0.039027347,0.031433339,0.0075940087
-0.2,15,0.029322316,0.024482873,0.004839443
-0.2,16,0.087004032,0.077194529,0.0098095035
-0.2,17,0.077452574,0.068103829,0.0093487451
-0.2,18,0.035380783,0.053916462,-0.01853568
-0.2,19,0.059179942,0.07097968,-0.011799738
-0.2,20,0.10724255,0.11590881,-0.0086662604
-0.2,21,0.072237769,0.064474725,0.0077630444
-0.2,22,0.12610431,0.11902219,0.0070821116
-0.2,23,0.11324524,0.12027842,-0.007033172
-0.2,24,0.047566632,0.044563576,0.0030030558
-0.2,25,-0.0093983734,0.0080104474,-0.017408821
-0.2,26,0.031103032,0.026474831,0.0046282011
-0.2,27,0.0387067,0.031297718,0.007408982
-0.2,28,0.11374673,0.1046038,0.0091429352
-0.2,29,0.015263888,0.0080532116,0.0072106766
-0.2,30,-0.015222676,0.0092261226,-0.024448799
-0.2,31,0.037952316,0.030792739,0.0071595769
-0.2,32,0.035508355,0.046738372,-0.011230017
-0.2,33,0.040068497,0.03563577,0.0044327271
-0.2,34,0.100558,0.10538712,-0.004829123
-0.2,35,0.088785502,0.082961556,0.0058239453
-0.2,36,0.079188594,0.071984046,0.0072045481
-0.2,37,0.084793159,0.07757943,0.0072137285
-0.2,38,0.13674932,0.1555513,-0.018801978
-0.2,39,0.061466635,0.076591338,-0.015124703
-0.2,40,0.076056497,0.077735566,-0.0016790691
-0.2,41,0.039258098,0.03591431,0.0033437877
-0.2,42,0.11252723,0.10783615,0.0046910822
-0.2,43,0.052891231,0.050325068,0.0025661626
-0.2,44,0.1013188,0.095953159,0.0053656434
-0.2,45,0.034164766,0.045550253,-0.011385487
-0.2,46,0.050100415,0.051397612,-0.0012971969
-0.2,47,0.07684489,0.067939454,0.0089054357
-0.2,48,0.033381524,0.028790818,0.0045907066
-0.2,49,0.03354864,0.029360738,0.0041879025
-0.2,50,0.058232086,0.060338712,-0.0021066267
-0.2,51,0.051175283,0.044930773,0.0062445102
-0.2,52,0.014472645,0.011883984,0.0025886613
-0.2,53,0.12099836,0.12234829,-0.0013499254
-0.2,54,0.076158092,0.069756304,0.0064017882
-0.2,55,0.017732066,0.013677265,0.0040548018
-0.2,56,0.03954815,0.050812315,-0.011264165
-0.2,57,0.10774271,0.10012892,0.0076137912
-0.2,58,0.096994013,0.10437804,-0.0073840226
-0.2,59,0.035690566,0.048353542,-0.012662976
-0.2,60,0.081214534,0.073295496,0.0079190372
-0.2,61,0.059229587,0.055196687,0.0040328996
-0.2,62,0.089241291,0.082011895,0.0072293958
-0.2,63,0.050954248,0.047510976,0.0034432725
-0.2,64,0.099606622,0.090648585,0.0089580374
-0.2,65,0.014393226,0.0093236471,0.0050695791
-0.2,66,0.083442055,0.081699466,0.0017425892
-0.2,67,0.054204009,0.044848917,0.0093550916
-0.2,68,0.0618282,0.052331791,0.0094964088
-0.2,69,0.10082423,0.091854837,0.008969392
-0.2,70,0.072201721,0.073629094,-0.001427373
-0.2,71,0.052308212,0.047089555,0.0052186564
-0.2,72,0.083311536,0.075014737,0.0082967993
-0.2,73,0.074216479,0.072169522,0.0020469569
-0.2,74,0.032226057,0.025725729,0.0065003287
-0.2,75,0.028780912,0.023288596,0.0054923152
-0.2,76,0.094526206,0.087865958,0.0066602481
-0.2,77,0.15340955,0.15421658,-0.00080702932
-0.2,78,0.10280607,0.093196898,0.0096091741
-0.2,79,0.11757732,0.13011585,-0.012538535
-0.2,80,0.012529309,0.0052390394,0.0072902695
-0.2,81,0.096358414,0.11513473,-0.018776313
-0.2,82,0.012516875,0.011413841,0.0011030338
-0.2,83,0.061583203,0.057282903,0.0043002996
-0.2,84,0.0384456,0.038134313,0.00031128693
-0.2,85,0.095581358,0.089352519,0.0062288391
-0.2,86,0.075139609,0.076682475,-0.0015428661
-0.2,87,0.11049973,0.1217864,-0.011286673
-0.2,88,0.0218945,0.018229847,0.003664653
-0.2,89,0.0641013,0.064199984,-9.868359e-05
-0.2,90,0.049213229,0.040760065,0.0084531643
-0.2,91,0.050343911,0.043167389,0.0071765223
-0.2,92,0.021890329,0.024851435,-0.0029611059
-0.2,93,0.062047868,0.059616268,0.0024315998
-0.2,94,0.081202162,0.11365852,-0.032456361
-0.2,95,0.027633166,0.032966227,-0.0053330611
-0.2,96,0.048067978,0.042660368,0.0054076096
-0.2,97,0.04714691,0.048580991,-0.0014340807
-0.2,98,0.054049954,0.055451672,-0.0014017178
-0.2,99,0.077901008,0.071690618,0.0062103909
-0.2,100,0.083533434,0.079720926,0.0038125078
-0.2,101,0.071104976,0.11462797,-0.043522995
-0.2,102,0.034411827,0.02730592,0.0071059074
-0.2,103,0.047985365,0.041143874,0.0068414911
-0.2,104,0.073288565,0.06622957,0.0070589955
-0.2,105,0.096014117,0.08895677,0.0070573473
-0.2,106,0.075544603,0.070601476,0.0049431268
-0.2,107,0.083217297,0.080835621,0.0023816754
-0.2,108,-0.002318165,0.054841666,-0.057159831
-0.2,109,0.15144543,0.14485329,0.006592135
-0.2,110,0.073761197,0.06692009,0.0068411066
-0.2,111,0.087412127,0.084452559,0.0029595688
-0.2,112,0.042488406,0.040339442,0.0021489643
-0.2,113,0.12115396,0.1134058,0.0077481614
-0.2,114,0.10441723,0.095392018,0.0090252084
-0.2,115,0.11086428,0.10539943,0.0054648449
-0.2,116,0.090198528,0.081852366,0.0083461624
-0.2,117,0.018859422,0.036370719,-0.017511297
-0.2,118,0.018829691,0.0085523705,0.01027732
-0.2,119,0.04208903,0.038564795,0.0035242352
-0.2,120,0.049285222,0.041657257,0.0076279653
-0.2,121,0.0015157034,-0.0014557341,0.0029714375
-0.2,122,0.063477213,0.064838461,-0.0013612483
-0.2,123,0.043587862,0.052880004,-0.0092921417
-0.2,124,0.059794441,0.053265982,0.0065284583
-0.2,125,0.051445421,0.044141343,0.007304078
-0.2,126,0.1039122,0.1007852,0.0031270046
-0.2,127,0.091083897,0.10369799,-0.012614094
-0.2,128,0.10636801,0.11663029,-0.010262283
-0.2,129,-0.041302059,-0.048060837,0.0067587776
-0.2,130,0.12681034,0.14725658,-0.02044624
-0.2,131,0.062397143,0.054954594,0.007442549
-0.2,132,0.067589848,0.076854534,-0.0092646863
-0.2,133,0.10018122,0.08976265,0.010418568
-0.2,134,0.11582603,0.10669306,0.0091329712
-0.2,135,0.073074103,0.066792153,0.0062819501
-0.2,136,0.026887829,0.029578743,-0.0026909138
-0.2,137,0.026928466,0.017571753,0.009356713
-0.2,138,0.12647046,0.16356796,-0.037097495
-0.2,139,0.09685245,0.090009199,0.0068432504
-0.2,140,0.088037237,0.089901557,-0.0018643198
-0.2,141,0.054974619,0.058892138,-0.0039175188
-0.2,142,0.048393157,0.072159807,-0.02376665
-0.2,143,0.053018587,0.076982693,-0.023964106
-0.2,144,0.053773648,0.044244197,0.0095294504
-0.2,145,0.1236242,0.11630672,0.0073174756
-0.2,146,0.071507477,0.073240913,-0.0017334361
-0.2,147,0.059666769,0.052982818,0.0066839514
-0.2,148,0.090390902,0.088814429,0.0015764727
-0.2,149,0.07268107,0.06582709,0.0068539803
-0.2,150,0.096696558,0.087833173,0.0088633845
-0.2,151,0.082495938,0.074010418,0.0084855199
-0.2,152,0.056297414,0.058749989,-0.0024525751
-0.2,153,-0.037854157,-0.044829901,0.0069757447
-0.2,154,0.052237774,0.063159035,-0.01092126
-0.2,155,0.062983912,0.053858553,0.0091253592
-0.2,156,0.047449178,0.047138131,0.00031104707
-0.2,157,0.11589434,0.11024951,0.0056448256
-0.2,158,0.055636519,0.054509131,0.0011273882
-0.2,159,0.04416486,0.049934432,-0.0057695727
-0.2,160,0.031976379,0.033060103,-0.0010837238
-0.2,161,0.10951427,0.10246403,0.0070502411
-0.2,162,-0.025517393,-0.027347168,0.0018297751
-0.2,163,-0.003081596,0.0087874533,-0.011869049
-0.2,164,0.031162473,0.031197628,-3.5155345e-05
-0.2,165,0.062067823,0.059723714,0.0023441098
-0.2,166,0.081980855,0.073244534,0.0087363207
-0.2,167,0.054404084,0.046963341,0.0074407428
-0.2,168,0.12589872,0.12163904,0.0042596802
-0.2,169,0.0049403462,-8.7428178e-05,0.0050277744
-0.2,170,0.061669935,0.053949994,0.0077199409
-0.2,171,0.11336464,0.13727393,-0.02390929
-0.2,172,0.076923458,0.068693796,0.0082296621
-0.2,173,0.086017041,0.09190164,-0.0058845996
-0.2,174,0.093724209,0.087640425,0.0060837838
-0.2,175,0.053201239,0.043923989,0.0092772499
-0.2,176,0.13417092,0.12543562,0.0087353007
-0.2,177,0.087141137,0.086528619,0.00061251875
-0.2,178,0.085246939,0.081137218,0.0041097206
-0.2,179,0.057283329,0.048647282,0.0086360465
-0.2,180,0.049841527,0.04143863,0.0084028969
-0.2,181,0.048791529,0.044467938,0.0043235912
-0.2,182,0.13969431,0.12892358,0.010770733
-0.2,183,0.049046038,0.049151694,-0.0001056559
-0.2,184,0.074623962,0.066830668,0.0077932937
-0.2,185,0.05849074,0.058775648,-0.00028490818
-0.2,186,0.089085918,0.12337484,-0.034288924
-0.2,187,0.11056557,0.10132664,0.0092389307
-0.2,188,0.13804692,0.12970746,0.0083394617
-0.2,189,0.015723804,0.024039402,-0.0083155973
-0.2,190,0.11380124,0.10426274,0.0095384993
-0.2,191,0.062697165,0.073172555,-0.01047539
-0.2,192,0.031233598,0.024986736,0.0062468622
-0.2,193,0.13897272,0.13364717,0.0053255508
-0.2,194,0.054525585,0.045474719,0.0090508657
-0.2,195,0.094206323,0.086380195,0.0078261285
-0.2,196,0.066078659,0.057560741,0.0085179182
-0.2,197,0.056527182,0.047759464,0.0087677181
-0.2,198,0.061351459,0.058615913,0.0027355462
-0.2,199,0.1249339,0.13906163,-0.014127732
-0.2,200,-0.029501202,-0.030490417,0.00098921529
-0.2,201,0.052515996,0.065016403,-0.012500407
-0.2,202,0.068001639,0.10778147,-0.039779828
-0.2,203,0.036749757,0.028553802,0.0081959555
-0.2,204,0.075167598,0.066364661,0.0088029365
-0.2,205,0.076253913,0.072090068,0.0041638452
-0.2,206,0.050538308,0.047288914,0.0032493946
-0.2,207,0.056594082,0.048336037,0.0082580454
-0.2,208,0.056233243,0.065177145,-0.0089439021
-0.2,209,0.071480161,0.066132325,0.0053478354
-0.2,210,0.059989375,0.05676981,0.0032195656
-0.2,211,0.088300927,0.08023491,0.0080660167
-0.2,212,0.014483904,0.0080451723,0.0064387313
-0.2,213,0.054681147,0.055673519,-0.00099237236
-0.2,214,0.033786083,0.050576491,-0.016790407
-0.2,215,-0.011083495,-0.011632015,0.00054852024
-0.2,216,0.11362159,0.12350569,-0.0098841057
-0.2,217,-0.0046850457,-0.0058442657,0.0011592199
-0.2,218,0.090346583,0.082930581,0.0074160023
-0.2,219,0.051165397,0.043926165,0.0072392318
-0.2,220,0.079448196,0.080247082,-0.00079888577
-0.2,221,0.068718758,0.06028855,0.0084302078
-0.2,222,0.063650267,0.059154703,0.0044955641
-0.2,223,0.045608751,0.053414214,-0.0078054633
-0.2,224,0.11508684,0.10792997,0.0071568738
-0.2,225,0.084719428,0.076437814,0.0082816141
-0.2,226,0.061791745,0.054328779,0.0074629656
-0.2,227,0.10123254,0.10418107,-0.002948529
-0.2,228,0.029105409,0.022647031,0.0064583782
-0.2,229,0.075967114,0.069806001,0.0061611136
-0.2,230,0.11240147,0.11045321,0.0019482637
-0.2,231,0.040886713,0.038796574,0.0020901394
-0.2,232,0.011393511,0.0030785943,0.0083149169
-0.2,233,-0.016932705,-0.018253152,0.0013204463
-0.2,234,0.030658415,0.027009987,0.0036484287
-0.2,235,0.094504054,0.086202869,0.0083011853
-0.2,236,0.09661673,0.096716293,-9.9562738e-05
-0.2,237,0.046097692,0.040303409,0.0057942828
-0.2,238,0.090881357,0.088757457,0.0021238996
-0.2,239,0.047349894,0.046590922,0.00075897192
-0.2,240,0.080821732,0.073076179,0.0077455534
-0.2,241,0.070786786,0.063991368,0.0067954186
-0.2,242,0.015764868,0.0088406868,0.0069241809
-0.2,243,0.017547726,0.026259871,-0.0087121452
-0.2,244,0.053946574,0.077079816,-0.023133241
-0.2,245,0.023173133,0.019654712,0.0035184211
-0.2,246,-0.0077210737,-0.0159374,0.008216326
-0.2,247,0.016312967,0.0087416354,0.0075713312
-0.2,248,0.078568242,0.090031626,-0.011463384
-0.2,249,0.043295902,0.044337027,-0.0010411244
-0.2,250,0.090652948,0.086697401,0.0039555462
-0.2,251,0.072059927,0.065903677,0.0061562507
-0.2,252,0.090773378,0.092496812,-0.0017234337
-0.2,253,0.055971053,0.057803096,-0.0018320432
-0.2,254,0.109891,0.10590858,0.0039824232
-0.2,255,0.044486366,0.053423915,-0.0089375491
-0.2,256,0.019960531,0.011485912,0.0084746188
-0.2,257,0.011519267,0.012750857,-0.0012315898
-0.2,258,0.027895047,0.019975481,0.0079195659
-0.2,259,-0.016931692,-0.019766365,0.0028346732
-0.2,260,0.047471522,0.041025701,0.0064458207
-0.2,261,0.041870322,0.037232789,0.0046375333
-0.2,262,0.045217522,0.036860853,0.0083566692
-0.2,263,0.075231186,0.073573936,0.0016572505
-0.2,264,0.084653625,0.082277344,0.0023762814
-0.2,265,0.032517054,0.065580389,-0.033063335
-0.2,266,0.047428684,0.039512333,0.0079163501
-0.2,267,0.016323583,0.016910069,-0.00058648634
-0.2,268,0.036540087,0.041445393,-0.0049053059
-0.2,269,0.012339969,0.0054260322,0.0069139369
-0.2,270,0.031333793,0.024808319,0.0065254742
-0.2,271,0.077544377,0.071394734,0.0061496427
-0.2,272,0.037958745,0.031081204,0.0068775407
-0.2,273,0.053796873,0.06340852,-0.0096116467
-0.2,274,0.058468598,0.051484271,0.0069843265
-0.2,275,0.044074196,0.035445001,0.0086291944
-0.2,276,0.082321925,0.084634352,-0.0023124264
-0.2,277,0.082208194,0.073758408,0.008449786
-0.2,278,0.073207783,0.063998186,0.0092095962
-0.2,279,0.035990363,0.065593235,-0.029602872
-0.2,280,0.048323491,0.067636246,-0.019312755
-0.2,281,0.022633182,0.019126967,0.0035062155
-0.2,282,0.065620243,0.082931375,-0.017311132
-0.2,283,0.043940826,0.037346438,0.006594388
-0.2,284,0.053891856,0.048768915,0.0051229413
-0.2,285,0.097701607,0.095324904,0.002376704
-0.2,286,0.049782202,0.044932837,0.0048493652
-0.2,287,0.054932176,0.06312222,-0.0081900442
-0.2,288,0.046955418,0.040123063,0.0068323548
-0.2,289,0.10744573,0.10544058,0.0020051529
-0.2,290,0.050359841,0.044924402,0.0054354389
-0.2,291,0.068797548,0.066077659,0.0027198892
-0.2,292,0.064621895,0.072280996,-0.0076591007
-0.2,293,0.072217091,0.089438767,-0.017221676
-0.2,294,0.044039396,0.060592827,-0.016553432
-0.2,295,0.090394941,0.081946714,0.0084482264
-0.2,296,0.040983538,0.04312082,-0.0021372825
-0.2,297,0.042710939,0.037142112,0.005568827
-0.2,298,0.12682164,0.12482317,0.0019984716
-0.2,299,0.10188629,0.10811842,-0.0062321216
-0.2,300,0.065773293,0.085391352,-0.019618059
-0.2,301,0.037719517,0.028301341,0.0094181756
-0.2,302,0.025138138,0.019214672,0.0059234663
-0.2,303,0.088050562,0.11326284,-0.025212278
-0.2,304,0.03950623,0.039179554,0.00032667573
-0.2,305,0.052646696,0.048443277,0.0042034192
-0.2,306,0.038204647,0.028667569,0.009537078
-0.2,307,0.07030855,0.063244429,0.0070641212
-0.2,308,0.067338829,0.057830292,0.009508537
-0.2,309,0.057198158,0.074028381,-0.016830223
-0.2,310,0.13050867,0.13333077,-0.0028221032
-0.2,311,0.075397776,0.073595826,0.0018019502
-0.2,312,-0.0059398293,-0.013560858,0.0076210292
-0.2,313,0.043146837,0.048417296,-0.0052704593
-0.2,314,0.049250808,0.053191105,-0.003940297
-0.2,315,0.08557803,0.087039378,-0.0014613483
-0.2,316,0.090367535,0.081080465,0.0092870703
-0.2,317,0.14334263,0.14111793,0.0022246983
-0.2,318,0.070320759,0.082045197,-0.011724439
-0.2,319,0.096830061,0.088893249,0.0079368122
-0.2,320,0.044233357,0.034752246,0.0094811104
-0.2,321,0.1232984,0.11328137,0.010017031
-0.2,322,0.055861001,0.060101821,-0.0042408194
-0.2,323,0.081021826,0.072686524,0.008335302
-0.2,324,0.045630463,0.060365541,-0.014735079
-0.2,325,-0.020701806,-0.017534726,-0.0031670799
-0.2,326,0.022770083,0.050798402,-0.02802832
-0.2,327,0.089343881,0.082675731,0.00666815
-0.2,328,0.045192969,0.035751079,0.0094418906
-0.2,329,0.071562942,0.068539366,0.0030235755
-0.2,330,0.031315495,0.038744866,-0.0074293708
-0.2,331,0.13410659,0.12567182,0.0084347695
-0.2,332,0.071443633,0.12869628,-0.057252642
-0.2,333,0.057637781,0.056690228,0.00094755337
-0.2,334,0.024644771,0.017653342,0.0069914289
-0.2,335,0.08472672,0.084024802,0.00070191786
-0.2,336,0.063884056,0.074107514,-0.010223459
-0.2,337,0.10265406,0.096617245,0.0060368112
-0.2,338,0.070959306,0.063167304,0.0077920016
-0.2,339,0.04786694,0.040995143,0.0068717966
-0.2,340,0.10806617,0.10337897,0.0046871943
-0.2,341,0.035445439,0.026550508,0.0088949306
-0.2,342,0.083891044,0.085027617,-0.0011365735
-0.2,343,0.065400129,0.079701624,-0.014301496
-0.2,344,0.062596829,0.061255802,0.0013410266
-0.2,345,0.1021671,0.099781817,0.0023852839
-0.2,346,0.078155723,0.070820554,0.0073351683
-0.2,347,0.085804631,0.078825946,0.0069786847
-0.2,348,0.11886219,0.11454041,0.0043217829
-0.2,349,0.030755367,0.025593693,0.0051616738
-0.2,350,0.088387178,0.084047316,0.0043398627
-0.2,351,0.049598991,0.05516236,-0.0055633688
-0.2,352,0.032845977,0.025070092,0.0077758849
-0.2,353,0.024444618,0.017043801,0.0074008173
-0.2,354,-0.013967945,-0.020027444,0.0060594984
-0.2,355,0.053414637,0.044859166,0.0085554712
-0.2,356,0.047665115,0.041501594,0.0061635209
-0.2,357,0.063574179,0.064313499,-0.00073932029
-0.2,358,0.080396467,0.071295287,0.00910118
-0.2,359,0.082254574,0.086875317,-0.0046207432
-0.2,360,0.10771212,0.1567074,-0.048995283
-0.2,361,0.12123893,0.11428231,0.0069566231
-0.2,362,0.1132709,0.11285385,0.0004170496
-0.2,363,0.035354669,0.026300444,0.0090542255
-0.2,364,0.07408449,0.086113375,-0.012028885
-0.2,365,0.081777585,0.075252152,0.0065254325
-0.2,366,0.07952879,0.070928159,0.008600631
-0.2,367,0.096906023,0.092189773,0.0047162502
-0.2,368,-0.013788682,-0.021205331,0.0074166494
-0.2,369,0.048177129,0.039768237,0.0084088924
-0.2,370,0.083137356,0.098956817,-0.015819462
-0.2,371,0.043776991,0.037873634,0.0059033571
-0.2,372,0.064862322,0.07649913,-0.011636808
-0.2,373,0.0766987,0.067055234,0.0096434658
-0.2,374,0.06910177,0.061005809,0.0080959613
-0.2,375,0.0010973374,-0.0041458712,0.0052432086
-0.2,376,0.044745334,0.035977683,0.0087676514
-0.2,377,0.12183935,0.11408149,0.007757865
-0.2,378,0.076699423,0.091781037,-0.015081614
-0.2,379,0.094426297,0.12507977,-0.030653469
-0.2,380,0.029073677,0.022418964,0.0066547125
-0.2,381,0.054244215,0.04645249,0.0077917252
-0.2,382,0.034060956,0.04033724,-0.0062762838
-0.2,383,0.059441223,0.052437977,0.0070032457
-0.2,384,0.10382027,0.11275223,-0.0089319573
-0.2,385,0.11782323,0.10923499,0.0085882478
-0.2,386,0.029453782,0.021325403,0.0081283791
-0.2,387,0.062415848,0.067167311,-0.0047514632
-0.2,388,0.053449772,0.0534115,3.8272595e-05
-0.2,389,0.0459156,0.03769335,0.0082222503
-0.2,390,0.11946504,0.11302219,0.006442854
-0.2,391,0.076583968,0.081207576,-0.0046236073
-0.2,392,0.1054137,0.095287631,0.010126072
-0.2,393,0.068851783,0.062783996,0.0060677871
-0.2,394,-0.037691002,-0.01776983,-0.019921172
-0.2,395,0.080544063,0.071976707,0.0085673554
-0.2,396,0.0093268915,0.01211691,-0.0027900187
-0.2,397,0.10465222,0.095986928,0.0086652893
-0.2,398,0.048809151,0.042102135,0.006707016
-0.2,399,0.026368861,0.023438236,0.002930625
-0.2,400,0.014819243,0.04612738,-0.031308137
-0.2,401,0.0093186428,0.0033169789,0.006001664
-0.2,402,0.037513122,0.033159561,0.0043535612
-0.2,403,0.14664088,0.16661414,-0.01997326
-0.2,404,0.078346962,0.070711366,0.0076355962
-0.2,405,0.11078262,0.10634907,0.0044335514
-0.2,406,0.036562669,0.028233482,0.0083291865
-0.2,407,0.067011145,0.058839442,0.0081717034
-0.2,408,0.051587713,0.06610214,-0.014514428
-0.2,409,0.073060613,0.1066226,-0.033561987
-0.2,410,0.050868881,0.042691292,0.0081775893
-0.2,411,0.067331575,0.061364281,0.005967294
-0.2,412,-0.050764096,-0.059058684,0.0082945877
-0.2,413,0.031097641,0.026237024,0.0048606169
-0.2,414,0.080962008,0.080148298,0.00081370994
-0.2,415,0.10303927,0.098182007,0.0048572655
-0.2,416,0.054524835,0.071396915,-0.01687208
-0.2,417,0.049795117,0.043998929,0.0057961883
-0.2,418,0.088429983,0.087288737,0.0011412461
-0.2,419,0.039102686,0.040805168,-0.0017024818
-0.2,420,0.050864446,0.04536591,0.0054985355
-0.2,421,0.065855147,0.062776523,0.003078624
-0.2,422,0.050350222,0.043899847,0.0064503744
-0.2,423,0.0083068972,0.0085275874,-0.00022069023
-0.2,424,0.044816973,0.048094601,-0.0032776285
-0.2,425,0.05783325,0.066811239,-0.0089779889
-0.2,426,0.032287685,0.027027493,0.0052601922
-0.2,427,0.058204763,0.054814858,0.0033899057
-0.2,428,0.043083354,0.042502471,0.00058088343
-0.2,429,0.069125355,0.066408151,0.0027172039
-0.2,430,0.10087017,0.096182984,0.0046871895
-0.2,431,0.058039598,0.054967944,0.0030716533
-0.2,432,0.046821404,0.038768018,0.0080533856
-0.2,433,0.046870289,0.042063369,0.0048069194
-0.2,434,0.059236236,0.074592465,-0.015356229
-0.2,435,0.082576301,0.0755425,0.0070338016
-0.2,436,0.0068742117,0.0029701755,0.0039040363
-0.2,437,0.021431625,0.021740955,-0.0003093296
-0.2,438,0.099052391,0.090791691,0.0082607002
-0.2,439,0.096889003,0.088469451,0.0084195517
-0.2,440,0.077021467,0.069624684,0.0073967825
-0.2,441,0.078885205,0.076984625,0.0019005796
-0.2,442,0.14568241,0.14814723,-0.0024648187
-0.2,443,0.086210491,0.11659964,-0.030389148
-0.2,444,0.022753252,0.015330998,0.0074222535
-0.2,445,0.14562541,0.13768687,0.0079385377
-0.2,446,0.060504843,0.05204889,0.0084559537
-0.2,447,0.058545948,0.055435709,0.0031102389
-0.2,448,0.12255056,0.12176872,0.00078183613
-0.2,449,0.043561829,0.064586147,-0.021024318
-0.2,450,0.051036929,0.044203459,0.00683347
-0.2,451,0.087640017,0.081689883,0.0059501332
-0.2,452,0.10188712,0.09427596,0.0076111602
-0.2,453,0.035229021,0.029638113,0.0055909082
-0.2,454,0.068895125,0.062172988,0.0067221374
-0.2,455,0.10154029,0.092804467,0.0087358262
-0.2,456,0.13001609,0.14993856,-0.019922465
-0.2,457,0.054346444,0.07158204,-0.017235595
-0.2,458,0.090718043,0.082770611,0.0079474312
-0.2,459,0.095435568,0.089781435,0.0056541329
-0.2,460,0.050569483,0.045146398,0.005423085
-0.2,461,0.02285245,0.013248927,0.0096035235
-0.2,462,0.076358646,0.068694426,0.0076642193
-0.2,463,0.019593925,0.010122321,0.0094716045
-0.2,464,0.013757526,0.00923677,0.0045207558
-0.2,465,0.051864503,0.060418737,-0.008554234
-0.2,466,0.099632183,0.089152666,0.010479517
-0.2,467,0.023540959,0.019486436,0.0040545237
-0.2,468,0.072880521,0.066736657,0.0061438637
-0.2,469,0.077835943,0.07015215,0.0076837932
-0.2,470,0.057593872,0.047987322,0.0096065493
-0.2,471,0.048747758,0.039430116,0.009317642
-0.2,472,0.061087986,0.052144786,0.0089431999
-0.2,473,0.07171321,0.078476388,-0.0067631781
-0.2,474,0.057417021,0.061712047,-0.0042950265
-0.2,475,0.076411092,0.070268542,0.00614255
-0.2,476,0.085748062,0.097070035,-0.011321973
-0.2,477,0.057762824,0.050887998,0.0068748257
-0.2,478,0.073028399,0.067999673,0.0050287261
-0.2,479,0.0048898444,0.0060467429,-0.0011568985
-0.2,480,0.091876266,0.08813531,0.0037409555
-0.2,481,0.10280374,0.094975099,0.0078286452
-0.2,482,0.080998012,0.086781649,-0.0057836374
-0.2,483,0.033505265,0.038360018,-0.0048547533
-0.2,484,0.016333508,0.049924546,-0.033591038
-0.2,485,0.069369702,0.074557878,-0.0051881762
-0.2,486,0.055136572,0.057284433,-0.0021478612
-0.2,487,0.050699211,0.042018007,0.0086812045
-0.2,488,0.067455141,0.059009681,0.0084454602
-0.2,489,0.00075774511,-0.0071769995,0.0079347446
-0.2,490,0.064796485,0.060315613,0.0044808721
-0.2,491,0.083986716,0.076905416,0.0070813008
-0.2,492,0.092385087,0.090559724,0.0018253632
-0.2,493,0.020451383,0.01267005,0.0077813331
-0.2,494,0.02158401,0.014996198,0.0065878118
-0.2,495,0.076637137,0.078771648,-0.0021345112
-0.2,496,0.039644725,0.034131434,0.0055132918
-0.2,497,0.087294269,0.092268176,-0.0049739069
-0.2,498,0.10516248,0.10294567,0.0022168044
-0.2,499,0.054313738,0.052366502,0.0019472361
-0.2,500,0.0059021659,-0.0021278649,0.0080300308
-0.2,501,0.0053707281,0.0048195637,0.00055116432
-0.2,502,0.019426517,0.062772994,-0.043346477
-0.2,503,-0.027713478,-0.024542215,-0.0031712632
-0.2,504,0.0099608282,0.0024106494,0.0075501789
-0.2,505,0.021066389,0.038955512,-0.017889123
-0.2,506,0.065684687,0.059805127,0.0058795602
-0.2,507,0.035116458,0.034443665,0.00067279289
-0.2,508,0.084856226,0.082824742,0.0020314837
-0.2,509,0.035671712,0.027641376,0.0080303364
-0.2,510,-0.024289818,-0.028003244,0.0037134254
-0.2,511,-0.000953137,0.0058361144,-0.0067892514
-0.2,512,0.10642009,0.10111434,0.0053057536
-0.2,513,0.10822621,0.11248402,-0.0042578098
-0.2,514,0.11286839,0.10576555,0.0071028418
-0.2,515,0.072627817,0.068479126,0.0041486908
-0.2,516,0.048027257,0.053985833,-0.0059585755
-0.2,517,0.021359311,0.022520243,-0.0011609317
-0.2,518,0.085151101,0.077780072,0.0073710295
-0.2,519,0.025807664,0.018055059,0.0077526054
-0.2,520,0.06306905,0.088817546,-0.025748497
-0.2,521,0.10122812,0.09471637,0.0065117485
-0.2,522,0.10111398,0.092959597,0.0081543832
-0.2,523,0.030640297,0.026732939,0.003907358
-0.2,524,0.019995509,0.01170965,0.0082858597
-0.2,525,0.034441964,0.034419823,2.2140862e-05
-0.2,526,0.032027733,0.024369295,0.007658438
-0.2,527,0.059052797,0.050820861,0.0082319359
-0.2,528,0.057258141,0.057301191,-4.3050106e-05
-0.2,529,0.050024835,0.045226863,0.0047979724
-0.2,530,0.074998133,0.067148876,0.0078492568
-0.2,531,0.054469935,0.052037452,0.0024324833
-0.2,532,0.0098050401,0.013544315,-0.0037392749
-0.2,533,0.084908621,0.077132495,0.0077761266
-0.2,534,0.010012638,0.0073090604,0.0027035775
-0.2,535,-0.0013308087,-0.0067035068,0.0053726981
-0.2,536,0.036523718,0.026679749,0.0098439698
-0.2,537,0.019853279,0.012353508,0.0074997708
-0.2,538,0.073149711,0.078386916,-0.0052372051
-0.2,539,0.047251154,0.04129841,0.0059527442
-0.2,540,0.10294149,0.10267547,0.00026601914
-0.2,541,0.091366716,0.11393106,-0.022564346
-0.2,542,0.12171623,0.13342,-0.011703765
-0.2,543,0.059839326,0.054753154,0.0050861715
-0.2,544,0.029864053,0.022138887,0.0077251662
-0.2,545,0.034145301,0.026574331,0.0075709703
-0.2,546,0.036886439,0.029189016,0.007697423
-0.2,547,0.0014566689,-0.0068374677,0.0082941366
-0.2,548,0.047963966,0.039830774,0.0081331929
-0.2,549,0.10725597,0.1140337,-0.0067777255
-0.2,550,-0.0049318656,-0.012320159,0.0073882931
-0.2,551,0.095907891,0.088870405,0.0070374859
-0.2,552,0.019731347,0.013827336,0.0059040104
-0.2,553,0.048079623,0.04340568,0.0046739439
-0.2,554,0.099402579,0.091637734,0.0077648455
-0.2,555,0.044525872,0.03745229,0.0070735814
-0.2,556,0.10549667,0.10788631,-0.0023896386
-0.2,557,0.040894504,0.049210788,-0.008316284
-0.2,558,0.028276195,0.021011947,0.0072642473
-0.2,559,0.080243712,0.10726824,-0.027024531
-0.2,560,0.086964697,0.079878215,0.0070864821
-0.2,561,0.11324346,0.10997873,0.0032647268
-0.2,562,0.066875103,0.058106998,0.0087681042
-0.2,563,-0.016712234,-0.022089958,0.0053777239
-0.2,564,0.088826649,0.079874096,0.008952553
-0.2,565,0.066750532,0.061166566,0.0055839663
-0.2,566,0.021281536,0.031372001,-0.010090465
-0.2,567,0.053538,0.052020773,0.0015172265
-0.2,568,0.04007791,0.033374633,0.0067032773
-0.2,569,0.029139124,0.020505119,0.0086340045
-0.2,570,0.075474959,0.077593487,-0.0021185283
-0.2,571,0.018566568,0.011715695,0.0068508727
-0.2,572,0.026178929,0.021142601,0.0050363284
-0.2,573,0.014518035,0.009457086,0.0050609494
-0.2,574,0.031041691,0.03095626,8.5431588e-05
-0.2,575,0.05302346,0.045981237,0.0070422236
-0.2,576,0.110758,0.10993454,0.00082346074
-0.2,577,0.08165716,0.073867676,0.0077894839
-0.2,578,0.03307648,0.026023929,0.0070525513
-0.2,579,0.046286088,0.047150713,-0.00086462453
-0.2,580,0.091030746,0.084596337,0.0064344097
-0.2,581,0.049963753,0.04726416,0.0026995938
-0.2,582,0.10498215,0.098377671,0.0066044801
-0.2,583,0.02891082,0.021234097,0.0076767233
-0.2,584,0.060252105,0.052293701,0.0079584045
-0.2,585,0.042842734,0.060103871,-0.017261137
-0.2,586,-0.026405139,-0.0049579886,-0.02144715
-0.2,587,0.0077407987,0.0016316215,0.0061091772
-0.2,588,0.056959907,0.060253552,-0.003293645
-0.2,589,0.053191568,0.050763045,0.0024285223
-0.2,590,0.089164357,0.092864626,-0.0037002691
-0.2,591,0.11548136,0.1143929,0.0010884559
-0.2,592,0.040651915,0.03260487,0.0080470456
-0.2,593,-0.039225039,-0.045779595,0.0065545563
-0.2,594,0.063114008,0.065361143,-0.0022471346
-0.2,595,0.092866271,0.086635638,0.0062306325
-0.2,596,0.055060169,0.050663702,0.0043964675
-0.2,597,0.050364793,0.044337119,0.006027674
-0.2,598,0.094362303,0.085953697,0.0084086064
-0.2,599,0.048566189,0.046890368,0.0016758211
-0.2,600,0.091918484,0.10118015,-0.0092616625
-0.2,601,0.044806922,0.037618755,0.0071881668
-0.2,602,0.09669557,0.090349477,0.0063460928
-0.2,603,0.040116995,0.033473844,0.0066431509
-0.2,604,0.050155165,0.096305352,-0.046150187
-0.2,605,0.051256232,0.066563537,-0.015307305
-0.2,606,0.0081323327,0.02433867,-0.016206338
-0.2,607,0.068590178,0.062491261,0.006098917
-0.2,608,0.049544889,0.043283567,0.0062613216
-0.2,609,0.040119884,0.03203632,0.008083564
-0.2,610,0.012119724,0.023309349,-0.011189625
-0.2,611,0.028662628,0.024625549,0.0040370798
-0.2,612,0.04867709,0.053331779,-0.0046546894
-0.2,613,0.080965117,0.077084555,0.0038805624
-0.2,614,0.066696973,0.071760741,-0.0050637684
-0.2,615,0.10494588,0.095742768,0.0092031143
-0.2,616,0.092936991,0.087571628,0.0053653629
-0.2,617,0.035637096,0.026976204,0.0086608911
-0.2,618,0.04782193,0.040939454,0.0068824759
-0.2,619,0.026602798,0.026655916,-5.3117482e-05
-0.2,620,0.11102142,0.12813516,-0.017113747
-0.2,621,0.056495914,0.054251868,0.0022440459
-0.2,622,0.057921155,0.054799022,0.0031221327
-0.2,623,0.010966131,0.014439364,-0.0034732323
-0.2,624,0.045742921,0.04128022,0.0044627009
-0.2,625,0.0037860511,0.0022298669,0.0015561842
-0.2,626,0.066404001,0.059887204,0.0065167973
-0.2,627,0.071933147,0.068951786,0.0029813619
-0.2,628,0.051350624,0.043786995,0.0075636285
-0.2,629,0.1069711,0.098887156,0.0080839477
-0.2,630,-0.0086815045,-0.013508853,0.0048273482
-0.2,631,0.0086729877,0.0012182526,0.0074547351
-0.2,632,0.012706076,0.02342286,-0.010716785
-0.2,633,0.0002604395,-0.0049282615,0.005188701
-0.2,634,0.10394929,0.094898571,0.0090507146
-0.2,635,0.10426372,0.097519509,0.0067442136
-0.2,636,0.052594637,0.050680302,0.0019143356
-0.2,637,0.014322365,0.014438183,-0.00011581772
-0.2,638,0.092930971,0.087829718,0.0051012523
-0.2,639,0.070989452,0.061784554,0.0092048988
-0.2,640,0.05129446,0.040758404,0.010536056
-0.2,641,0.047699052,0.040782145,0.0069169069
-0.2,642,0.09052581,0.083320958,0.0072048516
-0.2,643,0.04023454,0.046003218,-0.0057686785
-0.2,644,0.020136857,0.012574036,0.0075628216
-0.2,645,0.019960464,0.019251592,0.00070887263
-0.2,646,0.10424332,0.099282729,0.00496059
-0.2,647,0.028414528,0.023254666,0.0051598629
-0.2,648,0.050785584,0.048712632,0.0020729526
-0.2,649,0.11409641,0.10375472,0.010341688
-0.2,650,0.049039078,0.052006553,-0.0029674743
-0.2,651,0.11959324,0.12000174,-0.0004085051
-0.2,652,0.079745632,0.075492016,0.0042536154
-0.2,653,0.030040466,0.036399378,-0.0063589121
-0.2,654,0.14461623,0.14370429,0.00091193957
-0.2,655,0.052126686,0.042771671,0.0093550149
-0.2,656,0.14731665,0.13898301,0.0083336423
-0.2,657,0.037527241,0.046612091,-0.0090848494
-0.2,658,0.030099591,0.021888362,0.0082112293
-0.2,659,0.090709945,0.084867323,0.0058426219
-0.2,660,0.055269035,0.050340738,0.004928297
-0.2,661,0.07092546,0.072133182,-0.0012077214
-0.2,662,0.048577927,0.047971435,0.00060649182
-0.2,663,0.038007771,0.029856759,0.0081510121
-0.2,664,0.067484307,0.063563261,0.0039210461
-0.2,665,0.10227944,0.10474642,-0.0024669824
-0.2,666,0.077294302,0.071502787,0.0057915153
-0.2,667,0.038106001,0.048251557,-0.010145555
-0.2,668,0.079070318,0.097179577,-0.018109259
-0.2,669,0.039244101,0.033538437,0.0057056641
-0.2,670,0.043680533,0.03765142,0.0060291129
-0.2,671,0.086562336,0.081681636,0.0048806995
-0.2,672,0.12205245,0.1248989,-0.0028464559
-0.2,673,0.017569542,0.01156266,0.0060068828
-0.2,674,0.064913899,0.057120212,0.007793687
-0.2,675,0.056888784,0.062911681,-0.006022897
-0.2,676,0.092794922,0.08399413,0.0088007917
-0.2,677,0.02097094,0.027148511,-0.0061775711
-0.2,678,0.10499835,0.1041429,0.00085544746
-0.2,679,0.12086713,0.12015782,0.00070930299
-0.2,680,0.12887039,0.12915557,-0.00028518034
-0.2,681,0.065244376,0.070956395,-0.0057120188
-0.2,682,0.049848865,0.041331178,0.0085176879
-0.2,683,0.057700636,0.095847349,-0.038146712
-0.2,684,0.12332113,0.14497012,-0.021648987
-0.2,685,0.072324745,0.067707006,0.004617739
-0.2,686,0.11720702,0.13305501,-0.015847996
-0.2,687,0.094268352,0.090415569,0.0038527825
-0.2,688,0.08208919,0.073769507,0.0083196828
-0.2,689,0.0090075194,0.01621762,-0.0072101006
-0.2,690,0.089281421,0.080357623,0.0089237979
-0.2,691,0.013318789,0.018045003,-0.0047262149
-0.2,692,0.043588645,0.034701275,0.0088873705
-0.2,693,0.022453807,0.016118801,0.006335006
-0.2,694,0.034658631,0.028626745,0.0060318863
-0.2,695,0.11428885,0.10653135,0.0077574982
-0.2,696,0.089023173,0.080508223,0.0085149494
-0.2,697,0.12692217,0.12129656,0.0056256113
-0.2,698,0.0072003359,9.2654199e-05,0.0071076817
-0.2,699,0.099199852,0.09882544,0.00037441216
-0.2,700,0.10556183,0.098140815,0.0074210192
-0.2,701,0.14559357,0.15160579,-0.006012224
-0.2,702,0.07510475,0.06535257,0.0097521801
-0.2,703,-0.0032913815,-0.010503184,0.0072118025
-0.2,704,0.15028331,0.17590556,-0.025622253
-0.2,705,0.067355024,0.058720335,0.0086346891
-0.2,706,0.080384428,0.073594735,0.0067896934
-0.2,707,0.050354519,0.043800619,0.0065538994
-0.2,708,-0.0064073947,-0.012650963,0.006243568
-0.2,709,0.05656242,0.049401545,0.0071608747
-0.2,710,0.050827941,0.042887555,0.0079403858
-0.2,711,0.13964081,0.13092072,0.0087200911
-0.2,712,0.13496968,0.12809747,0.0068722103
-0.2,713,0.02075564,0.023824278,-0.0030686375
-0.2,714,0.057002297,0.050258871,0.0067434258
-0.2,715,0.023167957,0.017636269,0.0055316882
-0.2,716,0.086142614,0.078370713,0.0077719019
-0.2,717,0.078799336,0.072680919,0.0061184166
-0.2,718,0.055083261,0.055249946,-0.00016668539
-0.2,719,0.11253394,0.10785178,0.0046821538
-0.2,720,0.068494274,0.060639661,0.0078546121
-0.2,721,0.054741314,0.056678533,-0.0019372186
-0.2,722,0.043930022,0.045157954,-0.0012279325
-0.2,723,0.057026669,0.063791901,-0.0067652328
-0.2,724,0.033214198,0.02951861,0.0036955886
-0.2,725,0.056795718,0.063986138,-0.00719042
-0.2,726,-0.015581666,-0.023386881,0.0078052156
-0.2,727,0.016413898,0.0083018379,0.0081120598
-0.2,728,0.14785789,0.14330691,0.0045509774
-0.2,729,0.12213127,0.14110117,-0.0189699
-0.2,730,0.1017843,0.093813614,0.007970689
-0.2,731,0.072508496,0.065560008,0.006948488
-0.2,732,0.074238669,0.077485471,-0.0032468015
-0.2,733,0.044305928,0.053829173,-0.0095232445
-0.2,734,0.066634006,0.061508629,0.0051253765
-0.2,735,0.10696425,0.098947752,0.0080164996
-0.2,736,0.04306607,0.046039969,-0.0029738993
-0.2,737,0.054751422,0.057189399,-0.0024379776
-0.2,738,0.070269847,0.078081407,-0.0078115597
-0.2,739,0.0060744275,0.0048828291,0.0011915984
-0.2,740,0.077337175,0.10142887,-0.024091699
-0.2,741,0.049020534,0.050558998,-0.0015384643
-0.2,742,0.057383975,0.049533862,0.007850113
-0.2,743,0.12276667,0.11834494,0.0044217237
-0.2,744,0.078975096,0.078964012,1.1083996e-05
-0.2,745,0.031865135,0.026544166,0.0053209692
-0.2,746,0.012434842,0.0076638676,0.0047709743
-0.2,747,0.075856138,0.082877141,-0.0070210031
-0.2,748,0.060808243,0.054124811,0.0066834321
-0.2,749,0.037355537,0.032225553,0.0051299831
-0.2,750,0.094602863,0.086113043,0.0084898206
-0.2,751,0.071400439,0.06736477,0.0040356681
-0.2,752,0.018087558,0.015678134,0.002409424
-0.2,753,0.061253654,0.053119069,0.0081345857
-0.2,754,0.069539644,0.061131905,0.0084077385
-0.2,755,0.064848859,0.056284266,0.0085645931
-0.2,756,0.10696118,0.13120394,-0.024242761
-0.2,757,0.046633562,0.049089793,-0.0024562318
-0.2,758,0.053277657,0.048892511,0.0043851467
-0.2,759,0.035744466,0.036022992,-0.00027852582
-0.2,760,0.082546833,0.07384695,0.0086998836
-0.2,761,0.060403309,0.06082848,-0.00042517038
-0.2,762,0.018149736,0.0093804859,0.0087692497
-0.2,763,0.027443339,0.025249425,0.0021939143
-0.2,764,0.08129347,0.074986592,0.0063068776
-0.2,765,0.10646203,0.098749014,0.0077130186
-0.2,766,0.074408815,0.066355807,0.0080530075
-0.2,767,0.086713636,0.086999035,-0.0002853997
-0.2,768,0.063814623,0.055492885,0.0083217383
-0.2,769,0.057445983,0.050255169,0.0071908137
-0.2,770,0.1046193,0.09338343,0.011235868
-0.2,771,0.076106017,0.066912906,0.0091931102
-0.2,772,0.010247158,0.012150298,-0.0019031395
-0.2,773,0.099933704,0.098228803,0.0017049006
-0.2,774,0.073848392,0.098055649,-0.024207258
-0.2,775,0.050258637,0.046300951,0.0039576864
-0.2,776,0.039588785,0.032345079,0.007243706
-0.2,777,0.031762006,0.024362517,0.0073994892
-0.2,778,0.017900993,0.0094639308,0.0084370626
-0.2,779,0.047648394,0.048266586,-0.00061819185
-0.2,780,0.04721903,0.05217212,-0.0049530898
-0.2,781,0.087455624,0.079121626,0.0083339977
-0.2,782,0.034452258,0.02919108,0.0052611776
-0.2,783,0.062949351,0.056834388,0.0061149631
-0.2,784,-0.0015954394,0.012725915,-0.014321354
-0.2,785,0.05861958,0.050231727,0.0083878529
-0.2,786,0.12388025,0.12487642,-0.00099617776
-0.2,787,0.028143106,0.022837011,0.0053060948
-0.2,788,0.045962827,0.051891996,-0.0059291688
-0.2,789,0.032344989,0.025229906,0.0071150825
-0.2,790,0.056580065,0.050918136,0.0056619294
-0.2,791,0.091040755,0.10693681,-0.015896055
-0.2,792,0.085729588,0.078361466,0.0073681219
-0.2,793,0.079373209,0.07045629,0.008916919
-0.2,794,0.12827835,0.13437193,-0.006093574
-0.2,795,0.07649406,0.075341542,0.0011525183
-0.2,796,0.0027007611,-0.0061884704,0.0088892315
-0.2,797,0.08932996,0.090961389,-0.0016314289
-0.2,798,0.026859356,0.020706944,0.0061524125
-0.2,799,0.089943413,0.092043959,-0.0021005455
-0.2,800,0.11095264,0.10392844,0.0070241998
-0.2,801,0.048796588,0.060330285,-0.011533698
-0.2,802,0.11119469,0.10324211,0.0079525801
-0.2,803,0.051519044,0.044868469,0.0066505753
-0.2,804,0.0032988108,-0.00098831808,0.0042871288
-0.2,805,0.079818253,0.076527402,0.0032908516
-0.2,806,0.074107043,0.066054075,0.0080529682
-0.2,807,0.059000432,0.069776585,-0.010776153
-0.2,808,0.016809,0.012165158,0.0046438419
-0.2,809,0.035609056,0.027647943,0.007961113
-0.2,810,0.016528647,0.037341114,-0.020812467
-0.2,811,0.10178445,0.094268861,0.0075155898
-0.2,812,0.13639876,0.1269225,0.0094762597
-0.2,813,0.099297324,0.093597341,0.0056999827
-0.2,814,0.042045304,0.036239335,0.005805969
-0.2,815,0.089604222,0.085818822,0.0037854001
-0.2,816,0.044611412,0.040493439,0.0041179731
-0.2,817,0.067237326,0.065353452,0.0018838745
-0.2,818,0.078299978,0.078255634,4.4344044e-05
-0.2,819,0.050218805,0.042366332,0.007852473
-0.2,820,0.10091808,0.1055035,-0.004585421
-0.2,821,0.084542433,0.075880247,0.0086621857
-0.2,822,0.058851407,0.053583608,0.005267799
-0.2,823,0.084610075,0.080147628,0.0044624473
-0.2,824,0.079485946,0.074200713,0.005285233
-0.2,825,0.025650828,0.017609131,0.0080416967
-0.2,826,0.070419771,0.062924892,0.0074948793
-0.2,827,-0.0035187501,-0.010458655,0.0069399052
-0.2,828,0.011905294,0.011103476,0.00080181867
-0.2,829,0.014821825,0.011078663,0.0037431619
-0.2,830,0.035589684,0.02830555,0.0072841347
-0.2,831,0.063054313,0.06217427,0.00088004295
-0.2,832,0.05509182,0.046284794,0.0088070266
-0.2,833,0.033163224,0.02722621,0.0059370143
-0.2,834,0.1179536,0.11303057,0.0049230307
-0.2,835,0.065102809,0.061592086,0.003510723
-0.2,836,0.072061045,0.078779304,-0.006718259
-0.2,837,0.040466212,0.03343221,0.0070340024
-0.2,838,0.019581902,0.01928651,0.00029539168
-0.2,839,0.010644743,0.0033593957,0.0072853476
-0.2,840,0.062594021,0.055114859,0.0074791619
-0.2,841,0.011405866,0.0037493348,0.0076565311
-0.2,842,0.078962513,0.077187297,0.0017752158
-0.2,843,0.07150618,0.060874938,0.010631241
-0.2,844,0.083028006,0.076941364,0.0060866421
-0.2,845,-0.0043612823,0.0014442848,-0.0058055671
-0.2,846,0.082595248,0.086771728,-0.00417648
-0.2,847,0.011863493,0.004192355,0.0076711377
-0.2,848,0.084387761,0.085364858,-0.00097709711
-0.2,849,0.034629266,0.026887322,0.007741943
-0.2,850,0.093711099,0.10277137,-0.009060269
-0.2,851,0.018356055,0.034924716,-0.016568662
-0.2,852,0.050237732,0.042993676,0.0072440561
-0.2,853,0.012362548,0.010499346,0.0018632026
-0.2,854,0.061059951,0.055759531,0.0053004191
-0.2,855,0.096789117,0.10010966,-0.0033205472
-0.2,856,0.0053240667,-0.0013379495,0.0066620162
-0.2,857,0.047636382,0.039040163,0.0085962192
-0.2,858,0.012812441,0.0093395581,0.0034728833
-0.2,859,0.023939618,0.048953155,-0.025013537
-0.2,860,0.059873527,0.06230298,-0.0024294526
-0.2,861,0.046040104,0.050540002,-0.0044998975
-0.2,862,0.099984245,0.11556958,-0.015585335
-0.2,863,0.038893697,0.03045717,0.0084365265
-0.2,864,0.12362338,0.11646182,0.0071615603
-0.2,865,0.10233971,0.094376731,0.0079629816
-0.2,866,0.044779321,0.039296518,0.0054828038
-0.2,867,-0.010079642,-0.017971235,0.0078915929
-0.2,868,0.046792145,0.04700953,-0.00021738528
-0.2,869,0.068681515,0.059466213,0.0092153025
-0.2,870,0.070256466,0.062733422,0.0075230442
-0.2,871,-0.006472349,-0.0035624992,-0.0029098499
-0.2,872,0.1154555,0.13048877,-0.015033264
-0.2,873,0.10234723,0.10131912,0.0010281138
-0.2,874,0.080237589,0.075110787,0.0051268029
-0.2,875,0.13303186,0.12611285,0.006919013
-0.2,876,0.056082937,0.064031618,-0.0079486802
-0.2,877,0.057578112,0.061358506,-0.0037803939
-0.2,878,0.057658027,0.050962919,0.0066951083
-0.2,879,0.0509688,0.042215106,0.0087536932
-0.2,880,-0.023091189,-0.025471211,0.0023800216
-0.2,881,-0.0036598031,0.001043494,-0.0047032971
-0.2,882,-0.012686475,-0.021111386,0.0084249111
-0.2,883,0.056242752,0.052579416,0.0036633361
-0.2,884,0.087908241,0.080842222,0.0070660192
-0.2,885,0.080888099,0.072400333,0.0084877658
-0.2,886,0.039617385,0.031443537,0.0081738482
-0.2,887,0.073884806,0.065358775,0.0085260319
-0.2,888,0.063257718,0.085699935,-0.022442217
-0.2,889,0.068805506,0.063018447,0.0057870594
-0.2,890,0.10295448,0.096653435,0.0063010478
-0.2,891,0.065035071,0.058448901,0.0065861702
-0.2,892,0.15618137,0.15037933,0.0058020411
-0.2,893,0.12305129,0.11438262,0.0086686676
-0.2,894,0.020479687,0.017936483,0.0025432033
-0.2,895,0.074041243,0.069589067,0.0044521757
-0.2,896,0.043344539,0.047301656,-0.003957117
-0.2,897,0.072999513,0.067990802,0.0050087107
-0.2,898,0.090544692,0.094082649,-0.0035379564
-0.2,899,0.040935183,0.032412303,0.0085228794
-0.2,900,0.02384015,0.015813181,0.0080269683
-0.2,901,0.038557463,0.056602472,-0.018045009
-0.2,902,0.066239582,0.068504449,-0.0022648679
-0.2,903,0.06258123,0.060716511,0.0018647189
-0.2,904,0.072959163,0.1091179,-0.036158738
-0.2,905,0.051732284,0.050171418,0.0015608652
-0.2,906,0.049718793,0.043478852,0.0062399413
-0.2,907,0.092423963,0.089300317,0.0031236452
-0.2,908,-0.0070045973,-0.014163274,0.0071586762
-0.2,909,0.065680862,0.09272713,-0.027046268
-0.2,910,0.078960807,0.07045693,0.0085038772
-0.2,911,0.072224191,0.085156458,-0.012932266
-0.2,912,0.12104135,0.11162577,0.0094155879
-0.2,913,-4.6968626e-05,-0.0074454649,0.0073984963
-0.2,914,0.042896965,0.04191015,0.000986815
-0.2,915,0.058252623,0.049991402,0.0082612216
-0.2,916,0.075249629,0.079767984,-0.004518355
-0.2,917,0.025651749,0.016658845,0.0089929035
-0.2,918,0.027736519,0.043786023,-0.016049504
-0.2,919,0.090157151,0.083051361,0.0071057894
-0.2,920,-0.011086487,-0.019006764,0.0079202766
-0.2,921,0.01547204,0.010038972,0.0054330684
-0.2,922,0.067026475,0.057708197,0.0093182784
-0.2,923,0.091069587,0.084130096,0.0069394907
-0.2,924,0.038812683,0.040397408,-0.0015847259
-0.2,925,-0.020969934,-0.026222643,0.0052527092
-0.2,926,0.066945771,0.0692796,-0.0023338291
-0.2,927,0.063565581,0.055553549,0.0080120315
-0.2,928,0.049080145,0.043602532,0.0054776126
-0.2,929,0.087792866,0.078700426,0.0090924398
-0.2,930,0.058134501,0.052186125,0.0059483755
-0.2,931,0.088670878,0.084171276,0.0044996019
-0.2,932,0.00051895269,0.019345871,-0.018826918
-0.2,933,0.0051826182,-0.0035411528,0.008723771
-0.2,934,0.05851197,0.050672795,0.0078391742
-0.2,935,0.12626573,0.11833801,0.0079277206
-0.2,936,0.023412808,0.015507213,0.0079055952
-0.2,937,0.077224893,0.076660083,0.00056481093
-0.2,938,0.060202504,0.057520249,0.002682254
-0.2,939,0.11227143,0.12075745,-0.008486014
-0.2,940,0.16508763,0.17829117,-0.013203538
-0.2,941,0.10238563,0.094608219,0.0077774156
-0.2,942,0.082083355,0.098665928,-0.016582573
-0.2,943,0.0527013,0.044872891,0.0078284089
-0.2,944,-0.0014456199,-0.0098483807,0.0084027607
-0.2,945,0.045152448,0.037187091,0.0079653565
-0.2,946,0.113852,0.10400692,0.0098450818
-0.2,947,0.036746824,0.036864828,-0.00011800451
-0.2,948,0.12555033,0.11701979,0.0085305352
-0.2,949,0.085370832,0.077505677,0.007865155
-0.2,950,0.071684519,0.064864549,0.0068199695
-0.2,951,0.086790629,0.085123658,0.0016669718
-0.2,952,0.066298105,0.076742908,-0.010444803
-0.2,953,0.084429683,0.077748573,0.0066811099
-0.2,954,0.072381723,0.067442606,0.0049391167
-0.2,955,0.052058753,0.05166267,0.00039608315
-0.2,956,0.048894276,0.066844667,-0.017950391
-0.2,957,0.044540272,0.068489051,-0.023948778
-0.2,958,0.01727049,0.017806851,-0.00053636086
-0.2,959,0.023385606,0.029452842,-0.0060672357
-0.2,960,0.090856365,0.093543381,-0.0026870157
-0.2,961,0.044256334,0.043463979,0.00079235512
-0.2,962,0.12484162,0.13996974,-0.015128114
-0.2,963,0.051522577,0.044010435,0.0075121414
-0.2,964,0.069665201,0.072796288,-0.0031310868
-0.2,965,0.051828148,0.043721073,0.0081070754
-0.2,966,0.09668175,0.10213628,-0.0054545301
-0.2,967,0.035515108,0.028007086,0.0075080228
-0.2,968,0.060711837,0.074413727,-0.01370189
-0.2,969,0.024816241,0.019616436,0.0051998052
-0.2,970,0.069960041,0.061276097,0.0086839435
-0.2,971,0.049991458,0.040292283,0.0096991748
-0.2,972,0.014065639,0.0088949602,0.0051706791
-0.2,973,0.064737921,0.061949766,0.002788156
-0.2,974,0.025000371,0.026717627,-0.0017172556
-0.2,975,0.086737739,0.078314084,0.0084236552
-0.2,976,0.06324837,0.055115354,0.0081330159
-0.2,977,0.089452284,0.081754897,0.0076973864
-0.2,978,0.089084833,0.11887755,-0.02979272
-0.2,979,0.033474577,0.025746667,0.0077279105
-0.2,980,0.025580201,0.036876957,-0.011296756
-0.2,981,0.090849125,0.089968176,0.00088094873
-0.2,982,0.13407385,0.13040839,0.0036654653
-0.2,983,0.044451376,0.04024214,0.0042092361
-0.2,984,0.028658223,0.033438507,-0.0047802833
-0.2,985,-0.0046278297,0.00066317585,-0.0052910055
-0.2,986,0.037637277,0.029194303,0.0084429738
-0.2,987,0.067814485,0.059975835,0.0078386509
-0.2,988,0.081115976,0.075464512,0.0056514647
-0.2,989,0.040574303,0.032702984,0.0078713186
-0.2,990,0.047189372,0.057480167,-0.010290796
-0.2,991,0.00088427005,-0.0066058842,0.0074901542
-0.2,992,0.025291291,0.023976911,0.0013143793
-0.2,993,0.064116788,0.067744448,-0.0036276599
-0.2,994,-0.0081745036,-0.0059846007,-0.0021899029
-0.2,995,0.097400175,0.1049027,-0.0075025276
-0.2,996,0.091085077,0.10156143,-0.010476351
-0.2,997,0.09180478,0.088449993,0.0033547873
-0.2,998,0.055027702,0.047758595,0.0072691061
-0.2,999,0.0301633,0.022086278,0.0080770222
-0.1,0,0.046827175,0.038782461,0.0080447149
-0.1,1,0.068082551,0.061760471,0.0063220801
-0.1,2,0.0054746798,0.00099078882,0.004483891
-0.1,3,0.053946562,0.047133762,0.0068128
-0.1,4,0.031816459,0.032131331,-0.00031487137
-0.1,5,0.0054383327,0.0011236998,0.004314633
-0.1,6,0.03031406,0.036693453,-0.006379393
-0.1,7,0.10492717,0.12226918,-0.01734201
-0.1,8,0.057734465,0.05799953,-0.00026506566
-0.1,9,0.02860287,0.021341038,0.0072618325
-0.1,10,0.041798901,0.060891679,-0.019092778
-0.1,11,0.060416373,0.055678804,0.0047375692
-0.1,12,0.06955213,0.067332922,0.0022192078
-0.1,13,0.09227677,0.083900914,0.0083758566
-0.1,14,0.038840997,0.031377116,0.007463881
-0.1,15,0.029211046,0.024419999,0.0047910477
-0.1,16,0.086902101,0.077157844,0.0097442567
-0.1,17,0.077329934,0.068103715,0.009226219
-0.1,18,0.035389853,0.054093413,-0.01870356
-0.1,19,0.059011802,0.070935593,-0.011923791
-0.1,20,0.10711587,0.11599593,-0.008880064
-0.1,21,0.072157159,0.064477477,0.0076796821
-0.1,22,0.12610175,0.11913049,0.0069712593
-0.1,23,0.11319944,0.120352,-0.0071525578
-0.1,24,0.047555544,0.044680743,0.0028748007
-0.1,25,-0.0094628986,0.0079907474,-0.017453646
-0.1,26,0.031057898,0.026482748,0.0045751497
-0.1,27,0.038572366,0.031263499,0.0073088672
-0.1,28,0.11362761,0.10454745,0.0090801593
-0.1,29,0.015221263,0.0080877929,0.0071334701
-0.1,30,-0.01524124,0.0092456641,-0.024486904
-0.1,31,0.038012377,0.030892088,0.0071202884
-0.1,32,0.035363535,0.046563709,-0.011200174
-0.1,33,0.040041326,0.035693815,0.0043475111
-0.1,34,0.10053272,0.10546632,-0.0049335996
-0.1,35,0.088693828,0.082939685,0.0057541427
-0.1,36,0.079157756,0.072012998,0.0071447583
-0.1,37,0.084740799,0.077550078,0.0071907206
-0.1,38,0.13675596,0.15562058,-0.01886462
-0.1,39,0.061369745,0.076577411,-0.015207665
-0.1,40,0.076039723,0.077762092,-0.0017223686
-0.1,41,0.039195349,0.035976906,0.0032184431
-0.1,42,0.11246041,0.10781704,0.0046433763
-0.1,43,0.052771243,0.05030926,0.002461983
-0.1,44,0.10116083,0.095929544,0.0052312905
-0.1,45,0.03414385,0.045634299,-0.011490449
-0.1,46,0.050077778,0.051413428,-0.0013356499
-0.1,47,0.076796459,0.068002454,0.0087940048
-0.1,48,0.033318599,0.02879157,0.0045270282
-0.1,49,0.033656646,0.029555367,0.0041012782
-0.1,50,0.058067106,0.060287898,-0.0022207916
-0.1,51,0.051065241,0.044911589,0.0061536527
-0.1,52,0.014429398,0.011857912,0.002571486
-0.1,53,0.12103086,0.12240937,-0.0013785152
-0.1,54,0.076059331,0.069770716,0.0062886147
-0.1,55,0.017710654,0.013737556,0.0039730978
-0.1,56,0.039435135,0.050755081,-0.011319946
-0.1,57,0.1076189,0.10010223,0.0075166706
-0.1,58,0.097011758,0.10438552,-0.007373765
-0.1,59,0.035668195,0.04839542,-0.012727225
-0.1,60,0.08105973,0.073234081,0.0078256484
-0.1,61,0.059156281,0.055200661,0.00395562
-0.1,62,0.089198723,0.082069263,0.0071294601
-0.1,63,0.050941086,0.047599995,0.0033410904
-0.1,64,0.099503235,0.090638841,0.0088643939
-0.1,65,0.014260793,0.0092575333,0.0050032598
-0.1,66,0.083452031,0.081773201,0.0016788309
-0.1,67,0.054036047,0.044770926,0.0092651212
-0.1,68,0.061635726,0.052288226,0.0093475002
-0.1,69,0.10080784,0.091903033,0.0089048057
-0.1,70,0.07210828,0.073630945,-0.001522665
-0.1,71,0.052353415,0.047164863,0.0051885521
-0.1,72,0.083290259,0.075073481,0.0082167787
-0.1,73,0.074094066,0.072090782,0.0020032843
-0.1,74,0.032165587,0.025762852,0.0064027352
-0.1,75,0.028563822,0.023170365,0.0053934561
-0.1,76,0.094417888,0.087921271,0.0064966169
-0.1,77,0.15324418,0.15407953,-0.00083534161
-0.1,78,0.10264417,0.093157911,0.0094862584
-0.1,79,0.11745475,0.13001896,-0.012564205
-0.1,80,0.012409019,0.0052561016,0.0071529179
-0.1,81,0.096357503,0.11516556,-0.018808061
-0.1,82,0.012493597,0.011529456,0.00096414143
-0.1,83,0.061452606,0.057246826,0.0042057801
-0.1,84,0.038416218,0.038201002,0.00021521515
-0.1,85,0.095498515,0.089376221,0.0061222946
-0.1,86,0.07498865,0.076623821,-0.0016351714
-0.1,87,0.110479,0.1218665,-0.011387506
-0.1,88,0.021854571,0.018309126,0.0035454451
-0.1,89,0.064035036,0.064212441,-0.0001774052
-0.1,90,0.049004136,0.040618307,0.0083858293
-0.1,91,0.050299195,0.043207996,0.0070911991
-0.1,92,0.021837987,0.024974067,-0.0031360806
-0.1,93,0.061999096,0.059673264,0.0023258318
-0.1,94,0.081259359,0.11380151,-0.032542154
-0.1,95,0.027548624,0.032960279,-0.0054116547
-0.1,96,0.048032103,0.042731277,0.0053008268
-0.1,97,0.047147784,0.04867971,-0.0015319258
-0.1,98,0.053873578,0.055360679,-0.0014871012
-0.1,99,0.07781092,0.07167375,0.0061371702
-0.1,100,0.083443937,0.07969588,0.0037480574
-0.1,101,0.071125948,0.11468678,-0.043560829
-0.1,102,0.034386135,0.027355033,0.0070311013
-0.1,103,0.047897499,0.041149851,0.0067476481
-0.1,104,0.073122546,0.066185679,0.006936867
-0.1,105,0.095952123,0.088914988,0.0070371347
-0.1,106,0.075366982,0.070512278,0.0048547041
-0.1,107,0.083046989,0.080765839,0.0022811502
-0.1,108,-0.0024174596,0.054818208,-0.057235667
-0.1,109,0.15133546,0.14486227,0.0064731902
-0.1,110,0.07366085,0.066931564,0.0067292861
-0.1,111,0.087364565,0.084430884,0.0029336813
-0.1,112,0.0424009,0.040354401,0.0020464994
-0.1,113,0.12108949,0.11341453,0.0076749646
-0.1,114,0.10427627,0.09541491,0.0088613587
-0.1,115,0.11075356,0.1053658,0.0053877578
-0.1,116,0.090126225,0.081822952,0.0083032726
-0.1,117,0.018723427,0.036316013,-0.017592586
-0.1,118,0.018831931,0.0086229055,0.010209025
-0.1,119,0.041961596,0.038534103,0.003427493
-0.1,120,0.049332047,0.041786702,0.0075453451
-0.1,121,0.0013281491,-0.0014907169,0.002818866
-0.1,122,0.063354762,0.064764394,-0.0014096319
-0.1,123,0.043523581,0.052916121,-0.0093925403
-0.1,124,0.059787928,0.053316191,0.0064717366
-0.1,125,0.05147244,0.044238026,0.0072344146
-0.1,126,0.10383817,0.10081149,0.0030266818
-0.1,127,0.090931642,0.10358952,-0.012657882
-0.1,128,0.10627969,0.1165968,-0.010317104
-0.1,129,-0.041382058,-0.048080131,0.0066980732
-0.1,130,0.1267774,0.14734788,-0.020570474
-0.1,131,0.062329038,0.055006873,0.0073221649
-0.1,132,0.067459927,0.076792801,-0.0093328738
-0.1,133,0.10019705,0.089810433,0.010386613
-0.1,134,0.11571996,0.10672586,0.0089940971
-0.1,135,0.073054733,0.066863076,0.0061916576
-0.1,136,0.026813655,0.029618308,-0.002804653
-0.1,137,0.026821602,0.017581423,0.0092401795
-0.1,138,0.12625557,0.16347992,-0.037224347
-0.1,139,0.096715378,0.089962518,0.0067528603
-0.1,140,0.087948518,0.089934894,-0.0019863763
-0.1,141,0.054893405,0.058933494,-0.0040400885
-0.1,142,0.048262169,0.072198965,-0.023936796
-0.1,143,0.052849012,0.076921953,-0.02407294
-0.1,144,0.053630671,0.044189612,0.0094410587
-0.1,145,0.12343441,0.11620152,0.0072328914
-0.1,146,0.071424042,0.073211073,-0.0017870306
-0.1,147,0.05962773,0.052981587,0.0066461434
-0.1,148,0.090347408,0.088863039,0.0014843692
-0.1,149,0.072680737,0.065871857,0.0068088798
-0.1,150,0.096647485,0.087899181,0.0087483038
-0.1,151,0.08242989,0.07398605,0.0084438404
-0.1,152,0.056172408,0.058679344,-0.0025069361
-0.1,153,-0.037879576,-0.044756077,0.0068765002
-0.1,154,0.052125056,0.06316757,-0.011042514
-0.1,155,0.062833782,0.053838853,0.0089949284
-0.1,156,0.047402356,0.047189778,0.000212578
-0.1,157,0.11582658,0.1102315,0.0055950839
-0.1,158,0.055630162,0.054585553,0.0010446088
-0.1,159,0.043972789,0.049894873,-0.0059220836
-0.1,160,0.031897871,0.033097722,-0.0011998504
-0.1,161,0.10942928,0.10243388,0.0069954017
-0.1,162,-0.025546825,-0.027299367,0.0017525422
-0.1,163,-0.0031260275,0.0088337715,-0.011959799
-0.1,164,0.030920816,0.031041799,-0.00012098295
-0.1,165,0.061873573,0.059692509,0.0021810638
-0.1,166,0.081828271,0.073177689,0.0086505824
-0.1,167,0.054322077,0.046944266,0.0073778113
-0.1,168,0.12583608,0.12170426,0.0041318166
-0.1,169,0.004895811,-4.6452486e-05,0.0049422634
-0.1,170,0.06164505,0.054002144,0.0076429065
-0.1,171,0.11324206,0.13730309,-0.024061026
-0.1,172,0.076826831,0.068663673,0.0081631581
-0.1,173,0.085948349,0.091864767,-0.0059164179
-0.1,174,0.093520546,0.087551611,0.0059689353
-0.1,175,0.053125537,0.043921214,0.0092043229
-0.1,176,0.13401552,0.12539671,0.0086188063
-0.1,177,0.0870535,0.086578863,0.00047463628
-0.1,178,0.085196353,0.081141085,0.0040552683
-0.1,179,0.057172433,0.048613357,0.0085590755
-0.1,180,0.049719455,0.041467896,0.0082515594
-0.1,181,0.048763179,0.044506972,0.004256207
-0.1,182,0.13964949,0.12893478,0.01071471
-0.1,183,0.048882035,0.04912378,-0.00024174563
-0.1,184,0.074475684,0.066756894,0.0077187896
-0.1,185,0.058378191,0.05873804,-0.00035984826
-0.1,186,0.089037602,0.12343661,-0.034399008
-0.1,187,0.11035629,0.10131654,0.009039742
-0.1,188,0.13803158,0.12979243,0.0082391522
-0.1,189,0.015615937,0.023992828,-0.0083768914
-0.1,190,0.11372493,0.1043084,0.0094165355
-0.1,191,0.062670512,0.07320025,-0.010529738
-0.1,192,0.03120146,0.025014443,0.0061870175
-0.1,193,0.13893352,0.13364306,0.0052904638
-0.1,194,0.05431375,0.045428826,0.0088849243
-0.1,195,0.09409018,0.086354129,0.0077360506
-0.1,196,0.065983579,0.057531113,0.0084524658
-0.1,197,0.056513671,0.047793192,0.008720479
-0.1,198,0.061347084,0.058684782,0.0026623013
-0.1,199,0.12477305,0.13899957,-0.014226523
-0.1,200,-0.02948366,-0.030396941,0.00091328166
-0.1,201,0.0525299,0.065097255,-0.012567355
-0.1,202,0.067945472,0.10776726,-0.039821788
-0.1,203,0.036674822,0.028568012,0.0081068104
-0.1,204,0.075176514,0.066391469,0.008785045
-0.1,205,0.076187591,0.072094011,0.0040935802
-0.1,206,0.050578657,0.04734954,0.0032291168
-0.1,207,0.056549783,0.048428051,0.0081217325
-0.1,208,0.056182554,0.065215151,-0.0090325973
-0.1,209,0.071428947,0.066149681,0.0052792652
-0.1,210,0.059946248,0.056789734,0.0031565145
-0.1,211,0.088215442,0.080218381,0.0079970612
-0.1,212,0.014343338,0.0079973508,0.0063459876
-0.1,213,0.054585279,0.055639162,-0.0010538835
-0.1,214,0.033792867,0.050671036,-0.016878168
-0.1,215,-0.011076388,-0.011538724,0.00046233577
-0.1,216,0.11345626,0.12350472,-0.010048459
-0.1,217,-0.0047256659,-0.0058545171,0.0011288512
-0.1,218,0.090204333,0.082858494,0.0073458389
-0.1,219,0.05107427,0.044010116,0.0070641541
-0.1,220,0.079365539,0.080259479,-0.00089394031
-0.1,221,0.068694448,0.060323711,0.0083707367
-0.1,222,0.063538633,0.059087952,0.0044506804
-0.1,223,0.045437689,0.053416221,-0.0079785319
-0.1,224,0.1149835,0.10784718,0.0071363146
-0.1,225,0.084541428,0.076401115,0.008140313
-0.1,226,0.061804673,0.054404059,0.0074006138
-0.1,227,0.10115719,0.10416574,-0.003008553
-0.1,228,0.029019412,0.022662821,0.006356591
-0.1,229,0.075880181,0.069694608,0.0061855731
-0.1,230,0.1123527,0.11047769,0.0018750139
-0.1,231,0.040846688,0.038832234,0.002014454
-0.1,232,0.011298282,0.003081577,0.0082167054
-0.1,233,-0.017012012,-0.018285813,0.0012738006
-0.1,234,0.030640883,0.026968559,0.0036723242
-0.1,235,0.094455407,0.086185151,0.0082702558
-0.1,236,0.096492007,0.096687208,-0.00019520155
-0.1,237,0.045961722,0.040229892,0.0057318305
-0.1,238,0.090770395,0.088802933,0.0019674613
-0.1,239,0.047241151,0.046541306,0.00069984514
-0.1,240,0.080653772,0.07307761,0.007576162
-0.1,241,0.070684816,0.063947591,0.0067372251
-0.1,242,0.015576282,0.008775178,0.0068011041
-0.1,243,0.017468486,0.026213029,-0.0087445429
-0.1,244,0.053851873,0.077044642,-0.023192769
-0.1,245,0.023158715,0.019689787,0.003468928
-0.1,246,-0.007789967,-0.015885654,0.0080956873
-0.1,247,0.016280089,0.008765922,0.007514167
-0.1,248,0.078559507,0.090054399,-0.011494892
-0.1,249,0.043213946,0.044322313,-0.0011083663
-0.1,250,0.090684414,0.086778912,0.0039055027
-0.1,251,0.071893077,0.065896573,0.0059965037
-0.1,252,0.09067253,0.092487667,-0.0018151366
-0.1,253,0.055848909,0.057824545,-0.0019756355
-0.1,254,0.1099386,0.10600353,0.0039350722
-0.1,255,0.044409245,0.053447141,-0.0090378961
-0.1,256,0.01986239,0.01144207,0.0084203202
-0.1,257,0.011404803,0.012727069,-0.0013222654
-0.1,258,0.027935804,0.020074066,0.0078617382
-0.1,259,-0.017059231,-0.019763132,0.0027039014
-0.1,260,0.047500339,0.041073013,0.0064273258
-0.1,261,0.041700109,0.037204322,0.0044957863
-0.1,262,0.045106961,0.036783686,0.0083232752
-0.1,263,0.075078784,0.073518992,0.0015597915
-0.1,264,0.084651922,0.082435363,0.002216559
-0.1,265,0.032534379,0.065612967,-0.033078588
-0.1,266,0.047276468,0.039449131,0.0078273366
-0.1,267,0.016190732,0.016820307,-0.00062957459
-0.1,268,0.036544447,0.041502744,-0.0049582962
-0.1,269,0.012281098,0.005423943,0.0068571546
-0.1,270,0.031233898,0.024731259,0.0065026392
-0.1,271,0.07748075,0.071406948,0.0060738018
-0.1,272,0.038013651,0.031128374,0.0068852771
-0.1,273,0.053712558,0.063398855,-0.0096862969
-0.1,274,0.05838687,0.051480733,0.0069061378
-0.1,275,0.043960594,0.035451472,0.0085091221
-0.1,276,0.082252993,0.084679818,-0.0024268252
-0.1,277,0.082110911,0.07372416,0.0083867502
-0.1,278,0.0731567,0.064044079,0.0091126209
-0.1,279,0.035964004,0.065623742,-0.029659738
-0.1,280,0.048341999,0.067693153,-0.019351154
-0.1,281,0.022609549,0.019195098,0.0034144505
-0.1,282,0.065494544,0.082911545,-0.017417001
-0.1,283,0.043765064,0.037300384,0.0064646806
-0.1,284,0.053886661,0.048827856,0.0050588054
-0.1,285,0.097629968,0.095362311,0.0022676566
-0.1,286,0.049695389,0.04500864,0.0046867482
-0.1,287,0.054926924,0.063233131,-0.0083062075
-0.1,288,0.046888844,0.04011173,0.0067771142
-0.1,289,0.10746659,0.10547384,0.0019927491
-0.1,290,0.05034193,0.044975315,0.0053666149
-0.1,291,0.068742648,0.066160473,0.0025821751
-0.1,292,0.064519945,0.072353233,-0.0078332879
-0.1,293,0.072083405,0.089447435,-0.01736403
-0.1,294,0.043903523,0.06054464,-0.016641117
-0.1,295,0.090288277,0.081914466,0.0083738104
-0.1,296,0.040880306,0.043093936,-0.0022136304
-0.1,297,0.042646523,0.037168055,0.005478468
-0.1,298,0.12680983,0.12486901,0.0019408212
-0.1,299,0.10175267,0.10812092,-0.0063682538
-0.1,300,0.065638688,0.085340537,-0.019701849
-0.1,301,0.037549129,0.028291824,0.0092573049
-0.1,302,0.02509617,0.019252017,0.0058441528
-0.1,303,0.088083571,0.11334809,-0.025264522
-0.1,304,0.039435988,0.039204576,0.00023141224
-0.1,305,0.052584929,0.048436315,0.0041486136
-0.1,306,0.038106707,0.02866306,0.0094436468
-0.1,307,0.07019354,0.063208574,0.0069849655
-0.1,308,0.067317251,0.057919395,0.0093978563
-0.1,309,0.057063026,0.073950061,-0.016887034
-0.1,310,0.13039068,0.13334404,-0.0029533609
-0.1,311,0.075316743,0.073667107,0.0016496352
-0.1,312,-0.0060406988,-0.013627042,0.0075863428
-0.1,313,0.043032354,0.048361801,-0.0053294473
-0.1,314,0.049164428,0.053256297,-0.004091869
-0.1,315,0.085589927,0.0871489,-0.0015589731
-0.1,316,0.090366464,0.081217916,0.0091485478
-0.1,317,0.14318633,0.14107601,0.0021103237
-0.1,318,0.070254517,0.082048678,-0.011794161
-0.1,319,0.096804333,0.088890809,0.0079135238
-0.1,320,0.044141261,0.034748089,0.0093931715
-0.1,321,0.12311436,0.11320252,0.0099118388
-0.1,322,0.055632115,0.059949089,-0.0043169734
-0.1,323,0.080905185,0.072652491,0.0082526944
-0.1,324,0.0455766,0.060364098,-0.014787497
-0.1,325,-0.020754455,-0.017518748,-0.0032357072
-0.1,326,0.022706365,0.050854386,-0.028148021
-0.1,327,0.089162908,0.082685077,0.0064778307
-0.1,328,0.045053173,0.035695001,0.0093581717
-0.1,329,0.071499592,0.068584202,0.00291539
-0.1,330,0.031255041,0.03873293,-0.0074778887
-0.1,331,0.13414281,0.1257447,0.0083981091
-0.1,332,0.071326685,0.12874397,-0.057417287
-0.1,333,0.057606915,0.05674392,0.00086299496
-0.1,334,0.024447735,0.017561027,0.0068867074
-0.1,335,0.084776061,0.084107099,0.00066896174
-0.1,336,0.063820539,0.074146893,-0.010326354
-0.1,337,0.10259451,0.096614723,0.0059797865
-0.1,338,0.070807206,0.063130776,0.0076764302
-0.1,339,0.047780477,0.040968961,0.0068115159
-0.1,340,0.10791598,0.10328461,0.00463137
-0.1,341,0.035257649,0.026452386,0.0088052627
-0.1,342,0.083823514,0.0849411,-0.0011175858
-0.1,343,0.065315115,0.079712202,-0.014397087
-0.1,344,0.062441015,0.061156365,0.0012846506
-0.1,345,0.10210423,0.099787937,0.0023162955
-0.1,346,0.078115234,0.070878877,0.0072363569
-0.1,347,0.085742374,0.078865818,0.0068765554
-0.1,348,0.11868329,0.1145178,0.0041654935
-0.1,349,0.030608816,0.025526489,0.0050823271
-0.1,350,0.088231647,0.083957243,0.0042744035
-0.1,351,0.049533089,0.055252373,-0.0057192838
-0.1,352,0.032732688,0.025037957,0.0076947311
-0.1,353,0.024376277,0.017054798,0.0073214785
-0.1,354,-0.014118217,-0.020025585,0.0059073689
-0.1,355,0.053309166,0.044825692,0.0084834736
-0.1,356,0.047598466,0.041508787,0.0060896784
-0.1,357,0.06337849,0.06421831,-0.00083982018
-0.1,358,0.080259027,0.07129519,0.0089638367
-0.1,359,0.082229468,0.086903009,-0.0046735407
-0.1,360,0.10765049,0.15683888,-0.049188383
-0.1,361,0.12106854,0.11419958,0.0068689594
-0.1,362,0.11312813,0.11282711,0.00030102034
-0.1,363,0.035214399,0.026269171,0.0089452283
-0.1,364,0.073972942,0.08605075,-0.012077808
-0.1,365,0.081625303,0.075202007,0.0064232955
-0.1,366,0.079417217,0.070938353,0.0084788641
-0.1,367,0.096947065,0.092297996,0.0046490685
-0.1,368,-0.013890047,-0.021180908,0.0072908612
-0.1,369,0.048129842,0.039767708,0.0083621341
-0.1,370,0.082980931,0.098990333,-0.016009402
-0.1,371,0.043611969,0.037740882,0.0058710873
-0.1,372,0.064934659,0.076619154,-0.011684495
-0.1,373,0.076709705,0.067147131,0.0095625739
-0.1,374,0.068988167,0.060964249,0.0080239175
-0.1,375,0.0010369926,-0.0041267833,0.0051637759
-0.1,376,0.044762367,0.036058122,0.0087042458
-0.1,377,0.12177479,0.11410485,0.0076699379
-0.1,378,0.07677808,0.091871974,-0.015093894
-0.1,379,0.0943574,0.12515684,-0.030799437
-0.1,380,0.028960929,0.022411763,0.0065491657
-0.1,381,0.054120607,0.046407066,0.0077135402
-0.1,382,0.03402704,0.040427265,-0.0064002244
-0.1,383,0.059325022,0.052461235,0.0068637865
-0.1,384,0.1037433,0.11271454,-0.0089712419
-0.1,385,0.1177254,0.10921326,0.0085121369
-0.1,386,0.029456087,0.02142657,0.008029517
-0.1,387,0.062244649,0.067050222,-0.0048055725
-0.1,388,0.053375611,0.053430735,-5.5124477e-05
-0.1,389,0.045820648,0.037663118,0.0081575304
-0.1,390,0.11943572,0.11304255,0.0063931702
-0.1,391,0.076480851,0.08115251,-0.0046716588
-0.1,392,0.10531746,0.09531217,0.010005287
-0.1,393,0.068821427,0.062835109,0.005986318
-0.1,394,-0.037819152,-0.017892326,-0.019926827
-0.1,395,0.080510214,0.072043923,0.0084662914
-0.1,396,0.0092790662,0.012171651,-0.0028925849
-0.1,397,0.10453783,0.096027046,0.008510785
-0.1,398,0.048784453,0.042159643,0.0066248109
-0.1,399,0.026349796,0.023450889,0.0028989076
-0.1,400,0.014734421,0.046116364,-0.031381943
-0.1,401,0.0091378976,0.0032529188,0.0058849788
-0.1,402,0.037353068,0.033131778,0.0042212899
-0.1,403,0.14667217,0.16669049,-0.020018328
-0.1,404,0.078315766,0.070748705,0.0075670616
-0.1,405,0.11057569,0.10628027,0.004295425
-0.1,406,0.036520633,0.028257673,0.0082629595
-0.1,407,0.066953231,0.05887242,0.008080811
-0.1,408,0.051468515,0.065982608,-0.014514093
-0.1,409,0.073038766,0.10660175,-0.033562985
-0.1,410,0.050858188,0.042788141,0.0080700474
-0.1,411,0.067191609,0.061268388,0.0059232213
-0.1,412,-0.050827206,-0.059059709,0.0082325034
-0.1,413,0.031086098,0.026266779,0.0048193187
-0.1,414,0.080856736,0.08014923,0.0007075056
-0.1,415,0.1029779,0.098232846,0.0047450493
-0.1,416,0.05445169,0.071506138,-0.017054449
-0.1,417,0.049757486,0.044032413,0.005725073
-0.1,418,0.088298106,0.087304177,0.00099392814
-0.1,419,0.038983761,0.040722926,-0.0017391649
-0.1,420,0.050784444,0.045410865,0.0053735792
-0.1,421,0.065779481,0.062785484,0.0029939969
-0.1,422,0.050271872,0.043929549,0.0063423223
-0.1,423,0.0082336295,0.0085693217,-0.00033569219
-0.1,424,0.044703532,0.048077935,-0.0033744028
-0.1,425,0.057777064,0.066800994,-0.0090239297
-0.1,426,0.032233626,0.027041902,0.0051917238
-0.1,427,0.058084918,0.054793985,0.0032909334
-0.1,428,0.043068838,0.042580428,0.00048840967
-0.1,429,0.068931791,0.066376895,0.0025548955
-0.1,430,0.10092736,0.096331223,0.0045961338
-0.1,431,0.057926708,0.054965416,0.0029612924
-0.1,432,0.046673452,0.038734857,0.0079385954
-0.1,433,0.046793874,0.042065222,0.0047286516
-0.1,434,0.059142694,0.074628858,-0.015486164
-0.1,435,0.082534667,0.075590511,0.006944156
-0.1,436,0.0069075654,0.0030245277,0.0038830377
-0.1,437,0.021213659,0.021647366,-0.00043370645
-0.1,438,0.0988886,0.090722302,0.0081662976
-0.1,439,0.096606207,0.088359447,0.0082467595
-0.1,440,0.076850928,0.069560239,0.0072906893
-0.1,441,0.078795895,0.076989787,0.0018061071
-0.1,442,0.14553762,0.14803164,-0.0024940169
-0.1,443,0.086175618,0.11666111,-0.030485493
-0.1,444,0.022659203,0.015314442,0.0073447611
-0.1,445,0.14554809,0.1376958,0.0078522914
-0.1,446,0.060434346,0.052022457,0.0084118887
-0.1,447,0.058412077,0.055356895,0.0030551825
-0.1,448,0.12252932,0.12188021,0.00064910775
-0.1,449,0.04350136,0.06455193,-0.02105057
-0.1,450,0.050988994,0.044229578,0.0067594158
-0.1,451,0.087634961,0.081702057,0.0059329037
-0.1,452,0.1018272,0.094276066,0.0075511324
-0.1,453,0.035165346,0.029611803,0.0055535432
-0.1,454,0.068745789,0.062113836,0.0066319532
-0.1,455,0.10148647,0.092878513,0.0086079587
-0.1,456,0.13012205,0.15002214,-0.019900093
-0.1,457,0.054359296,0.071589992,-0.017230696
-0.1,458,0.090653887,0.082778082,0.0078758053
-0.1,459,0.095282756,0.089705057,0.0055776992
-0.1,460,0.050477772,0.045167568,0.0053102038
-0.1,461,0.022717303,0.013237397,0.0094799056
-0.1,462,0.076189901,0.068613332,0.0075765693
-0.1,463,0.019497202,0.010064561,0.0094326411
-0.1,464,0.013608015,0.0091465025,0.0044615127
-0.1,465,0.051898681,0.060487403,-0.0085887225
-0.1,466,0.09944458,0.089114165,0.010330415
-0.1,467,0.023570888,0.019554388,0.0040164996
-0.1,468,0.07280187,0.066718348,0.0060835224
-0.1,469,0.077641006,0.070058294,0.0075827125
-0.1,470,0.057496125,0.048009649,0.0094864765
-0.1,471,0.048628394,0.039382446,0.0092459484
-0.1,472,0.060968577,0.052183053,0.0087855244
-0.1,473,0.071704872,0.078533291,-0.0068284192
-0.1,474,0.05728802,0.061696998,-0.0044089784
-0.1,475,0.076323684,0.070268748,0.0060549363
-0.1,476,0.085731464,0.097112264,-0.0113808
-0.1,477,0.057677656,0.050940845,0.0067368118
-0.1,478,0.072928146,0.067983147,0.0049449993
-0.1,479,0.0048938699,0.0061159151,-0.0012220452
-0.1,480,0.091834315,0.088137326,0.0036969886
-0.1,481,0.10281356,0.095041095,0.0077724655
-0.1,482,0.080876665,0.086692271,-0.0058156065
-0.1,483,0.033498369,0.03841724,-0.0049188709
-0.1,484,0.016292998,0.049908831,-0.033615833
-0.1,485,0.069215528,0.074524489,-0.0053089617
-0.1,486,0.054951195,0.05723149,-0.0022802944
-0.1,487,0.050669279,0.042104268,0.0085650114
-0.1,488,0.067407008,0.059014145,0.0083928631
-0.1,489,0.00059832222,-0.0072890312,0.0078873534
-0.1,490,0.064742142,0.060379516,0.0043626268
-0.1,491,0.083807445,0.07680669,0.0070007549
-0.1,492,0.09226236,0.090570134,0.0016922258
-0.1,493,0.020301835,0.0126547,0.0076471347
-0.1,494,0.021475785,0.01495525,0.0065205351
-0.1,495,0.076536847,0.078742455,-0.0022056084
-0.1,496,0.039654469,0.034227514,0.0054269545
-0.1,497,0.087096996,0.092210605,-0.0051136092
-0.1,498,0.1050671,0.10289964,0.0021674593
-0.1,499,0.054348245,0.052478214,0.0018700311
-0.1,500,0.0058061864,-0.0021244881,0.0079306745
-0.1,501,0.0051601085,0.004710584,0.00044952441
-0.1,502,0.019251129,0.062702292,-0.043451163
-0.1,503,-0.027835343,-0.024603906,-0.0032314365
-0.1,504,0.0098937703,0.0024524998,0.0074412705
-0.1,505,0.020954058,0.038895855,-0.017941798
-0.1,506,0.065633686,0.05986432,0.0057693664
-0.1,507,0.035103383,0.034421411,0.00068197201
-0.1,508,0.084849777,0.082877397,0.0019723809
-0.1,509,0.035499042,0.027594983,0.0079040594
-0.1,510,-0.024308278,-0.027909778,0.0036014996
-0.1,511,-0.0010123274,0.0059345124,-0.0069468398
-0.1,512,0.10636842,0.1011522,0.0052162259
-0.1,513,0.10817182,0.11254722,-0.0043754078
-0.1,514,0.11275973,0.1057344,0.0070253257
-0.1,515,0.072545457,0.068485491,0.0040599656
-0.1,516,0.047952094,0.05398174,-0.0060296458
-0.1,517,0.021291945,0.022561567,-0.0012696228
-0.1,518,0.085025491,0.077757015,0.0072684759
-0.1,519,0.025753289,0.01805895,0.0076943393
-0.1,520,0.062848974,0.088728052,-0.025879078
-0.1,521,0.10110972,0.094694441,0.0064152772
-0.1,522,0.10103319,0.092950573,0.0080826155
-0.1,523,0.030629163,0.026755011,0.0038741522
-0.1,524,0.019945321,0.011729062,0.0082162588
-0.1,525,0.034270519,0.034358461,-8.7942238e-05
-0.1,526,0.032051729,0.024422922,0.0076288075
-0.1,527,0.059000874,0.050895079,0.0081057956
-0.1,528,0.057149675,0.057185259,-3.5584792e-05
-0.1,529,0.049894888,0.045246341,0.0046485474
-0.1,530,0.074903277,0.067083262,0.0078200144
-0.1,531,0.054330051,0.052053238,0.0022768127
-0.1,532,0.0096443092,0.013401205,-0.0037568958
-0.1,533,0.084893101,0.07717942,0.0077136802
-0.1,534,0.0099094368,0.0072762485,0.0026331883
-0.1,535,-0.0013299329,-0.0066125862,0.0052826533
-0.1,536,0.036396542,0.026728557,0.0096679853
-0.1,537,0.019818224,0.012415392,0.0074028326
-0.1,538,0.073120702,0.078421484,-0.0053007824
-0.1,539,0.047207053,0.04132214,0.0058849134
-0.1,540,0.10287348,0.10269982,0.00017366691
-0.1,541,0.091338896,0.11385905,-0.022520157
-0.1,542,0.12174435,0.13348466,-0.011740304
-0.1,543,0.059778079,0.054757979,0.0050200998
-0.1,544,0.029746501,0.022094591,0.00765191
-0.1,545,0.034081077,0.026576557,0.0075045194
-0.1,546,0.03673849,0.029140138,0.0075983517
-0.1,547,0.0013668863,-0.0067919848,0.008158871
-0.1,548,0.047884858,0.039832628,0.0080522303
-0.1,549,0.10712397,0.11410112,-0.0069771549
-0.1,550,-0.0050156778,-0.012282626,0.0072669479
-0.1,551,0.095755778,0.088777608,0.0069781703
-0.1,552,0.01959993,0.013729821,0.0058701098
-0.1,553,0.048057178,0.043458564,0.0045986146
-0.1,554,0.09920761,0.091593848,0.007613762
-0.1,555,0.044387027,0.037455105,0.0069319222
-0.1,556,0.10540011,0.10786383,-0.0024637249
-0.1,557,0.040850089,0.049204147,-0.008354058
-0.1,558,0.028144981,0.020979336,0.0071656442
-0.1,559,0.080160644,0.10727785,-0.027117207
-0.1,560,0.086869387,0.079877478,0.0069919086
-0.1,561,0.1131831,0.1100482,0.0031348934
-0.1,562,0.066852964,0.058138109,0.0087148553
-0.1,563,-0.016741111,-0.022025236,0.0052841246
-0.1,564,0.088579071,0.079776357,0.0088027141
-0.1,565,0.066594688,0.061129006,0.0054656814
-0.1,566,0.021170857,0.031362086,-0.01019123
-0.1,567,0.053460754,0.05201037,0.0014503838
-0.1,568,0.040080093,0.033465338,0.0066147556
-0.1,569,0.029110909,0.020574332,0.0085365773
-0.1,570,0.075349098,0.077533979,-0.0021848811
-0.1,571,0.018468027,0.011767994,0.0067000333
-0.1,572,0.026016241,0.021087282,0.004928959
-0.1,573,0.014426209,0.0094183277,0.0050078816
-0.1,574,0.030969362,0.030973764,-4.4019137e-06
-0.1,575,0.052856464,0.04592142,0.006935044
-0.1,576,0.11078951,0.10999893,0.00079058425
-0.1,577,0.081550364,0.073827456,0.007722908
-0.1,578,0.032938561,0.026012917,0.0069256436
-0.1,579,0.046283359,0.047177102,-0.00089374273
-0.1,580,0.090939102,0.084639247,0.0062998542
-0.1,581,0.049892384,0.047251553,0.0026408307
-0.1,582,0.10482859,0.09838256,0.0064460288
-0.1,583,0.028975316,0.021337474,0.007637842
-0.1,584,0.060177405,0.052284407,0.0078929979
-0.1,585,0.042821374,0.060148197,-0.017326823
-0.1,586,-0.02639979,-0.004854771,-0.021545019
-0.1,587,0.0076345501,0.0016317205,0.0060028296
-0.1,588,0.056806009,0.060186199,-0.0033801892
-0.1,589,0.053215159,0.050792825,0.0024223349
-0.1,590,0.089015412,0.092765504,-0.0037500919
-0.1,591,0.11522089,0.11427159,0.00094929767
-0.1,592,0.040523846,0.032578982,0.0079448639
-0.1,593,-0.039316773,-0.04575971,0.0064429371
-0.1,594,0.063209491,0.065490202,-0.0022807111
-0.1,595,0.092918472,0.086725404,0.0061930681
-0.1,596,0.055059731,0.050756342,0.0043033886
-0.1,597,0.050246995,0.044252873,0.0059941223
-0.1,598,0.094136445,0.085828961,0.0083074834
-0.1,599,0.048494119,0.046900185,0.0015939337
-0.1,600,0.091816379,0.10114248,-0.0093261051
-0.1,601,0.044665101,0.037577151,0.0070879497
-0.1,602,0.096543548,0.090273072,0.006270476
-0.1,603,0.040093467,0.033504773,0.0065886942
-0.1,604,0.050174649,0.096384403,-0.046209755
-0.1,605,0.051150999,0.066610031,-0.015459032
-0.1,606,0.0080513719,0.024361067,-0.016309695
-0.1,607,0.068401622,0.06246979,0.0059318322
-0.1,608,0.049385475,0.043235084,0.0061503912
-0.1,609,0.040000433,0.032076116,0.007924317
-0.1,610,0.012038026,0.0233212,-0.011283174
-0.1,611,0.028569223,0.024589698,0.0039795253
-0.1,612,0.048635485,0.053319779,-0.0046842948
-0.1,613,0.080991184,0.07707031,0.003920874
-0.1,614,0.066658654,0.071760586,-0.0051019323
-0.1,615,0.10494579,0.095799464,0.0091463249
-0.1,616,0.092793009,0.087493699,0.0052993103
-0.1,617,0.035555548,0.026980464,0.0085750835
-0.1,618,0.047682218,0.04082715,0.0068550683
-0.1,619,0.026566745,0.02665702,-9.0275234e-05
-0.1,620,0.11107094,0.12832476,-0.017253814
-0.1,621,0.056434954,0.054232517,0.0022024369
-0.1,622,0.057909618,0.054890293,0.0030193249
-0.1,623,0.010896943,0.014472964,-0.0035760211
-0.1,624,0.045678121,0.041289496,0.0043886242
-0.1,625,0.0036106125,0.0022449298,0.0013656827
-0.1,626,0.066342506,0.059918825,0.0064236809
-0.1,627,0.07182995,0.068967787,0.0028621631
-0.1,628,0.051163673,0.043715391,0.0074482823
-0.1,629,0.10691744,0.098909605,0.0080078373
-0.1,630,-0.0086714764,-0.013479243,0.0048077667
-0.1,631,0.0086997844,0.001255052,0.0074447324
-0.1,632,0.01267185,0.023539039,-0.010867189
-0.1,633,0.00018972036,-0.0048979468,0.0050876672
-0.1,634,0.10369839,0.094816644,0.0088817463
-0.1,635,0.10421009,0.097528737,0.0066813503
-0.1,636,0.052657975,0.050748735,0.0019092401
-0.1,637,0.014262361,0.014403559,-0.00014119792
-0.1,638,0.092895481,0.087873862,0.0050216184
-0.1,639,0.070937647,0.061863057,0.0090745894
-0.1,640,0.051232251,0.040815584,0.010416666
-0.1,641,0.047690026,0.040829281,0.006860745
-0.1,642,0.090424817,0.083301915,0.0071229022
-0.1,643,0.040145457,0.04604428,-0.0058988233
-0.1,644,0.019973445,0.012480534,0.0074929107
-0.1,645,0.019847841,0.019190623,0.0006572179
-0.1,646,0.10413532,0.099260724,0.0048745996
-0.1,647,0.028332935,0.023289299,0.0050436363
-0.1,648,0.050756142,0.048711479,0.0020446624
-0.1,649,0.11397587,0.10369286,0.010283006
-0.1,650,0.0489217,0.051994413,-0.0030727132
-0.1,651,0.11948694,0.12004803,-0.00056108103
-0.1,652,0.079699875,0.075483683,0.0042161914
-0.1,653,0.029756815,0.036309425,-0.0065526099
-0.1,654,0.14457084,0.14370109,0.0008697524
-0.1,655,0.052062185,0.042751227,0.0093109576
-0.1,656,0.14721955,0.13900637,0.0082131846
-0.1,657,0.037422699,0.046580325,-0.0091576255
-0.1,658,0.03008475,0.021836793,0.0082479571
-0.1,659,0.090472795,0.084814445,0.0056583493
-0.1,660,0.055156907,0.050323794,0.0048331125
-0.1,661,0.070870636,0.072209617,-0.0013389815
-0.1,662,0.048597753,0.048088455,0.00050929859
-0.1,663,0.037890385,0.029854538,0.0080358469
-0.1,664,0.067368839,0.063578596,0.0037902434
-0.1,665,0.10217692,0.10469243,-0.0025155067
-0.1,666,0.077126309,0.071451883,0.005674426
-0.1,667,0.037878142,0.048171779,-0.010293637
-0.1,668,0.079043148,0.097289277,-0.018246129
-0.1,669,0.039239157,0.033562331,0.0056768254
-0.1,670,0.043707242,0.037771202,0.0059360399
-0.1,671,0.086554347,0.081791588,0.0047627586
-0.1,672,0.12190697,0.12486242,-0.0029554454
-0.1,673,0.017530326,0.011589557,0.0059407685
-0.1,674,0.064799634,0.057126171,0.0076734626
-0.1,675,0.05676341,0.062884455,-0.0061210448
-0.1,676,0.092756923,0.083994955,0.0087619675
-0.1,677,0.020938555,0.027168388,-0.0062298336
-0.1,678,0.105026,0.10419463,0.00083136973
-0.1,679,0.12069432,0.11998926,0.00070505771
-0.1,680,0.12869962,0.12913289,-0.00043326414
-0.1,681,0.065125212,0.070858707,-0.0057334954
-0.1,682,0.04986562,0.041380937,0.0084846835
-0.1,683,0.057638163,0.095821465,-0.038183302
-0.1,684,0.12330623,0.1450618,-0.021755573
-0.1,685,0.072345852,0.0677696,0.004576252
-0.1,686,0.11724896,0.13311382,-0.015864862
-0.1,687,0.094192105,0.09043038,0.0037617252
-0.1,688,0.081970627,0.073774277,0.0081963506
-0.1,689,0.0088913661,0.016155521,-0.0072641546
-0.1,690,0.089229286,0.080341315,0.0088879713
-0.1,691,0.013191293,0.018006524,-0.0048152309
-0.1,692,0.043482015,0.034720081,0.0087619339
-0.1,693,0.022313335,0.016036084,0.0062772518
-0.1,694,0.03462537,0.028675164,0.0059502067
-0.1,695,0.11434721,0.1066226,0.0077246119
-0.1,696,0.088977146,0.080522444,0.008454702
-0.1,697,0.12672841,0.1212195,0.0055089095
-0.1,698,0.0070907795,5.6794909e-05,0.0070339846
-0.1,699,0.099122685,0.09880307,0.00031961472
-0.1,700,0.10548966,0.098169783,0.0073198745
-0.1,701,0.14542411,0.15148833,-0.006064218
-0.1,702,0.074951852,0.065320909,0.0096309434
-0.1,703,-0.0034245932,-0.010578538,0.0071539447
-0.1,704,0.15032457,0.17606752,-0.025742945
-0.1,705,0.06724977,0.058696563,0.0085532072
-0.1,706,0.080388072,0.073646668,0.006741404
-0.1,707,0.050341521,0.043845723,0.0064957977
-0.1,708,-0.0064690662,-0.012653395,0.0061843289
-0.1,709,0.056433668,0.049346661,0.0070870072
-0.1,710,0.050813477,0.042889782,0.0079236954
-0.1,711,0.13954887,0.13094221,0.0086066618
-0.1,712,0.1349415,0.12813703,0.0068044713
-0.1,713,0.020780012,0.023901229,-0.0031212179
-0.1,714,0.05695655,0.050251546,0.0067050048
-0.1,715,0.02292532,0.017610951,0.0053143685
-0.1,716,0.086102555,0.078389354,0.0077132018
-0.1,717,0.078759908,0.072678787,0.006081121
-0.1,718,0.054933778,0.055219925,-0.00028614746
-0.1,719,0.11245956,0.10786085,0.0045987075
-0.1,720,0.068460426,0.060633544,0.0078268827
-0.1,721,0.054662806,0.056684325,-0.0020215192
-0.1,722,0.043772179,0.045110371,-0.0013381918
-0.1,723,0.056851751,0.063727585,-0.006875834
-0.1,724,0.033178656,0.02958297,0.0035956866
-0.1,725,0.056644737,0.063944558,-0.0072998208
-0.1,726,-0.015672422,-0.023370373,0.0076979508
-0.1,727,0.016270048,0.0082317035,0.0080383446
-0.1,728,0.14780064,0.14327238,0.0045282609
-0.1,729,0.12193978,0.14096615,-0.019026377
-0.1,730,0.101718,0.093817001,0.0079010038
-0.1,731,0.072436628,0.065529725,0.0069069036
-0.1,732,0.074019616,0.077326522,-0.0033069053
-0.1,733,0.04414347,0.053789537,-0.0096460668
-0.1,734,0.066463803,0.061539635,0.0049241672
-0.1,735,0.10682243,0.098960674,0.007861757
-0.1,736,0.042970124,0.046028419,-0.0030582949
-0.1,737,0.054710495,0.057249863,-0.0025393679
-0.1,738,0.07018561,0.078147404,-0.007961794
-0.1,739,0.0060389766,0.0049417016,0.0010972751
-0.1,740,0.077318629,0.10153868,-0.024220047
-0.1,741,0.048992744,0.050600141,-0.0016073968
-0.1,742,0.057276436,0.049517284,0.0077591527
-0.1,743,0.12272865,0.11838624,0.0043424124
-0.1,744,0.078916073,0.07901761,-0.00010153694
-0.1,745,0.031764127,0.026548726,0.0052154013
-0.1,746,0.012306856,0.0075977927,0.0047090635
-0.1,747,0.075694449,0.082840919,-0.0071464703
-0.1,748,0.060723114,0.054083474,0.0066396403
-0.1,749,0.03718682,0.032163395,0.0050234253
-0.1,750,0.094547414,0.086115968,0.0084314456
-0.1,751,0.071348198,0.067409077,0.0039391218
-0.1,752,0.018140256,0.015775976,0.00236428
-0.1,753,0.061170892,0.053133866,0.0080370256
-0.1,754,0.06946061,0.061115528,0.0083450821
-0.1,755,0.064753723,0.056278659,0.0084750636
-0.1,756,0.10693835,0.1310697,-0.024131349
-0.1,757,0.046512029,0.049070726,-0.0025586969
-0.1,758,0.053252961,0.048926032,0.0043269292
-0.1,759,0.03566678,0.036062577,-0.00039579759
-0.1,760,0.082464861,0.073902951,0.00856191
-0.1,761,0.060382473,0.060890531,-0.00050805734
-0.1,762,0.017995647,0.0093602385,0.0086354085
-0.1,763,0.027363961,0.02520719,0.0021567708
-0.1,764,0.081184342,0.074975429,0.006208913
-0.1,765,0.10646,0.098811712,0.0076482868
-0.1,766,0.074273373,0.066310545,0.007962828
-0.1,767,0.08659242,0.086921461,-0.00032904184
-0.1,768,0.063700769,0.055477929,0.0082228401
-0.1,769,0.057382168,0.050290277,0.0070918913
-0.1,770,0.10457808,0.093413558,0.011164525
-0.1,771,0.075993815,0.066962089,0.0090317264
-0.1,772,0.01020043,0.012171523,-0.0019710929
-0.1,773,0.099852694,0.098141522,0.0017111717
-0.1,774,0.073798982,0.098151617,-0.024352635
-0.1,775,0.05006422,0.046189359,0.0038748602
-0.1,776,0.03949704,0.032311903,0.0071851372
-0.1,777,0.031620958,0.024315473,0.0073054858
-0.1,778,0.017780554,0.0094172175,0.0083633369
-0.1,779,0.047526794,0.048251442,-0.00072464819
-0.1,780,0.047047575,0.052080774,-0.005033199
-0.1,781,0.087390296,0.079119736,0.0082705595
-0.1,782,0.034503084,0.029295878,0.0052072052
-0.1,783,0.062926066,0.056896133,0.0060299329
-0.1,784,-0.0015141618,0.012756037,-0.014270199
-0.1,785,0.058571549,0.050284398,0.0082871501
-0.1,786,0.12387816,0.12501538,-0.0011372141
-0.1,787,0.028011859,0.022824233,0.0051876259
-0.1,788,0.045773287,0.051783021,-0.0060097337
-0.1,789,0.032291609,0.025320838,0.0069707713
-0.1,790,0.05651018,0.050903678,0.0056065018
-0.1,791,0.090998726,0.10694713,-0.015948409
-0.1,792,0.085678333,0.078370801,0.0073075324
-0.1,793,0.079205678,0.070383977,0.0088217014
-0.1,794,0.12812435,0.13434341,-0.0062190553
-0.1,795,0.076326618,0.075260564,0.0010660546
-0.1,796,0.0026142484,-0.0061519335,0.0087661819
-0.1,797,0.089234327,0.090947004,-0.0017126766
-0.1,798,0.026795128,0.020775709,0.006019419
-0.1,799,0.089932481,0.092073111,-0.0021406293
-0.1,800,0.11088171,0.10390939,0.0069723205
-0.1,801,0.048761689,0.060346043,-0.011584354
-0.1,802,0.11114711,0.10324875,0.0078983585
-0.1,803,0.051434972,0.044909433,0.0065255387
-0.1,804,0.0032523622,-0.00091418092,0.0041665431
-0.1,805,0.079634578,0.076539601,0.0030949767
-0.1,806,0.074003977,0.066078734,0.0079252424
-0.1,807,0.058807148,0.069758969,-0.010951821
-0.1,808,0.01673126,0.012141611,0.004589649
-0.1,809,0.035442198,0.027606894,0.0078353037
-0.1,810,0.016547053,0.037420745,-0.020873693
-0.1,811,0.10184861,0.094401397,0.0074472085
-0.1,812,0.13620358,0.12687531,0.0093282669
-0.1,813,0.099147393,0.093555368,0.0055920252
-0.1,814,0.041993046,0.036246625,0.0057464205
-0.1,815,0.089470055,0.085811201,0.0036588541
-0.1,816,0.044501195,0.040480618,0.004020577
-0.1,817,0.067068623,0.065297968,0.0017706552
-0.1,818,0.078183119,0.078281583,-9.8463892e-05
-0.1,819,0.050160299,0.042368673,0.0077916269
-0.1,820,0.10089548,0.10551712,-0.0046216304
-0.1,821,0.08435479,0.07582241,0.0085323803
-0.1,822,0.05871177,0.053500883,0.0052108865
-0.1,823,0.084536953,0.080153997,0.0043829554
-0.1,824,0.079444324,0.074206233,0.0052380913
-0.1,825,0.025478252,0.017565226,0.0079130263
-0.1,826,0.070371154,0.062976379,0.007394775
-0.1,827,-0.0036689906,-0.010502565,0.0068335749
-0.1,828,0.011794345,0.011029347,0.00076499789
-0.1,829,0.014696653,0.011015436,0.0036812173
-0.1,830,0.035587661,0.028419537,0.0071681245
-0.1,831,0.062924005,0.062129525,0.00079448021
-0.1,832,0.055085372,0.046349279,0.0087360925
-0.1,833,0.033228446,0.027317692,0.0059107537
-0.1,834,0.11800178,0.11311106,0.0048907193
-0.1,835,0.065032683,0.061551534,0.003481149
-0.1,836,0.072008303,0.078810627,-0.0068023236
-0.1,837,0.04037434,0.033370094,0.0070042457
-0.1,838,0.019523893,0.019397125,0.00012676897
-0.1,839,0.010615576,0.0033732656,0.0072423101
-0.1,840,0.062586352,0.055182969,0.0074033826
-0.1,841,0.011374513,0.003799919,0.0075745944
-0.1,842,0.078825136,0.07718335,0.0016417863
-0.1,843,0.071415885,0.060903927,0.010511958
-0.1,844,0.082916225,0.076944216,0.0059720088
-0.1,845,-0.0045615991,0.0013611613,-0.0059227605
-0.1,846,0.082486054,0.086813988,-0.0043279346
-0.1,847,0.011853461,0.0042269534,0.0076265071
-0.1,848,0.084332252,0.08538936,-0.001057108
-0.1,849,0.034578066,0.026901009,0.0076770566
-0.1,850,0.093653543,0.1027791,-0.0091255575
-0.1,851,0.018152626,0.034801951,-0.016649325
-0.1,852,0.050129662,0.04297304,0.0071566221
-0.1,853,0.012271006,0.010479379,0.0017916271
-0.1,854,0.060882263,0.055726138,0.0051561244
-0.1,855,0.096809798,0.10017345,-0.003363652
-0.1,856,0.0051599442,-0.0013846238,0.006544568
-0.1,857,0.047581073,0.03905312,0.008527953
-0.1,858,0.01263155,0.0092173491,0.0034142007
-0.1,859,0.023810254,0.048925782,-0.025115528
-0.1,860,0.059748896,0.062223455,-0.002474559
-0.1,861,0.045930549,0.050461072,-0.0045305226
-0.1,862,0.099892253,0.11554623,-0.015653978
-0.1,863,0.038865595,0.030457299,0.0084082958
-0.1,864,0.12349427,0.11645141,0.0070428651
-0.1,865,0.10225793,0.094336765,0.0079211663
-0.1,866,0.04467214,0.03924585,0.0054262899
-0.1,867,-0.01012088,-0.017987203,0.0078663235
-0.1,868,0.04680844,0.047015163,-0.000206723
-0.1,869,0.068770875,0.05964056,0.0091303145
-0.1,870,0.070123146,0.062702821,0.0074203242
-0.1,871,-0.0065670348,-0.0035490498,-0.003017985
-0.1,872,0.11532714,0.13038093,-0.015053787
-0.1,873,0.10217714,0.10130279,0.00087435394
-0.1,874,0.080158966,0.075104704,0.005054262
-0.1,875,0.13285474,0.12610344,0.0067512997
-0.1,876,0.055961272,0.064029109,-0.0080678376
-0.1,877,0.057585395,0.061399934,-0.0038145391
-0.1,878,0.057595399,0.050972941,0.006622458
-0.1,879,0.050748875,0.042115601,0.0086332737
-0.1,880,-0.023159898,-0.025486673,0.0023267755
-0.1,881,-0.003795854,0.00099311053,-0.0047889645
-0.1,882,-0.012822998,-0.021112404,0.0082894061
-0.1,883,0.056203834,0.052597026,0.0036068083
-0.1,884,0.087782721,0.080836027,0.006946694
-0.1,885,0.080672913,0.072280311,0.0083926021
-0.1,886,0.039548047,0.031455728,0.0080923191
-0.1,887,0.073804614,0.065325921,0.0084786927
-0.1,888,0.063157334,0.085626953,-0.022469619
-0.1,889,0.068760939,0.063063953,0.0056969858
-0.1,890,0.10299386,0.096707224,0.0062866351
-0.1,891,0.064848747,0.05835867,0.0064900769
-0.1,892,0.15610005,0.15033181,0.0057682457
-0.1,893,0.12289148,0.1143689,0.008522585
-0.1,894,0.020433465,0.017987923,0.0024455414
-0.1,895,0.073988085,0.069656339,0.0043317458
-0.1,896,0.04321942,0.047240553,-0.0040211326
-0.1,897,0.072865696,0.068003087,0.0048626095
-0.1,898,0.09046896,0.09410518,-0.0036362192
-0.1,899,0.040933384,0.032533077,0.0084003074
-0.1,900,0.023756335,0.015800451,0.0079558839
-0.1,901,0.038526421,0.056661377,-0.018134956
-0.1,902,0.066150428,0.068490468,-0.0023400397
-0.1,903,0.062543103,0.060796935,0.0017461677
-0.1,904,0.072843845,0.10918169,-0.036337841
-0.1,905,0.051674053,0.050177561,0.001496492
-0.1,906,0.049765779,0.043550392,0.0062153873
-0.1,907,0.092238359,0.089172338,0.0030660215
-0.1,908,-0.0070616485,-0.014136122,0.0070744739
-0.1,909,0.065668559,0.092748922,-0.027080363
-0.1,910,0.078963326,0.070493671,0.0084696546
-0.1,911,0.072228425,0.085195142,-0.012966717
-0.1,912,0.12099132,0.11163283,0.0093584823
-0.1,913,-0.00017068231,-0.0074740233,0.007303341
-0.1,914,0.042795696,0.041912762,0.00088293412
-0.1,915,0.058170855,0.049998383,0.0081724722
-0.1,916,0.075158435,0.079748101,-0.0045896663
-0.1,917,0.025576679,0.016668771,0.0089079077
-0.1,918,0.027525814,0.043731987,-0.016206174
-0.1,919,0.090010779,0.082992372,0.0070184069
-0.1,920,-0.011125925,-0.018986152,0.0078602272
-0.1,921,0.015304753,0.010011985,0.0052927681
-0.1,922,0.066983487,0.057698998,0.0092844887
-0.1,923,0.090984943,0.084120126,0.0068648168
-0.1,924,0.038717204,0.040411007,-0.0016938037
-0.1,925,-0.021107621,-0.026244024,0.0051364031
-0.1,926,0.066906722,0.069310487,-0.002403765
-0.1,927,0.063474595,0.055538468,0.0079361276
-0.1,928,0.04892001,0.043509738,0.0054102716
-0.1,929,0.087761326,0.078748427,0.0090128989
-0.1,930,0.057947925,0.052157112,0.0057908125
-0.1,931,0.088602563,0.084159885,0.0044426782
-0.1,932,0.00049886249,0.019424609,-0.018925746
-0.1,933,0.0052112233,-0.003463104,0.0086743273
-0.1,934,0.058383393,0.050678832,0.0077045614
-0.1,935,0.12615225,0.11832782,0.0078244242
-0.1,936,0.023241711,0.015480487,0.007761224
-0.1,937,0.077145019,0.076703056,0.00044196338
-0.1,938,0.060151302,0.057546832,0.0026044702
-0.1,939,0.11217204,0.12078092,-0.0086088841
-0.1,940,0.16502548,0.17833218,-0.013306692
-0.1,941,0.10225089,0.094553994,0.0076968988
-0.1,942,0.081987811,0.098568617,-0.016580806
-0.1,943,0.052563237,0.044838634,0.0077246028
-0.1,944,-0.0014976761,-0.0098640268,0.0083663506
-0.1,945,0.045028239,0.037132807,0.0078954318
-0.1,946,0.11373502,0.10402057,0.0097144499
-0.1,947,0.036633657,0.036882989,-0.00024933242
-0.1,948,0.12541631,0.11701363,0.0084026802
-0.1,949,0.085358733,0.07759369,0.0077650426
-0.1,950,0.071642709,0.064955178,0.0066875318
-0.1,951,0.086825483,0.085139214,0.0016862684
-0.1,952,0.066171983,0.076731342,-0.010559359
-0.1,953,0.08428875,0.077700669,0.0065880811
-0.1,954,0.072186639,0.067456294,0.0047303457
-0.1,955,0.052000417,0.051616329,0.00038408792
-0.1,956,0.048768959,0.066780827,-0.018011868
-0.1,957,0.044380614,0.068500443,-0.024119829
-0.1,958,0.017240884,0.017873414,-0.00063252936
-0.1,959,0.023386644,0.029542608,-0.0061559639
-0.1,960,0.090784484,0.093637225,-0.0028527413
-0.1,961,0.044133701,0.043426534,0.00070716735
-0.1,962,0.12482441,0.13995756,-0.015133149
-0.1,963,0.051488629,0.044043501,0.0074451287
-0.1,964,0.069636633,0.072872208,-0.0032355754
-0.1,965,0.051693348,0.043679884,0.0080134643
-0.1,966,0.096586894,0.10214781,-0.0055609155
-0.1,967,0.03538357,0.027943155,0.0074404152
-0.1,968,0.060606267,0.074436172,-0.013829905
-0.1,969,0.024728091,0.019639577,0.005088514
-0.1,970,0.069786451,0.061209854,0.0085765961
-0.1,971,0.04993662,0.040356018,0.0095806013
-0.1,972,0.014099195,0.0090016592,0.0050975362
-0.1,973,0.064560706,0.061879321,0.0026813856
-0.1,974,0.024836271,0.026680184,-0.0018439126
-0.1,975,0.0865514,0.078242237,0.0083091637
-0.1,976,0.063174364,0.055112852,0.008061512
-0.1,977,0.089340965,0.081780248,0.0075607171
-0.1,978,0.088911373,0.11885453,-0.029943156
-0.1,979,0.033375923,0.025746112,0.0076298108
-0.1,980,0.025500557,0.03681897,-0.011318414
-0.1,981,0.090806891,0.090007521,0.00079937012
-0.1,982,0.13395323,0.13037671,0.0035765246
-0.1,983,0.04445453,0.040324176,0.0041303536
-0.1,984,0.028601444,0.033454531,-0.0048530876
-0.1,985,-0.0047009756,0.00065816716,-0.0053591428
-0.1,986,0.037490497,0.029195035,0.0082954626
-0.1,987,0.067619761,0.059900747,0.0077190135
-0.1,988,0.081053746,0.075486732,0.0055670133
-0.1,989,0.040553896,0.032709147,0.0078447487
-0.1,990,0.047124482,0.057566144,-0.010441662
-0.1,991,0.00084856589,-0.0065633914,0.0074119573
-0.1,992,0.025180736,0.023923141,0.0012575953
-0.1,993,0.06401657,0.067753075,-0.0037365056
-0.1,994,-0.0083244136,-0.0060128972,-0.0023115164
-0.1,995,0.097363795,0.10494535,-0.0075815553
-0.1,996,0.091007479,0.10162113,-0.010613646
-0.1,997,0.091613063,0.088393412,0.003219651
-0.1,998,0.054972146,0.047779464,0.0071926821
-0.1,999,0.03011253,0.022110639,0.008001891
-0.05,0,0.046808254,0.038787651,0.0080206027
-0.05,1,0.068063959,0.061796217,0.0062677419
-0.05,2,0.0054133178,0.00096321244,0.0044501054
-0.05,3,0.053957741,0.047184824,0.0067729174
-0.05,4,0.031778477,0.032137322,-0.0003588446
-0.05,5,0.0053703272,0.0010885771,0.0042817502
-0.05,6,0.030256898,0.036698258,-0.0064413595
-0.05,7,0.104906,0.12226958,-0.017363578
-0.05,8,0.057641556,0.057963193,-0.00032163651
-0.05,9,0.028521613,0.021341873,0.0071797403
-0.05,10,0.041767995,0.060921071,-0.019153076
-0.05,11,0.060294771,0.055614894,0.004679877
-0.05,12,0.069574416,0.067376674,0.0021977416
-0.05,13,0.092244705,0.083908142,0.0083365628
-0.05,14,0.038751097,0.03134552,0.007405577
-0.05,15,0.02916049,0.024390505,0.0047699843
-0.05,16,0.086848156,0.07713712,0.0097110354
-0.05,17,0.077263797,0.06810105,0.0091627475
-0.05,18,0.035391289,0.054174907,-0.018783619
-0.05,19,0.058931865,0.070914918,-0.011983054
-0.05,20,0.10705267,0.11602983,-0.0089771616
-0.05,21,0.07210623,0.064470027,0.0076362029
-0.05,22,0.12609644,0.11918339,0.0069130418
-0.05,23,0.11317392,0.1203847,-0.0072107839
-0.05,24,0.0475563,0.044737512,0.0028187885
-0.05,25,-0.009492671,0.00798217,-0.017474841
-0.05,26,0.03104357,0.026489734,0.0045538353
-0.05,27,0.038499628,0.03124253,0.0072570982
-0.05,28,0.11356846,0.1045219,0.0090465648
-0.05,29,0.015201719,0.0081049726,0.0070967467
-0.05,30,-0.015245865,0.0092561614,-0.024502027
-0.05,31,0.038037869,0.030936258,0.0071016111
-0.05,32,0.035286948,0.046469056,-0.011182109
-0.05,33,0.04003604,0.035724197,0.0043118434
-0.05,34,0.10051971,0.10549758,-0.0049778787
-0.05,35,0.088648827,0.082924772,0.0057240551
-0.05,36,0.079150883,0.072031883,0.0071190002
-0.05,37,0.084712802,0.077537896,0.0071749061
-0.05,38,0.13675698,0.15564699,-0.018890016
-0.05,39,0.061324563,0.07656327,-0.015238707
-0.05,40,0.076031965,0.077776092,-0.0017441266
-0.05,41,0.039165397,0.036002578,0.0031628189
-0.05,42,0.11242117,0.1078106,0.0046105745
-0.05,43,0.052701212,0.050290597,0.002410615
-0.05,44,0.10108742,0.095916642,0.0051707781
-0.05,45,0.034135335,0.045682731,-0.011547396
-0.05,46,0.050071619,0.051422604,-0.0013509855
-0.05,47,0.076768371,0.068035198,0.0087331727
-0.05,48,0.033282511,0.028786361,0.0044961501
-0.05,49,0.033705201,0.029643229,0.004061972
-0.05,50,0.057988664,0.060260788,-0.0022721243
-0.05,51,0.051012805,0.044899068,0.006113737
-0.05,52,0.014404582,0.01184794,0.0025566422
-0.05,53,0.12105086,0.12244156,-0.0013907026
-0.05,54,0.076011423,0.069771624,0.0062397984
-0.05,55,0.017703672,0.013769177,0.0039344947
-0.05,56,0.039381569,0.050729156,-0.011347586
-0.05,57,0.1075597,0.10008637,0.0074733335
-0.05,58,0.097029294,0.1043934,-0.0073641086
-0.05,59,0.035664649,0.048419484,-0.012754835
-0.05,60,0.080983419,0.07320773,0.0077756887
-0.05,61,0.059124699,0.055201661,0.0039230375
-0.05,62,0.089185932,0.082102462,0.0070834701
-0.05,63,0.050936031,0.047641456,0.0032945745
-0.05,64,0.099454009,0.090633835,0.0088201743
-0.05,65,0.014197998,0.0092240742,0.0049739242
-0.05,66,0.083459526,0.081808458,0.0016510679
-0.05,67,0.053953493,0.044735696,0.0092177962
-0.05,68,0.061539594,0.052265228,0.0092743661
-0.05,69,0.10080083,0.091931482,0.0088693462
-0.05,70,0.072060385,0.073628274,-0.0015678895
-0.05,71,0.052377578,0.047204137,0.0051734412
-0.05,72,0.083279719,0.075100719,0.0081790002
-0.05,73,0.074042291,0.072061104,0.0019811875
-0.05,74,0.032138555,0.025779267,0.0063592884
-0.05,75,0.028455111,0.023113622,0.0053414887
-0.05,76,0.094361495,0.087942377,0.0064191188
-0.05,77,0.15317686,0.15402078,-0.00084392016
-0.05,78,0.10257334,0.093142939,0.0094304059
-0.05,79,0.11739944,0.12997896,-0.012579511
-0.05,80,0.012353067,0.0052639777,0.0070890897
-0.05,81,0.096353852,0.11517603,-0.018822183
-0.05,82,0.012487316,0.011582968,0.00090434853
-0.05,83,0.061394817,0.057237206,0.0041576107
-0.05,84,0.038396292,0.038228024,0.00016826793
-0.05,85,0.095455448,0.089380602,0.0060748459
-0.05,86,0.074915672,0.076590556,-0.0016748844
-0.05,87,0.11046651,0.12189891,-0.011432403
-0.05,88,0.021837322,0.018352597,0.0034847246
-0.05,89,0.064004119,0.06422148,-0.00021736132
-0.05,90,0.048910261,0.0405577,0.0083525615
-0.05,91,0.050281333,0.043232835,0.0070484973
-0.05,92,0.021813354,0.025034066,-0.0032207121
-0.05,93,0.061973392,0.059696481,0.0022769115
-0.05,94,0.081282369,0.11387445,-0.032592083
-0.05,95,0.027506628,0.032958333,-0.0054517058
-0.05,96,0.048015616,0.042769199,0.0052464168
-0.05,97,0.047147081,0.048723835,-0.0015767545
-0.05,98,0.053794265,0.055317454,-0.0015231889
-0.05,99,0.077775565,0.071670559,0.0061050061
-0.05,100,0.083399604,0.079685522,0.003714082
-0.05,101,0.071138212,0.11471691,-0.0435787
-0.05,102,0.034372235,0.027377341,0.006994894
-0.05,103,0.047857857,0.041151911,0.0067059454
-0.05,104,0.07304931,0.066164428,0.0068848826
-0.05,105,0.095923129,0.088896252,0.0070268774
-0.05,106,0.075289479,0.070473571,0.004815909
-0.05,107,0.082965408,0.080731272,0.0022341362
-0.05,108,-0.0024638309,0.054800485,-0.057264316
-0.05,109,0.15127621,0.14486149,0.0064147202
-0.05,110,0.073617519,0.066939036,0.0066784831
-0.05,111,0.087346186,0.084429795,0.0029163908
-0.05,112,0.042359059,0.040362217,0.0019968421
-0.05,113,0.12106711,0.11342735,0.0076397528
-0.05,114,0.10420839,0.09542652,0.0087818655
-0.05,115,0.11069623,0.10534206,0.0053541703
-0.05,116,0.090095079,0.081812469,0.0082826095
-0.05,117,0.01866708,0.036294881,-0.017627801
-0.05,118,0.018821855,0.0086474473,0.010174407
-0.05,119,0.041897989,0.038517855,0.003380134
-0.05,120,0.04935342,0.0418488,0.0075046205
-0.05,121,0.0012461683,-0.0015047131,0.0027508813
-0.05,122,0.063295421,0.064732944,-0.0014375235
-0.05,123,0.043493732,0.052932232,-0.0094385003
-0.05,124,0.059782466,0.053335252,0.006447214
-0.05,125,0.051482185,0.044280457,0.0072017284
-0.05,126,0.10381246,0.10082925,0.0029832099
-0.05,127,0.090857941,0.10353445,-0.012676513
-0.05,128,0.10623822,0.11657582,-0.010337598
-0.05,129,-0.041427777,-0.04809063,0.0066628523
-0.05,130,0.12675937,0.14738686,-0.020627494
-0.05,131,0.062304632,0.055032008,0.0072726242
-0.05,132,0.067385205,0.076754999,-0.0093697946
-0.05,133,0.10019591,0.089827453,0.010368454
-0.05,134,0.11567831,0.10674175,0.0089365567
-0.05,135,0.073045929,0.066896967,0.0061489619
-0.05,136,0.026771381,0.029634513,-0.0028631316
-0.05,137,0.026766454,0.017584026,0.0091824281
-0.05,138,0.12615387,0.16343634,-0.037282464
-0.05,139,0.09665523,0.089943638,0.0067115917
-0.05,140,0.087905705,0.089950514,-0.0020448091
-0.05,141,0.054858607,0.058964114,-0.0041055074
-0.05,142,0.048206144,0.072223135,-0.024016991
-0.05,143,0.052772174,0.076896119,-0.024123945
-0.05,144,0.053571744,0.044170664,0.0094010797
-0.05,145,0.12334199,0.11615059,0.0071914002
-0.05,146,0.071388949,0.073200351,-0.0018114017
-0.05,147,0.059607779,0.052981481,0.006626298
-0.05,148,0.09032184,0.088882013,0.0014398266
-0.05,149,0.072680685,0.065895131,0.0067855541
-0.05,150,0.096625775,0.087929189,0.0086965855
-0.05,151,0.082401645,0.073976427,0.0084252175
-0.05,152,0.056122654,0.058652252,-0.0025295983
-0.05,153,-0.037894428,-0.04472213,0.0068277019
-0.05,154,0.052068923,0.063172369,-0.011103446
-0.05,155,0.062759815,0.05382623,0.0089335853
-0.05,156,0.047377121,0.047211686,0.00016543524
-0.05,157,0.11578909,0.11022223,0.0055668612
-0.05,158,0.055629076,0.054623877,0.0010051988
-0.05,159,0.04387564,0.049876339,-0.0060006989
-0.05,160,0.031861279,0.033114427,-0.0012531481
-0.05,161,0.10938733,0.10241663,0.0069707086
-0.05,162,-0.025562086,-0.027277911,0.0017158253
-0.05,163,-0.0031429097,0.0088583781,-0.012001288
-0.05,164,0.030810623,0.030973262,-0.00016263829
-0.05,165,0.061787857,0.059685065,0.0021027919
-0.05,166,0.081749324,0.073139828,0.0086094961
-0.05,167,0.054293473,0.046943602,0.0073498705
-0.05,168,0.12580202,0.12173022,0.004071792
-0.05,169,0.004883417,-1.8714991e-05,0.0049021319
-0.05,170,0.06163376,0.054029535,0.0076042246
-0.05,171,0.11318196,0.1373188,-0.024136834
-0.05,172,0.076778833,0.068646486,0.0081323469
-0.05,173,0.085910315,0.091844257,-0.0059339421
-0.05,174,0.093425698,0.087511747,0.0059139512
-0.05,175,0.053084467,0.043915605,0.0091688623
-0.05,176,0.13393641,0.12537802,0.0085583983
-0.05,177,0.087014025,0.086606063,0.00040796248
-0.05,178,0.085168601,0.081141198,0.0040274032
-0.05,179,0.057115894,0.048594329,0.0085215655
-0.05,180,0.049659126,0.041484098,0.008175028
-0.05,181,0.048743874,0.044523827,0.0042200473
-0.05,182,0.13962416,0.12893833,0.010685833
-0.05,183,0.048797896,0.049105562,-0.00030766529
-0.05,184,0.074409786,0.066726631,0.0076831553
-0.05,185,0.058323529,0.058718577,-0.00039504802
-0.05,186,0.089003172,0.12345753,-0.034454357
-0.05,187,0.11026165,0.10131157,0.0089500822
-0.05,188,0.13801934,0.12982571,0.0081936263
-0.05,189,0.015562314,0.023968257,-0.0084059436
-0.05,190,0.113689,0.10432505,0.0093639429
-0.05,191,0.062656272,0.073213671,-0.010557399
-0.05,192,0.031181192,0.02502364,0.0061575529
-0.05,193,0.13891771,0.13364631,0.0052713985
-0.05,194,0.054213044,0.045410468,0.0088025751
-0.05,195,0.094034597,0.086347323,0.0076872735
-0.05,196,0.065926935,0.057507563,0.0084193722
-0.05,197,0.056506603,0.047810502,0.0086961009
-0.05,198,0.061345543,0.058717957,0.0026275864
-0.05,199,0.12470529,0.13896957,-0.01426428
-0.05,200,-0.029474532,-0.030348676,0.00087414456
-0.05,201,0.052537865,0.065130067,-0.012592202
-0.05,202,0.067924553,0.10776669,-0.039842135
-0.05,203,0.036643613,0.028578495,0.0080651186
-0.05,204,0.075178907,0.066406742,0.0087721653
-0.05,205,0.076151491,0.072095735,0.004055756
-0.05,206,0.050597922,0.047372489,0.003225433
-0.05,207,0.056530619,0.048472228,0.008058391
-0.05,208,0.056156225,0.065232078,-0.0090758526
-0.05,209,0.071411129,0.066160033,0.0052510965
-0.05,210,0.059929813,0.056797256,0.0031325563
-0.05,211,0.088175139,0.080209489,0.0079656503
-0.05,212,0.014280093,0.0079741777,0.0063059151
-0.05,213,0.054536305,0.055615708,-0.0010794038
-0.05,214,0.033803891,0.05071822,-0.016914329
-0.05,215,-0.01107641,-0.011503493,0.00042708278
-0.05,216,0.1133805,0.12350762,-0.010127125
-0.05,217,-0.0047446339,-0.0058598237,0.0011151898
-0.05,218,0.090137117,0.082824466,0.0073126504
-0.05,219,0.051028491,0.044047319,0.0069811716
-0.05,220,0.07932255,0.080263525,-0.00094097407
-0.05,221,0.068677283,0.060336926,0.008340357
-0.05,222,0.063492428,0.059062604,0.0044298239
-0.05,223,0.045363859,0.053420133,-0.0080562745
-0.05,224,0.11494368,0.10781558,0.0071280975
-0.05,225,0.084461211,0.076389468,0.0080717429
-0.05,226,0.061792794,0.0544288,0.0073639938
-0.05,227,0.10111448,0.10415927,-0.003044786
-0.05,228,0.028978036,0.022667254,0.0063107816
-0.05,229,0.075834056,0.069636899,0.0061971572
-0.05,230,0.11233328,0.11049305,0.0018402259
-0.05,231,0.040820999,0.038842266,0.0019787335
-0.05,232,0.011251739,0.0030807931,0.0081709462
-0.05,233,-0.017047778,-0.018299499,0.0012517214
-0.05,234,0.030629067,0.026947192,0.0036818745
-0.05,235,0.094439589,0.086185425,0.0082541635
-0.05,236,0.096431138,0.096675447,-0.00024430888
-0.05,237,0.045899123,0.040194221,0.0057049015
-0.05,238,0.090715911,0.088822111,0.0018938003
-0.05,239,0.047190275,0.046517541,0.00067273401
-0.05,240,0.08057772,0.073076855,0.0075008646
-0.05,241,0.07064029,0.063929684,0.0067106063
-0.05,242,0.015492976,0.0087452605,0.0067477155
-0.05,243,0.017425651,0.02618164,-0.008755989
-0.05,244,0.053801785,0.077024277,-0.023222492
-0.05,245,0.02315187,0.01970812,0.0034437499
-0.05,246,-0.0078226006,-0.015862836,0.0080402353
-0.05,247,0.016265823,0.0087789493,0.0074868739
-0.05,248,0.078558874,0.090066998,-0.011508124
-0.05,249,0.043185295,0.044318622,-0.0011333266
-0.05,250,0.090706607,0.086822415,0.0038841915
-0.05,251,0.071810858,0.065891859,0.0059189992
-0.05,252,0.09062319,0.09248378,-0.0018605903
-0.05,253,0.055795815,0.05784255,-0.0020467348
-0.05,254,0.10997341,0.10605412,0.0039192909
-0.05,255,0.044364029,0.053451254,-0.0090872241
-0.05,256,0.019815805,0.011420498,0.0083953065
-0.05,257,0.01135554,0.012716385,-0.0013608456
-0.05,258,0.027961202,0.020121615,0.0078395867
-0.05,259,-0.017123129,-0.019760513,0.0026373842
-0.05,260,0.047511083,0.04109202,0.0064190636
-0.05,261,0.041617095,0.037191023,0.0044260721
-0.05,262,0.045044844,0.03674121,0.0083036347
-0.05,263,0.075009571,0.073488233,0.0015213382
-0.05,264,0.084653394,0.082513275,0.0021401195
-0.05,265,0.032543137,0.06563006,-0.033086923
-0.05,266,0.047216491,0.039432859,0.007783632
-0.05,267,0.01612215,0.01677359,-0.00065144024
-0.05,268,0.036540317,0.041522436,-0.0049821188
-0.05,269,0.012256013,0.0054222875,0.0068337254
-0.05,270,0.031181419,0.024689393,0.006492026
-0.05,271,0.077451885,0.071412849,0.0060390362
-0.05,272,0.03803484,0.031148653,0.0068861868
-0.05,273,0.053666368,0.063387592,-0.0097212239
-0.05,274,0.058345236,0.051475556,0.0068696802
-0.05,275,0.043909096,0.035456707,0.0084523887
-0.05,276,0.082226221,0.084706647,-0.0024804268
-0.05,277,0.082062086,0.073709412,0.0083526739
-0.05,278,0.073134996,0.064066082,0.0090689142
-0.05,279,0.035951522,0.065635037,-0.029683515
-0.05,280,0.048346463,0.0677144,-0.019367937
-0.05,281,0.022596257,0.019223062,0.0033731949
-0.05,282,0.065439467,0.082901372,-0.017461905
-0.05,283,0.043688351,0.037282148,0.0064062026
-0.05,284,0.053877062,0.048855807,0.0050212547
-0.05,285,0.097598653,0.09538217,0.0022164828
-0.05,286,0.049650159,0.045045312,0.004604847
-0.05,287,0.054925123,0.063281348,-0.0083562245
-0.05,288,0.046856721,0.040103663,0.0067530578
-0.05,289,0.1074734,0.10548546,0.0019879406
-0.05,290,0.050341038,0.045004583,0.005336455
-0.05,291,0.068732887,0.066211117,0.0025217702
-0.05,292,0.064475558,0.072395548,-0.0079199904
-0.05,293,0.072019169,0.089449874,-0.017430705
-0.05,294,0.04384248,0.060523153,-0.016680673
-0.05,295,0.090237409,0.081894302,0.008343107
-0.05,296,0.040835455,0.043078119,-0.0022426637
-0.05,297,0.04261464,0.0371801,0.0054345406
-0.05,298,0.12681523,0.12489694,0.0019182968
-0.05,299,0.1016824,0.10811415,-0.0064317574
-0.05,300,0.06557951,0.085328389,-0.01974888
-0.05,301,0.037471775,0.028291599,0.0091801757
-0.05,302,0.025071923,0.019269017,0.0058029066
-0.05,303,0.088101122,0.11338887,-0.025287747
-0.05,304,0.039395901,0.039209616,0.00018628476
-0.05,305,0.052557266,0.048429506,0.0041277593
-0.05,306,0.038058069,0.028660712,0.0093973564
-0.05,307,0.07014981,0.06320223,0.0069475801
-0.05,308,0.067305012,0.057957065,0.0093479474
-0.05,309,0.057001865,0.073910665,-0.0169088
-0.05,310,0.13033974,0.13335927,-0.0030195337
-0.05,311,0.075274799,0.073701635,0.0015731649
-0.05,312,-0.0060933174,-0.013661642,0.0075683248
-0.05,313,0.042972547,0.048330018,-0.0053574707
-0.05,314,0.049129972,0.053294489,-0.0041645163
-0.05,315,0.085588442,0.087195666,-0.0016072236
-0.05,316,0.090365007,0.081280921,0.0090840862
-0.05,317,0.14311276,0.14105892,0.0020538426
-0.05,318,0.070228315,0.082052352,-0.011824037
-0.05,319,0.096801967,0.088895677,0.00790629
-0.05,320,0.044099275,0.0347469,0.0093523744
-0.05,321,0.12302914,0.11316619,0.0098629428
-0.05,322,0.055526778,0.059879269,-0.004352491
-0.05,323,0.080853411,0.072639545,0.0082138659
-0.05,324,0.045548419,0.06035714,-0.014808721
-0.05,325,-0.020775143,-0.017507744,-0.003267399
-0.05,326,0.022670767,0.050868417,-0.02819765
-0.05,327,0.089083067,0.082689891,0.006393176
-0.05,328,0.04497667,0.035661083,0.0093155876
-0.05,329,0.071474955,0.068604882,0.0028700731
-0.05,330,0.031234197,0.038736551,-0.0075023543
-0.05,331,0.13416612,0.12578406,0.0083820521
-0.05,332,0.071271147,0.12876659,-0.05749544
-0.05,333,0.057593704,0.056768211,0.00082549236
-0.05,334,0.024358911,0.017520539,0.0068383721
-0.05,335,0.084789991,0.084141433,0.0006485583
-0.05,336,0.063786,0.074161736,-0.010375736
-0.05,337,0.10255666,0.096609736,0.0059469217
-0.05,338,0.070735399,0.063114849,0.0076205503
-0.05,339,0.047741436,0.040953902,0.0067875347
-0.05,340,0.1078478,0.10324449,0.0046033095
-0.05,341,0.035166316,0.026403255,0.0087630611
-0.05,342,0.08378664,0.084901547,-0.0011149074
-0.05,343,0.065275217,0.079713848,-0.014438631
-0.05,344,0.06236868,0.061108973,0.0012597068
-0.05,345,0.10207357,0.099789157,0.0022844154
-0.05,346,0.078094827,0.070902561,0.0071922658
-0.05,347,0.085714534,0.078884713,0.0068298218
-0.05,348,0.11859382,0.11449737,0.0040964539
-0.05,349,0.030549581,0.025505166,0.0050444155
-0.05,350,0.088158847,0.0839161,0.0042427477
-0.05,351,0.049499932,0.055290806,-0.0057908733
-0.05,352,0.032673618,0.025021568,0.0076520501
-0.05,353,0.024339808,0.017060674,0.0072791335
-0.05,354,-0.014192521,-0.020024565,0.0058320439
-0.05,355,0.053259898,0.044812605,0.0084472929
-0.05,356,0.047563857,0.041513775,0.0060500819
-0.05,357,0.063293676,0.06417587,-0.00088219402
-0.05,358,0.080195059,0.071297482,0.0088975768
-0.05,359,0.082220787,0.086915681,-0.0046948945
-0.05,360,0.10763102,0.15689898,-0.049267954
-0.05,361,0.1209921,0.11416524,0.0068268581
-0.05,362,0.11306397,0.11281461,0.00024936045
-0.05,363,0.035144664,0.026252238,0.0088924259
-0.05,364,0.073914959,0.086020042,-0.012105083
-0.05,365,0.081545774,0.075174589,0.0063711852
-0.05,366,0.079365176,0.070943868,0.0084213071
-0.05,367,0.096969144,0.092349106,0.0046200379
-0.05,368,-0.01394048,-0.021168985,0.0072285052
-0.05,369,0.048106211,0.039770646,0.0083355649
-0.05,370,0.082914988,0.09901376,-0.016098772
-0.05,371,0.043534685,0.037680607,0.0058540785
-0.05,372,0.064973242,0.076673544,-0.011700301
-0.05,373,0.076714341,0.067193541,0.0095208
-0.05,374,0.068931968,0.060948044,0.007983924
-0.05,375,0.0010083229,-0.0041216019,0.0051299248
-0.05,376,0.044766552,0.036091405,0.0086751474
-0.05,377,0.12174692,0.11411499,0.0076319245
-0.05,378,0.076814468,0.091912119,-0.015097651
-0.05,379,0.094324722,0.12519556,-0.030870836
-0.05,380,0.028900652,0.022399866,0.0065007863
-0.05,381,0.054051755,0.046379111,0.0076726434
-0.05,382,0.034002849,0.040469205,-0.0064663559
-0.05,383,0.059269049,0.052472687,0.0067963614
-0.05,384,0.10371813,0.1127039,-0.0089857727
-0.05,385,0.1176788,0.10920074,0.0084780597
-0.05,386,0.029462567,0.021476999,0.0079855685
-0.05,387,0.062155026,0.066985263,-0.0048302371
-0.05,388,0.053336153,0.053442268,-0.00010611559
-0.05,389,0.045776719,0.03764633,0.0081303882
-0.05,390,0.11942613,0.11305864,0.0063674949
-0.05,391,0.076431741,0.081127988,-0.004696247
-0.05,392,0.10526581,0.095323299,0.009942507
-0.05,393,0.068807285,0.062860332,0.0059469526
-0.05,394,-0.037875492,-0.017950985,-0.019924507
-0.05,395,0.080487957,0.072077759,0.0084101983
-0.05,396,0.0092565918,0.012200518,-0.0029439266
-0.05,397,0.10448319,0.09604684,0.0084363466
-0.05,398,0.048768488,0.042182073,0.0065864152
-0.05,399,0.026343558,0.023459703,0.0028838549
-0.05,400,0.014694468,0.046115864,-0.031421396
-0.05,401,0.0090572761,0.0032271233,0.0058301528
-0.05,402,0.037277339,0.033122949,0.0041543906
-0.05,403,0.14668121,0.16671984,-0.020038636
-0.05,404,0.078308986,0.070772871,0.0075361147
-0.05,405,0.11047113,0.10624776,0.0042233699
-0.05,406,0.03649395,0.028266731,0.0082272193
-0.05,407,0.06692423,0.058884438,0.0080397916
-0.05,408,0.051410992,0.065931828,-0.014520836
-0.05,409,0.073021255,0.10658137,-0.033560115
-0.05,410,0.05085039,0.042824146,0.0080262439
-0.05,411,0.067125068,0.061223007,0.0059020617
-0.05,412,-0.050850204,-0.059054623,0.0082044185
-0.05,413,0.031078745,0.026278031,0.0048007136
-0.05,414,0.080803507,0.080152138,0.00065136839
-0.05,415,0.10295154,0.098262308,0.0046892276
-0.05,416,0.054412106,0.071555966,-0.017143859
-0.05,417,0.049733788,0.044043088,0.0056907001
-0.05,418,0.088236424,0.087314263,0.00092216029
-0.05,419,0.038924711,0.040684432,-0.001759721
-0.05,420,0.050740118,0.045428996,0.0053111223
-0.05,421,0.065742431,0.062788185,0.0029542457
-0.05,422,0.050235326,0.043946157,0.006289169
-0.05,423,0.0082030903,0.0085927355,-0.0003896452
-0.05,424,0.044651124,0.048073762,-0.0034226378
-0.05,425,0.057747277,0.066801639,-0.0090543615
-0.05,426,0.032208958,0.02705061,0.0051583486
-0.05,427,0.058034994,0.054793495,0.0032414986
-0.05,428,0.043058612,0.042614413,0.00044419919
-0.05,429,0.068843676,0.066364513,0.0024791631
-0.05,430,0.10095545,0.096401012,0.0045544342
-0.05,431,0.057872114,0.054965461,0.0029066531
-0.05,432,0.046601332,0.038720799,0.0078805327
-0.05,433,0.046760231,0.042065193,0.0046950381
-0.05,434,0.059100063,0.074644298,-0.015544235
-0.05,435,0.082510293,0.07561277,0.0068975236
-0.05,436,0.0069211071,0.0030487979,0.0038723092
-0.05,437,0.021100262,0.021592214,-0.00049195154
-0.05,438,0.098807499,0.090685965,0.0081215344
-0.05,439,0.09647111,0.088312366,0.0081587441
-0.05,440,0.076768772,0.069528622,0.0072401509
-0.05,441,0.078756453,0.076988979,0.0017674739
-0.05,442,0.14546696,0.14797281,-0.0025058491
-0.05,443,0.086156707,0.11668622,-0.030529515
-0.05,444,0.02261088,0.015303723,0.0073071563
-0.05,445,0.14551138,0.13770317,0.0078082023
-0.05,446,0.060401243,0.052006636,0.0083946068
-0.05,447,0.058338477,0.055312829,0.0030256488
-0.05,448,0.12252647,0.1219379,0.00058857188
-0.05,449,0.043475363,0.064535617,-0.021060254
-0.05,450,0.050965585,0.044247839,0.0067177458
-0.05,451,0.087628587,0.081703406,0.0059251812
-0.05,452,0.10180773,0.094284914,0.0075228186
-0.05,453,0.035138497,0.029602622,0.0055358749
-0.05,454,0.068681312,0.062088168,0.0065931441
-0.05,455,0.10146088,0.092911104,0.0085497736
-0.05,456,0.13016693,0.15005255,-0.01988562
-0.05,457,0.054359236,0.071591231,-0.017231995
-0.05,458,0.090623738,0.082778373,0.0078453649
-0.05,459,0.095211841,0.089669729,0.0055421123
-0.05,460,0.050438223,0.045180142,0.0052580811
-0.05,461,0.022643381,0.013224929,0.009418452
-0.05,462,0.076116513,0.068583878,0.0075326356
-0.05,463,0.019456105,0.01004008,0.0094160251
-0.05,464,0.013540063,0.009103624,0.0044364392
-0.05,465,0.051915608,0.060511959,-0.008596351
-0.05,466,0.099343887,0.089090352,0.010253536
-0.05,467,0.023585791,0.019590135,0.003995656
-0.05,468,0.072765563,0.066713807,0.0060517555
-0.05,469,0.077548351,0.070013206,0.0075351449
-0.05,470,0.057453549,0.048027024,0.0094265243
-0.05,471,0.048576986,0.039361838,0.0092151476
-0.05,472,0.060903746,0.052193307,0.008710439
-0.05,473,0.071699008,0.07855246,-0.0068534513
-0.05,474,0.057229405,0.061695779,-0.0044663741
-0.05,475,0.076290606,0.07027593,0.0060146758
-0.05,476,0.085721594,0.09713543,-0.011413836
-0.05,477,0.057648036,0.050975282,0.006672754
-0.05,478,0.072872375,0.067968495,0.0049038802
-0.05,479,0.0049040947,0.0061555224,-0.0012514277
-0.05,480,0.091817805,0.088138401,0.0036794037
-0.05,481,0.1028255,0.095075239,0.0077502633
-0.05,482,0.080823415,0.086656357,-0.0058329414
-0.05,483,0.033489991,0.03844235,-0.0049523587
-0.05,484,0.016269435,0.049894377,-0.033624942
-0.05,485,0.069128642,0.0744966,-0.005367958
-0.05,486,0.054864924,0.057210059,-0.0023451355
-0.05,487,0.050647702,0.042140371,0.0085073314
-0.05,488,0.067384754,0.059017644,0.0083671104
-0.05,489,0.00052502388,-0.0073382538,0.0078632777
-0.05,490,0.064712296,0.060407073,0.0043052229
-0.05,491,0.083717326,0.076754122,0.0069632037
-0.05,492,0.092210749,0.090580565,0.0016301837
-0.05,493,0.020224701,0.012643692,0.0075810087
-0.05,494,0.021432704,0.01494188,0.0064908239
-0.05,495,0.076476948,0.078723511,-0.0022465634
-0.05,496,0.039661677,0.034276372,0.0053853056
-0.05,497,0.086997677,0.092178758,-0.0051810807
-0.05,498,0.105024,0.10287986,0.0021441368
-0.05,499,0.054363129,0.052526879,0.0018362496
-0.05,500,0.0057620816,-0.0021218094,0.007883891
-0.05,501,0.0050550385,0.004659905,0.00039513353
-0.05,502,0.019170853,0.062674334,-0.043503481
-0.05,503,-0.027889818,-0.024628467,-0.0032613515
-0.05,504,0.0098617642,0.0024726146,0.0073891496
-0.05,505,0.020902659,0.038872929,-0.01797027
-0.05,506,0.065605169,0.059887636,0.0057175326
-0.05,507,0.035098388,0.034411474,0.00068691448
-0.05,508,0.084850349,0.08290592,0.0019444291
-0.05,509,0.035408034,0.027565969,0.0078420649
-0.05,510,-0.024323669,-0.027867835,0.0035441655
-0.05,511,-0.0010429703,0.0059762148,-0.0070191852
-0.05,512,0.10634086,0.10116777,0.0051730911
-0.05,513,0.10814844,0.11258102,-0.0044325844
-0.05,514,0.11269518,0.10571104,0.0069841386
-0.05,515,0.072503713,0.068486632,0.0040170813
-0.05,516,0.047915755,0.053982385,-0.0060666301
-0.05,517,0.021259186,0.022578661,-0.0013194747
-0.05,518,0.084970792,0.077746957,0.0072238358
-0.05,519,0.025722467,0.018057023,0.0076654442
-0.05,520,0.062744077,0.088682217,-0.025938139
-0.05,521,0.10104815,0.09467822,0.0063699275
-0.05,522,0.10098895,0.092940458,0.008048497
-0.05,523,0.030625925,0.026767561,0.0038583632
-0.05,524,0.019923762,0.011737923,0.0081858389
-0.05,525,0.034179881,0.034320492,-0.00014061067
-0.05,526,0.032067906,0.024451858,0.0076160476
-0.05,527,0.058976295,0.050926524,0.0080497713
-0.05,528,0.057091944,0.05711867,-2.6726073e-05
-0.05,529,0.049836365,0.04526098,0.0045753846
-0.05,530,0.074859143,0.067055002,0.0078041411
-0.05,531,0.054265835,0.052059162,0.0022066729
-0.05,532,0.0095741092,0.013340468,-0.0037663583
-0.05,533,0.08488657,0.077200604,0.0076859661
-0.05,534,0.0098595693,0.007263423,0.0025961463
-0.05,535,-0.0013243891,-0.0065618805,0.0052374914
-0.05,536,0.036341445,0.026760149,0.0095812957
-0.05,537,0.019798481,0.012442487,0.0073559939
-0.05,538,0.07310612,0.078443104,-0.0053369837
-0.05,539,0.047186359,0.041333588,0.0058527712
-0.05,540,0.10284341,0.10271526,0.00012814966
-0.05,541,0.091324598,0.11381651,-0.022491911
-0.05,542,0.12175432,0.13351384,-0.011759517
-0.05,543,0.059749507,0.054759632,0.0049898755
-0.05,544,0.029689125,0.022071107,0.0076180173
-0.05,545,0.034051167,0.026579743,0.0074714238
-0.05,546,0.036672135,0.02912111,0.007551025
-0.05,547,0.0013167068,-0.006773953,0.0080906598
-0.05,548,0.047844848,0.03983089,0.008013958
-0.05,549,0.1070615,0.11413571,-0.0070742112
-0.05,550,-0.0050531723,-0.012265184,0.0072120118
-0.05,551,0.095675164,0.088727631,0.0069475338
-0.05,552,0.019551184,0.013694928,0.0058562559
-0.05,553,0.048041393,0.043481305,0.0045600879
-0.05,554,0.099117785,0.09157407,0.0075437147
-0.05,555,0.044325512,0.037459737,0.0068657753
-0.05,556,0.10535383,0.10785395,-0.0025001207
-0.05,557,0.040832792,0.049205437,-0.0083726454
-0.05,558,0.02808824,0.020965292,0.0071229479
-0.05,559,0.080114683,0.10727986,-0.027165179
-0.05,560,0.086826028,0.079877937,0.0069480914
-0.05,561,0.11315219,0.11007586,0.0030763302
-0.05,562,0.066831307,0.058145789,0.0086855188
-0.05,563,-0.016752425,-0.021990052,0.0052376271
-0.05,564,0.088461403,0.07973316,0.0087282435
-0.05,565,0.066527974,0.061119451,0.005408523
-0.05,566,0.021114192,0.03135611,-0.010241918
-0.05,567,0.053421192,0.051998787,0.0014224052
-0.05,568,0.040078784,0.033508071,0.006570713
-0.05,569,0.029100897,0.020608428,0.0084924686
-0.05,570,0.075292016,0.077509697,-0.0022176812
-0.05,571,0.018427137,0.01179547,0.0066316674
-0.05,572,0.025941909,0.021066625,0.0048752833
-0.05,573,0.014384344,0.0093983282,0.0049860163
-0.05,574,0.030929951,0.030977603,-4.7652018e-05
-0.05,575,0.052771931,0.045889841,0.0068820896
-0.05,576,0.11081162,0.11002809,0.00078353457
-0.05,577,0.081501022,0.073803894,0.0076971281
-0.05,578,0.03287825,0.026009385,0.0068688646
-0.05,579,0.046279923,0.047186836,-0.00090691261
-0.05,580,0.090899611,0.084657945,0.0062416665
-0.05,581,0.049865234,0.047246937,0.002618297
-0.05,582,0.10475714,0.09838489,0.0063722521
-0.05,583,0.029001484,0.02138374,0.0076177432
-0.05,584,0.060139885,0.05227908,0.0078608048
-0.05,585,0.042811802,0.060167215,-0.017355413
-0.05,586,-0.02640535,-0.0048086838,-0.021596666
-0.05,587,0.0075823414,0.0016289848,0.0059533566
-0.05,588,0.056735201,0.060154907,-0.0034197065
-0.05,589,0.053226263,0.05080622,0.0024200424
-0.05,590,0.088941369,0.092720715,-0.003779346
-0.05,591,0.11509507,0.11421016,0.00088490421
-0.05,592,0.040467917,0.03257008,0.0078978369
-0.05,593,-0.039359179,-0.045749104,0.0063899256
-0.05,594,0.063244926,0.065545944,-0.0023010183
-0.05,595,0.092945513,0.086771663,0.00617385
-0.05,596,0.055051151,0.050795951,0.0042552009
-0.05,597,0.050191599,0.044212517,0.0059790815
-0.05,598,0.094037942,0.085777922,0.0082600198
-0.05,599,0.048467063,0.046909419,0.0015576447
-0.05,600,0.091774018,0.10112753,-0.0093535167
-0.05,601,0.04460511,0.037561422,0.0070436872
-0.05,602,0.096480593,0.090241061,0.006239532
-0.05,603,0.040087164,0.033522319,0.0065648453
-0.05,604,0.050184107,0.096423542,-0.046239435
-0.05,605,0.051095399,0.066625784,-0.015530385
-0.05,606,0.0080058446,0.024369993,-0.016364149
-0.05,607,0.068319087,0.062462059,0.0058570284
-0.05,608,0.049316262,0.043214787,0.0061014756
-0.05,609,0.039942476,0.032089999,0.0078524773
-0.05,610,0.012000824,0.023326493,-0.011325669
-0.05,611,0.028526545,0.024573173,0.0039533714
-0.05,612,0.048608869,0.053307134,-0.0046982646
-0.05,613,0.081009209,0.077067883,0.0039413263
-0.05,614,0.066640384,0.071763842,-0.0051234582
-0.05,615,0.10493635,0.095821234,0.0091151186
-0.05,616,0.09272903,0.087464618,0.0052644114
-0.05,617,0.035507284,0.02697369,0.0085335938
-0.05,618,0.047614088,0.040778821,0.0068352668
-0.05,619,0.0265472,0.026656173,-0.00010897242
-0.05,620,0.11109771,0.12841326,-0.017315553
-0.05,621,0.056402351,0.054219244,0.0021831068
-0.05,622,0.057909927,0.05493858,0.0029713465
-0.05,623,0.010863369,0.014489726,-0.0036263571
-0.05,624,0.045644874,0.041292205,0.0043526698
-0.05,625,0.0035323619,0.0022556536,0.0012767083
-0.05,626,0.066312378,0.059936053,0.0063763256
-0.05,627,0.071787308,0.068976339,0.0028109685
-0.05,628,0.051076347,0.043684697,0.0073916498
-0.05,629,0.10688482,0.098918855,0.0079659616
-0.05,630,-0.0086716313,-0.013464634,0.0047930024
-0.05,631,0.0087128624,0.0012708283,0.0074420341
-0.05,632,0.012656504,0.023593369,-0.010936865
-0.05,633,0.00015030042,-0.0048914569,0.0050417573
-0.05,634,0.1035765,0.09477489,0.0088016108
-0.05,635,0.10417803,0.097526397,0.0066516374
-0.05,636,0.052689218,0.050786031,0.0019031868
-0.05,637,0.014227728,0.014384747,-0.00015701882
-0.05,638,0.092876995,0.087892316,0.0049846796
-0.05,639,0.070914384,0.061901654,0.0090127306
-0.05,640,0.051183787,0.040826226,0.010357561
-0.05,641,0.04768686,0.04085093,0.0068359302
-0.05,642,0.090375763,0.083290517,0.0070852463
-0.05,643,0.04009762,0.046059932,-0.0059623119
-0.05,644,0.019907716,0.012447644,0.0074600715
-0.05,645,0.01979274,0.019163488,0.00062925233
-0.05,646,0.1040862,0.099252347,0.0048338529
-0.05,647,0.028292193,0.023302041,0.0049901514
-0.05,648,0.05074059,0.048708218,0.0020323726
-0.05,649,0.11391377,0.10366205,0.010251719
-0.05,650,0.048862912,0.051982949,-0.0031200372
-0.05,651,0.11943316,0.12006917,-0.00063601253
-0.05,652,0.079678911,0.075478765,0.0042001456
-0.05,653,0.029612169,0.036262169,-0.0066500005
-0.05,654,0.14454802,0.14369986,0.00084816307
-0.05,655,0.05203651,0.042750308,0.0092862011
-0.05,656,0.14716835,0.1390145,0.0081538522
-0.05,657,0.037376264,0.046565895,-0.0091896315
-0.05,658,0.030073926,0.021811377,0.0082625485
-0.05,659,0.090370566,0.084800255,0.0055703108
-0.05,660,0.055097847,0.050310833,0.0047870145
-0.05,661,0.070845755,0.072251171,-0.0014054157
-0.05,662,0.048598342,0.048140402,0.00045794021
-0.05,663,0.037838388,0.029854081,0.0079843067
-0.05,664,0.067316631,0.063585304,0.0037313266
-0.05,665,0.10212704,0.10466614,-0.0025390968
-0.05,666,0.077058363,0.071439722,0.0056186407
-0.05,667,0.037772489,0.048138763,-0.010366274
-0.05,668,0.079030306,0.097337454,-0.018307148
-0.05,669,0.039238265,0.033570421,0.0056678439
-0.05,670,0.043723256,0.037832108,0.0058911487
-0.05,671,0.086546553,0.081844657,0.0047018965
-0.05,672,0.12183148,0.12484384,-0.0030123577
-0.05,673,0.017516415,0.01160318,0.0059132357
-0.05,674,0.064756558,0.057134701,0.0076218572
-0.05,675,0.05670429,0.062871928,-0.0061676383
-0.05,676,0.092743727,0.083997435,0.0087462917
-0.05,677,0.020922702,0.027177951,-0.0062552487
-0.05,678,0.10503611,0.10421812,0.00081799467
-0.05,679,0.12060808,0.11990241,0.00070566785
-0.05,680,0.12862404,0.12912295,-0.0004989116
-0.05,681,0.065064174,0.07081298,-0.0057488063
-0.05,682,0.049878873,0.041408136,0.0084707367
-0.05,683,0.057609958,0.095809448,-0.03819949
-0.05,684,0.1232911,0.14510481,-0.021813706
-0.05,685,0.072362037,0.067802294,0.0045597433
-0.05,686,0.11727135,0.13314986,-0.015878508
-0.05,687,0.094150104,0.090428724,0.0037213803
-0.05,688,0.081916229,0.07377461,0.0081416192
-0.05,689,0.0088392816,0.01612523,-0.0072859487
-0.05,690,0.089197541,0.080326786,0.0088707545
-0.05,691,0.013132271,0.017988494,-0.0048562232
-0.05,692,0.043427423,0.034724364,0.0087030586
-0.05,693,0.022253112,0.016001275,0.0062518369
-0.05,694,0.034610397,0.028695961,0.0059144359
-0.05,695,0.11437816,0.10666686,0.0077113013
-0.05,696,0.088952666,0.080526903,0.0084257627
-0.05,697,0.12662783,0.12117551,0.0054523181
-0.05,698,0.0070387812,4.1413621e-05,0.0069973675
-0.05,699,0.099088078,0.09879133,0.00029674791
-0.05,700,0.10545934,0.09818295,0.0072763884
-0.05,701,0.14534884,0.15143795,-0.0060891103
-0.05,702,0.074882957,0.0653068,0.0095761565
-0.05,703,-0.0034882094,-0.010613288,0.0071250782
-0.05,704,0.15034624,0.17613885,-0.025792607
-0.05,705,0.067202012,0.058687864,0.0085141488
-0.05,706,0.08039226,0.07367237,0.0067198897
-0.05,707,0.050330958,0.043863155,0.0064678035
-0.05,708,-0.0064997549,-0.012656952,0.0061571975
-0.05,709,0.056365931,0.049318584,0.0070473463
-0.05,710,0.050812393,0.042897634,0.0079147593
-0.05,711,0.1395052,0.13095832,0.0085468807
-0.05,712,0.13491931,0.1281491,0.0067702107
-0.05,713,0.020784467,0.023935525,-0.0031510573
-0.05,714,0.056939655,0.05025192,0.0066877345
-0.05,715,0.022802958,0.017593205,0.0052097537
-0.05,716,0.086089713,0.078398608,0.0076911048
-0.05,717,0.078739235,0.072676716,0.0060625192
-0.05,718,0.054858288,0.055206155,-0.00034786654
-0.05,719,0.11242335,0.10786543,0.0045579139
-0.05,720,0.068454935,0.06063865,0.0078162849
-0.05,721,0.054628979,0.056690272,-0.0020612926
-0.05,722,0.043693943,0.045085498,-0.0013915552
-0.05,723,0.056763824,0.063691357,-0.0069275331
-0.05,724,0.033171495,0.029620875,0.0035506202
-0.05,725,0.056577272,0.063924623,-0.0073473504
-0.05,726,-0.01571676,-0.02336078,0.0076440203
-0.05,727,0.016204207,0.008200173,0.0080040344
-0.05,728,0.14775537,0.14324044,0.0045149308
-0.05,729,0.12184518,0.14090254,-0.019057362
-0.05,730,0.10169107,0.093824846,0.0078662278
-0.05,731,0.072398187,0.065513922,0.0068842653
-0.05,732,0.073912446,0.077247163,-0.0033347177
-0.05,733,0.04406715,0.053769911,-0.0097027609
-0.05,734,0.066381557,0.061555382,0.0048261744
-0.05,735,0.10675018,0.098961782,0.0077884014
-0.05,736,0.042923997,0.046021369,-0.0030973722
-0.05,737,0.054695426,0.057278128,-0.0025827022
-0.05,738,0.070139546,0.0781754,-0.0080358532
-0.05,739,0.0060172855,0.004966768,0.0010505176
-0.05,740,0.077311855,0.10159227,-0.024280417
-0.05,741,0.048983871,0.050622357,-0.0016384859
-0.05,742,0.057221214,0.04950573,0.0077154845
-0.05,743,0.12270853,0.11839893,0.0043096026
-0.05,744,0.078886097,0.079037297,-0.00015120061
-0.05,745,0.031715129,0.026547392,0.0051677378
-0.05,746,0.012249544,0.0075693265,0.0046802173
-0.05,747,0.075621562,0.082828939,-0.0072073767
-0.05,748,0.060687584,0.054068718,0.0066188663
-0.05,749,0.037113242,0.03213449,0.0049787518
-0.05,750,0.094509775,0.086111957,0.0083978175
-0.05,751,0.071322625,0.067426702,0.0038959226
-0.05,752,0.018174471,0.015833025,0.0023414463
-0.05,753,0.061135367,0.053142477,0.0079928904
-0.05,754,0.069417405,0.061103335,0.0083140697
-0.05,755,0.064703529,0.056274252,0.0084292772
-0.05,756,0.10692615,0.13100536,-0.024079206
-0.05,757,0.046460868,0.049069581,-0.002608713
-0.05,758,0.053249879,0.048944562,0.0043053167
-0.05,759,0.035629475,0.036079047,-0.00044957157
-0.05,760,0.082418615,0.073919348,0.0084992668
-0.05,761,0.060370512,0.060918931,-0.00054841918
-0.05,762,0.017925242,0.0093540061,0.0085712355
-0.05,763,0.027332383,0.025191751,0.0021406316
-0.05,764,0.081127559,0.074967489,0.0061600709
-0.05,765,0.10646274,0.098845779,0.0076169635
-0.05,766,0.074221957,0.066297783,0.0079241739
-0.05,767,0.086538472,0.086883499,-0.00034502689
-0.05,768,0.063647025,0.055472791,0.008174234
-0.05,769,0.057359801,0.050314136,0.0070456647
-0.05,770,0.10456085,0.09343134,0.011129507
-0.05,771,0.075941515,0.066988215,0.0089533002
-0.05,772,0.010181216,0.012181317,-0.0020001014
-0.05,773,0.099814823,0.098098248,0.0017165743
-0.05,774,0.073772386,0.098192499,-0.024420113
-0.05,775,0.04996995,0.046134728,0.0038352223
-0.05,776,0.039447226,0.032294508,0.0071527181
-0.05,777,0.031552838,0.02429525,0.0072575877
-0.05,778,0.017728201,0.009399287,0.0083289144
-0.05,779,0.047463705,0.048236637,-0.00077293166
-0.05,780,0.046963451,0.052035444,-0.0050719926
-0.05,781,0.087376165,0.079129335,0.0082468298
-0.05,782,0.03452374,0.029343554,0.0051801858
-0.05,783,0.062909624,0.056924469,0.0059851548
-0.05,784,-0.001473908,0.012770368,-0.014244276
-0.05,785,0.05854726,0.050306032,0.0082412281
-0.05,786,0.12388083,0.12508653,-0.0012057006
-0.05,787,0.027946607,0.022815021,0.0051315858
-0.05,788,0.045689788,0.051735578,-0.0060457901
-0.05,789,0.032263584,0.025359006,0.0069045776
-0.05,790,0.056470053,0.050891006,0.0055790474
-0.05,791,0.090977786,0.1069534,-0.015975611
-0.05,792,0.085658608,0.078380138,0.0072784704
-0.05,793,0.079121379,0.070349259,0.0087721202
-0.05,794,0.1280526,0.13433364,-0.0062810342
-0.05,795,0.076246616,0.075214921,0.0010316953
-0.05,796,0.0025715468,-0.006133543,0.0087050898
-0.05,797,0.089185028,0.090936303,-0.0017512754
-0.05,798,0.026769351,0.020814664,0.0059546865
-0.05,799,0.089933452,0.092091654,-0.0021582025
-0.05,800,0.11084955,0.10390114,0.0069484089
-0.05,801,0.048743077,0.060351072,-0.011607995
-0.05,802,0.11111931,0.10324724,0.0078720702
-0.05,803,0.051394657,0.044928113,0.0064665445
-0.05,804,0.0032398763,-0.00087196182,0.0041118381
-0.05,805,0.079552368,0.076548426,0.0030039423
-0.05,806,0.073938585,0.066081145,0.0078574402
-0.05,807,0.058705732,0.069745295,-0.011039563
-0.05,808,0.016698555,0.012134277,0.0045642786
-0.05,809,0.035366573,0.027588381,0.0077781923
-0.05,810,0.016561634,0.037459924,-0.020898289
-0.05,811,0.10188082,0.0944631,0.0074177167
-0.05,812,0.13611583,0.1268552,0.0092606322
-0.05,813,0.099073237,0.093539739,0.0055334987
-0.05,814,0.041965638,0.036248766,0.0057168723
-0.05,815,0.08940991,0.085809318,0.0036005922
-0.05,816,0.044451385,0.040478435,0.0039729503
-0.05,817,0.066994201,0.065274969,0.0017192326
-0.05,818,0.078132528,0.078292271,-0.00015974286
-0.05,819,0.050133325,0.042368564,0.0077647606
-0.05,820,0.10088756,0.10552155,-0.0046339939
-0.05,821,0.084262668,0.075791659,0.0084710094
-0.05,822,0.05863505,0.053453705,0.0051813444
-0.05,823,0.084498356,0.08015385,0.0043445062
-0.05,824,0.079425819,0.074208618,0.0052172011
-0.05,825,0.025402181,0.017553572,0.0078486091
-0.05,826,0.070334593,0.06299724,0.0073373534
-0.05,827,-0.0037370824,-0.01052523,0.0067881479
-0.05,828,0.011739509,0.010994482,0.00074502689
-0.05,829,0.014638416,0.010986285,0.0036521317
-0.05,830,0.035581097,0.028473647,0.0071074499
-0.05,831,0.06286494,0.06211209,0.00075284953
-0.05,832,0.055086069,0.04638173,0.0087043389
-0.05,833,0.033258991,0.027360811,0.0058981797
-0.05,834,0.11802656,0.11315187,0.0048746841
-0.05,835,0.064986336,0.061525183,0.0034611533
-0.05,836,0.071981308,0.078823521,-0.0068422127
-0.05,837,0.040329738,0.033340472,0.0069892659
-0.05,838,0.019493004,0.019449827,4.3176695e-05
-0.05,839,0.01059164,0.0033704488,0.0072211908
-0.05,840,0.062581414,0.055212656,0.0073687581
-0.05,841,0.011353551,0.0038209832,0.0075325677
-0.05,842,0.078763238,0.077182827,0.0015804106
-0.05,843,0.071374923,0.06092087,0.010454052
-0.05,844,0.082866864,0.076950461,0.0059164031
-0.05,845,-0.0046541157,0.0013230172,-0.0059771329
-0.05,846,0.082434032,0.08682711,-0.0043930778
-0.05,847,0.011851291,0.0042473364,0.007603955
-0.05,848,0.084306783,0.085400893,-0.0010941094
-0.05,849,0.034558487,0.026909504,0.0076489832
-0.05,850,0.093625915,0.10277704,-0.0091511255
-0.05,851,0.018051892,0.034742592,-0.0166907
-0.05,852,0.050083909,0.042970786,0.0071131228
-0.05,853,0.012222281,0.010464921,0.0017573602
-0.05,854,0.060800536,0.055708029,0.0050925068
-0.05,855,0.096819109,0.1002037,-0.0033845944
-0.05,856,0.0050773584,-0.0014042462,0.0064816046
-0.05,857,0.047560209,0.039066857,0.0084933521
-0.05,858,0.012544041,0.009162941,0.0033811004
-0.05,859,0.023748683,0.048908152,-0.025159469
-0.05,860,0.05968747,0.062187087,-0.0024996169
-0.05,861,0.045872347,0.050420769,-0.0045484219
-0.05,862,0.099862131,0.11554545,-0.01568332
-0.05,863,0.038851412,0.030459529,0.0083918839
-0.05,864,0.12343456,0.11645215,0.0069824089
-0.05,865,0.10221354,0.094312829,0.0079007139
-0.05,866,0.044625997,0.03922319,0.0054028066
-0.05,867,-0.010142147,-0.01799311,0.007850963
-0.05,868,0.04682397,0.047024305,-0.00020033427
-0.05,869,0.068808822,0.059721182,0.00908764
-0.05,870,0.070055325,0.062681338,0.0073739867
-0.05,871,-0.0066100434,-0.003542682,-0.0030673614
-0.05,872,0.11527739,0.13034316,-0.015065772
-0.05,873,0.10209826,0.10129944,0.0007988211
-0.05,874,0.080120831,0.075102189,0.0050186419
-0.05,875,0.13277154,0.12610009,0.0066714464
-0.05,876,0.0558982,0.064022581,-0.008124381
-0.05,877,0.057586499,0.06142444,-0.0038379409
-0.05,878,0.057570449,0.050979863,0.0065905862
-0.05,879,0.050644037,0.042069712,0.0085743256
-0.05,880,-0.023190187,-0.025489998,0.002299811
-0.05,881,-0.0038584965,0.0009656178,-0.0048241143
-0.05,882,-0.012880793,-0.021105131,0.0082243381
-0.05,883,0.056177957,0.052598513,0.0035794436
-0.05,884,0.087719861,0.08082996,0.0068899007
-0.05,885,0.080579636,0.072230093,0.0083495428
-0.05,886,0.039511228,0.031461661,0.0080495671
-0.05,887,0.073762688,0.065307657,0.008455031
-0.05,888,0.063111057,0.08559285,-0.022481793
-0.05,889,0.068741788,0.063086575,0.0056552129
-0.05,890,0.10302271,0.096743618,0.0062790876
-0.05,891,0.064756401,0.058313329,0.0064430726
-0.05,892,0.15606037,0.1503099,0.0057504633
-0.05,893,0.12281223,0.11436248,0.0084497447
-0.05,894,0.020405801,0.018007072,0.0023987285
-0.05,895,0.073964223,0.069692103,0.0042721191
-0.05,896,0.043160544,0.047210677,-0.0040501332
-0.05,897,0.072805152,0.068009608,0.0047955436
-0.05,898,0.090430274,0.094112812,-0.0036825377
-0.05,899,0.040940663,0.032598265,0.0083423983
-0.05,900,0.023713808,0.015788383,0.0079254245
-0.05,901,0.038511975,0.056695211,-0.018183236
-0.05,902,0.066100762,0.068478911,-0.0023781493
-0.05,903,0.062523618,0.060833565,0.0016900535
-0.05,904,0.072786239,0.1092115,-0.03642526
-0.05,905,0.051652013,0.050184526,0.0014674874
-0.05,906,0.049792437,0.043587274,0.0062051631
-0.05,907,0.092148233,0.089110488,0.0030377455
-0.05,908,-0.0070858209,-0.014124348,0.0070385274
-0.05,909,0.06566701,0.092753851,-0.027086841
-0.05,910,0.07895947,0.070506307,0.0084531628
-0.05,911,0.072222188,0.085204606,-0.012982418
-0.05,912,0.12096342,0.111636,0.009327414
-0.05,913,-0.00023265968,-0.0074880994,0.0072554397
-0.05,914,0.042745538,0.041915268,0.00083027059
-0.05,915,0.05813375,0.05000155,0.0081321995
-0.05,916,0.075122134,0.079741349,-0.0046192145
-0.05,917,0.025535449,0.016667114,0.0088683348
-0.05,918,0.027428458,0.043708633,-0.016280176
-0.05,919,0.089944842,0.082963107,0.0069817352
-0.05,920,-0.01114884,-0.018979424,0.0078305844
-0.05,921,0.015222945,0.0099969424,0.0052260028
-0.05,922,0.066964437,0.057697355,0.0092670818
-0.05,923,0.090950809,0.084120415,0.0068303939
-0.05,924,0.038674505,0.040419234,-0.0017447298
-0.05,925,-0.021168942,-0.026252199,0.0050832575
-0.05,926,0.066891906,0.069327486,-0.0024355807
-0.05,927,0.063430781,0.055533489,0.0078972922
-0.05,928,0.048849447,0.043469685,0.0053797625
-0.05,929,0.087735632,0.078764645,0.0089709863
-0.05,930,0.057860085,0.052148069,0.0057120152
-0.05,931,0.088580905,0.084158932,0.0044219731
-0.05,932,0.00048531354,0.019460969,-0.018975655
-0.05,933,0.0052207953,-0.0034297827,0.008650578
-0.05,934,0.058324381,0.050685965,0.0076384166
-0.05,935,0.12609558,0.11831656,0.0077790245
-0.05,936,0.023154923,0.015464682,0.0076902414
-0.05,937,0.077109525,0.07672643,0.00038309496
-0.05,938,0.060129208,0.057562179,0.0025670291
-0.05,939,0.11211656,0.12078695,-0.0086703817
-0.05,940,0.16499299,0.17834648,-0.013353493
-0.05,941,0.10218151,0.094524493,0.0076570194
-0.05,942,0.081949237,0.098524193,-0.016574956
-0.05,943,0.052500882,0.044828866,0.0076720151
-0.05,944,-0.0015231714,-0.009874903,0.0083517315
-0.05,945,0.04497382,0.03710997,0.0078638503
-0.05,946,0.11368191,0.10402609,0.0096558223
-0.05,947,0.036582946,0.036898937,-0.00031599034
-0.05,948,0.12536082,0.11701389,0.0083469342
-0.05,949,0.085356026,0.077642178,0.0077138479
-0.05,950,0.071614061,0.064997167,0.0066168944
-0.05,951,0.086844776,0.085148299,0.0016964764
-0.05,952,0.066109481,0.076723355,-0.010613874
-0.05,953,0.08421442,0.07767054,0.0065438798
-0.05,954,0.072091831,0.067461419,0.0046304115
-0.05,955,0.051964445,0.051587937,0.00037650748
-0.05,956,0.048703354,0.066750311,-0.018046956
-0.05,957,0.044306711,0.068503605,-0.024196894
-0.05,958,0.017225237,0.017905395,-0.00068015874
-0.05,959,0.023384365,0.029582958,-0.0061985926
-0.05,960,0.090753777,0.09367865,-0.0029248732
-0.05,961,0.044072321,0.043402315,0.00067000574
-0.05,962,0.12481314,0.13995225,-0.015139104
-0.05,963,0.051472714,0.044060195,0.0074125199
-0.05,964,0.069625528,0.072911127,-0.0032855992
-0.05,965,0.051624373,0.043654662,0.0079697108
-0.05,966,0.096546599,0.10216142,-0.0056148219
-0.05,967,0.035317089,0.027915302,0.0074017865
-0.05,968,0.060554949,0.074448348,-0.013893399
-0.05,969,0.024687676,0.019652299,0.0050353778
-0.05,970,0.069692994,0.061170739,0.0085222554
-0.05,971,0.049920969,0.040388805,0.0095321638
-0.05,972,0.014110859,0.0090490968,0.0050617622
-0.05,973,0.064473488,0.061848526,0.002624962
-0.05,974,0.024757126,0.026663174,-0.0019060484
-0.05,975,0.086461379,0.078204528,0.0082568503
-0.05,976,0.063146934,0.055117369,0.0080295649
-0.05,977,0.089287034,0.081795031,0.0074920029
-0.05,978,0.088830237,0.1188468,-0.030016567
-0.05,979,0.03333247,0.025747478,0.007584992
-0.05,980,0.025462921,0.036792667,-0.011329746
-0.05,981,0.09078029,0.09002269,0.00075759955
-0.05,982,0.13390297,0.13036844,0.0035345312
-0.05,983,0.044449002,0.040358513,0.0040904886
-0.05,984,0.028570653,0.033456195,-0.004885542
-0.05,985,-0.0047400642,0.00065368899,-0.0053937532
-0.05,986,0.037414772,0.029187687,0.0082270851
-0.05,987,0.067516719,0.059856352,0.0076603667
-0.05,988,0.08102527,0.075498272,0.0055269988
-0.05,989,0.040549918,0.032711394,0.0078385241
-0.05,990,0.047102215,0.057617116,-0.010514901
-0.05,991,0.00082839754,-0.0065425476,0.0073709451
-0.05,992,0.025131245,0.023893721,0.0012375233
-0.05,993,0.063970209,0.067756501,-0.0037862916
-0.05,994,-0.0083922173,-0.0060263151,-0.0023659021
-0.05,995,0.097356647,0.10496915,-0.0076125003
-0.05,996,0.090974621,0.10165445,-0.010679828
-0.05,997,0.091525259,0.088371822,0.0031534374
-0.05,998,0.05493915,0.047783537,0.0071556138
-0.05,999,0.030092121,0.022123703,0.007968418
0,0,0.046790969,0.038794684,0.0079962855
0,1,0.068044685,0.061831,0.0062136845
0,2,0.0053568581,0.00094120624,0.0044156518
0,3,0.053966727,0.04723423,0.0067324968
0,4,0.031739517,0.032143292,-0.00040377472
0,5,0.0053046502,0.0010548216,0.0042498286
0,6,0.030199392,0.036700581,-0.0065011898
0,7,0.10488487,0.12227107,-0.017386206
0,8,0.057546371,0.057925391,-0.00037901916
0,9,0.028437311,0.021340854,0.0070964569
0,10,0.041732513,0.060945259,-0.019212747
0,11,0.060179875,0.05555499,0.0046248849
0,12,0.069598591,0.067422279,0.0021763125
0,13,0.09221577,0.083917163,0.0082986066
0,14,0.03866139,0.031311049,0.0073503406
0,15,0.029112871,0.024362373,0.0047504982
0,16,0.086791663,0.077114963,0.0096767003
0,17,0.077195959,0.068097668,0.0090982909
0,18,0.035389968,0.054251744,-0.018861775
0,19,0.058853232,0.070894697,-0.012041465
0,20,0.10698736,0.11605715,-0.0090697918
0,21,0.072049245,0.064457941,0.0075913041
0,22,0.1260878,0.11923509,0.0068527076
0,23,0.11314495,0.12041388,-0.0072689351
0,24,0.047560174,0.04479297,0.0027672041
0,25,-0.0095211678,0.0079743167,-0.017495484
0,26,0.031033403,0.026498645,0.0045347583
0,27,0.038423537,0.031219716,0.0072038212
0,28,0.11350989,0.10449909,0.0090107944
0,29,0.015181977,0.0081214059,0.0070605713
0,30,-0.015248075,0.0092669834,-0.024515059
0,31,0.03805973,0.030976986,0.0070827435
0,32,0.035206326,0.046369401,-0.011163075
0,33,0.040035072,0.035755126,0.0042799456
0,34,0.10050568,0.10552408,-0.0050183982
0,35,0.088603726,0.082907632,0.0056960946
0,36,0.079147686,0.072053079,0.0070946062
0,37,0.084683658,0.077527788,0.00715587
0,38,0.13675587,0.15566805,-0.018912179
0,39,0.061281307,0.076545344,-0.015264037
0,40,0.076023936,0.077789954,-0.0017660173
0,41,0.039134969,0.036024135,0.0031108341
0,42,0.1123772,0.1078059,0.0045712978
0,43,0.052623668,0.050265178,0.0023584901
0,44,0.10101707,0.095903055,0.0051140199
0,45,0.034127239,0.045735323,-0.011608083
0,46,0.050067761,0.051432139,-0.0013643784
0,47,0.076736634,0.06806813,0.0086685037
0,48,0.033242075,0.028777627,0.0044644478
0,49,0.03374925,0.029725394,0.0040238555
0,50,0.057911622,0.060231285,-0.0023196625
0,51,0.050961969,0.04488562,0.0060763499
0,52,0.014377156,0.011839463,0.0025376937
0,53,0.1210706,0.12247326,-0.001402661
0,54,0.075964443,0.069769218,0.0061952249
0,55,0.017697645,0.01380164,0.0038960057
0,56,0.039328855,0.050705059,-0.011376205
0,57,0.10750104,0.10006847,0.0074325716
0,58,0.09704998,0.10440328,-0.0073533021
0,59,0.035664102,0.048444931,-0.012780829
0,60,0.080906778,0.073183957,0.0077228209
0,61,0.059095309,0.055202058,0.0038932506
0,62,0.089176777,0.082137647,0.0070391299
0,63,0.050930367,0.047680865,0.0032495024
0,64,0.09940502,0.090628539,0.0087764809
0,65,0.014136873,0.0091902118,0.0049466609
0,66,0.083468056,0.081842964,0.0016250916
0,67,0.053870676,0.04470261,0.0091680663
0,68,0.061443131,0.052241571,0.0092015598
0,69,0.10079196,0.091961684,0.0088302777
0,70,0.072011186,0.073623887,-0.0016127009
0,71,0.052400937,0.047243989,0.0051569478
0,72,0.083268401,0.075126423,0.0081419784
0,73,0.073995354,0.072037672,0.0019576818
0,74,0.03211304,0.025794292,0.0063187482
0,75,0.028345417,0.023057361,0.0052880561
0,76,0.094302112,0.087959423,0.0063426885
0,77,0.15311823,0.15396832,-0.00085008967
0,78,0.10250804,0.093130668,0.0093773682
0,79,0.11734625,0.12994306,-0.012596804
0,80,0.012298452,0.0052717644,0.0070266873
0,81,0.096347809,0.11518442,-0.018836615
0,82,0.012483584,0.011633865,0.00084971921
0,83,0.06134101,0.057232727,0.0041082828
0,84,0.038371958,0.038250975,0.00012098334
0,85,0.095410242,0.089380096,0.0060301459
0,86,0.074844659,0.076554893,-0.0017102337
0,87,0.11045355,0.12192807,-0.01147452
0,88,0.021821703,0.018398754,0.0034229496
0,89,0.063973203,0.064231932,-0.00025872975
0,90,0.048821786,0.040503075,0.0083187101
0,91,0.050266205,0.04326096,0.0070052452
0,92,0.021789566,0.025093303,-0.0033037365
0,93,0.061945556,0.059715789,0.0022297673
0,94,0.081300957,0.11394747,-0.032646517
0,95,0.027463716,0.032956392,-0.0054926763
0,96,0.047999273,0.042808497,0.005190776
0,97,0.047144148,0.048764114,-0.0016199664
0,98,0.053719789,0.055275434,-0.0015556451
0,99,0.077745223,0.071670367,0.006074856
0,100,0.08335514,0.07967721,0.0036779303
0,101,0.071151769,0.11474847,-0.043596705
0,102,0.034356895,0.027398571,0.0069583236
0,103,0.047820065,0.041153774,0.0066662906
0,104,0.07298196,0.066144066,0.0068378937
0,105,0.095894228,0.088878685,0.0070155433
0,106,0.075218597,0.070439504,0.004779093
0,107,0.082886758,0.080697923,0.0021888348
0,108,-0.0025084837,0.054779629,-0.057288112
0,109,0.15121377,0.144858,0.0063557661
0,110,0.073577198,0.066947275,0.0066299232
0,111,0.087329579,0.08443402,0.0028955586
0,112,0.042318109,0.040370616,0.0019474929
0,113,0.12105044,0.11344572,0.0076047228
0,114,0.10413968,0.09543759,0.0087020941
0,115,0.11063732,0.10531418,0.0053231419
0,116,0.090065977,0.081804249,0.008261729
0,117,0.018616251,0.036277081,-0.01766083
0,118,0.018804035,0.008665661,0.010138374
0,119,0.041834373,0.038501511,0.0033328616
0,120,0.04937352,0.041909329,0.0074641909
0,121,0.0011707499,-0.0015165742,0.0026873241
0,122,0.063236264,0.064705199,-0.001468935
0,123,0.043465503,0.052947935,-0.0094824321
0,124,0.059774857,0.053350734,0.0064241236
0,125,0.051489284,0.044319432,0.0071698521
0,126,0.10379413,0.10085031,0.0029438264
0,127,0.090783965,0.1034789,-0.012694939
0,128,0.10619747,0.11655279,-0.010355323
0,129,-0.0414782,-0.048102181,0.0066239808
0,130,0.12673923,0.14742136,-0.020682133
0,131,0.062285492,0.055056473,0.0072290199
0,132,0.067303406,0.076713169,-0.0094097626
0,133,0.10018774,0.089839579,0.010348166
0,134,0.11564354,0.10675786,0.00888568
0,135,0.073036938,0.066929795,0.0061071432
0,136,0.02672491,0.029648494,-0.002923584
0,137,0.026709362,0.017584508,0.0091248539
0,138,0.12605473,0.16339255,-0.037337829
0,139,0.096599952,0.089928044,0.0066719079
0,140,0.087862263,0.089965106,-0.002102843
0,141,0.054826996,0.059001262,-0.0041742656
0,142,0.048155717,0.072250585,-0.024094868
0,143,0.052700728,0.076874585,-0.024173857
0,144,0.053519703,0.044157283,0.0093624207
0,145,0.12325063,0.11610045,0.0071501837
0,146,0.071356948,0.073191915,-0.0018349666
0,147,0.059587202,0.052981537,0.0066056653
0,148,0.090293538,0.08889839,0.0013951483
0,149,0.072680319,0.065919483,0.0067608364
0,150,0.096605291,0.08795797,0.008647321
0,151,0.082376393,0.07396868,0.0084077131
0,152,0.056081026,0.058630249,-0.0025492229
0,153,-0.037910657,-0.044689749,0.0067790913
0,154,0.052013266,0.063178417,-0.011165151
0,155,0.062687122,0.053812586,0.0088745353
0,156,0.04734901,0.047230129,0.00011888118
0,157,0.11574852,0.11021285,0.0055356731
0,158,0.055629736,0.054663211,0.00096652552
0,159,0.043776905,0.049858674,-0.0060817691
0,160,0.031825766,0.033130135,-0.0013043694
0,161,0.10934498,0.10239807,0.0069469192
0,162,-0.025578024,-0.027257393,0.0016793689
0,163,-0.003157542,0.0088835234,-0.012041065
0,164,0.030706435,0.03091115,-0.00020471539
0,165,0.061707729,0.059682063,0.0020256653
0,166,0.081667488,0.073098801,0.0085686868
0,167,0.054270649,0.046948257,0.0073223918
0,168,0.1257657,0.12175262,0.004013077
0,169,0.0048764989,1.3478008e-05,0.0048630209
0,170,0.061622091,0.054057981,0.0075641102
0,171,0.11312103,0.13733437,-0.024213343
0,172,0.07673091,0.068628643,0.0081022672
0,173,0.085869656,0.091822953,-0.0059532971
0,174,0.093334536,0.087474907,0.005859629
0,175,0.053039648,0.043906853,0.0091327946
0,176,0.13385508,0.1253594,0.008495681
0,177,0.086975988,0.086634648,0.00034134055
0,178,0.085139653,0.081140719,0.0039989338
0,179,0.057057556,0.048573709,0.0084838468
0,180,0.049598578,0.041501469,0.0080971092
0,181,0.048720374,0.04453912,0.0041812544
0,182,0.13959632,0.12894017,0.010656148
0,183,0.048711259,0.049084791,-0.00037353203
0,184,0.074348091,0.066700039,0.0076480523
0,185,0.058269372,0.058698582,-0.00042921006
0,186,0.088961349,0.12347102,-0.034509671
0,187,0.11017173,0.10130596,0.0088657715
0,188,0.1380031,0.1298535,0.008149599
0,189,0.015508024,0.023942936,-0.0084349122
0,190,0.11365214,0.10433657,0.0093155634
0,191,0.06264007,0.073226048,-0.010585978
0,192,0.031157949,0.025030455,0.0061274939
0,193,0.13890318,0.13365289,0.0052502946
0,194,0.054114848,0.045394718,0.0087201298
0,195,0.093979476,0.08634414,0.0076353364
0,196,0.065864283,0.05747874,0.0083855431
0,197,0.056498919,0.047828795,0.0086701247
0,198,0.06134333,0.058750561,0.0025927684
0,199,0.12464306,0.13893983,-0.01429677
0,200,-0.029466528,-0.030299808,0.00083328019
0,201,0.052546188,0.065159072,-0.012612883
0,202,0.067907482,0.10777009,-0.039862608
0,203,0.036615107,0.028590663,0.008024444
0,204,0.075177751,0.066422318,0.0087554331
0,205,0.076112488,0.072096825,0.0040156631
0,206,0.050616331,0.0473919,0.0032244313
0,207,0.056511777,0.048514956,0.0079968216
0,208,0.056128039,0.065248062,-0.0091200232
0,209,0.071398213,0.066172088,0.005226125
0,210,0.059915335,0.056802813,0.003112522
0,211,0.088136044,0.080200379,0.0079356645
0,212,0.014220323,0.0079513548,0.0062689684
0,213,0.054486231,0.055588484,-0.0011022527
0,214,0.033819536,0.050766186,-0.016946651
0,215,-0.011080118,-0.011475836,0.00039571824
0,216,0.1133084,0.12351256,-0.010204163
0,217,-0.0047629629,-0.005864452,0.0011014891
0,218,0.090070613,0.082791082,0.0072795308
0,219,0.0509818,0.04408075,0.0069010506
0,220,0.079277669,0.080266321,-0.00098865279
0,221,0.068656164,0.060347508,0.0083086566
0,222,0.063450953,0.059042062,0.0044088914
0,223,0.045295679,0.053425674,-0.0081299947
0,224,0.11491135,0.10779123,0.0071201261
0,225,0.084385824,0.07638112,0.0080047034
0,226,0.061767623,0.054444908,0.0073227152
0,227,0.10106818,0.10415341,-0.003085236
0,228,0.028937094,0.022669658,0.006267436
0,229,0.075785182,0.069577769,0.0062074124
0,230,0.11231563,0.11050939,0.0018062344
0,231,0.040791233,0.038847123,0.0019441092
0,232,0.0112046,0.0030785237,0.0081260766
0,233,-0.01708197,-0.018311929,0.0012299587
0,234,0.030614201,0.026925737,0.003688464
0,235,0.094427497,0.086190703,0.0082367941
0,236,0.096371186,0.096666059,-0.0002948732
0,237,0.045838644,0.040158822,0.0056798213
0,238,0.090661454,0.088838511,0.0018229432
0,239,0.047141286,0.046494872,0.00064641375
0,240,0.08050458,0.073074781,0.0074297993
0,241,0.070599626,0.063914763,0.0066848637
0,242,0.015415136,0.008716678,0.0066984575
0,243,0.017379831,0.026145474,-0.0087656431
0,244,0.053749042,0.077001205,-0.023252163
0,245,0.023145385,0.019727532,0.0034178527
0,246,-0.0078551396,-0.015842665,0.0079875252
0,247,0.016252672,0.0087927969,0.0074598747
0,248,0.078560083,0.090080438,-0.011520354
0,249,0.043163683,0.044317277,-0.001153594
0,250,0.090732103,0.086867949,0.0038641543
0,251,0.071729524,0.065886447,0.0058430773
0,252,0.090574527,0.092480291,-0.0019057635
0,253,0.055745526,0.057863755,-0.0021182295
0,254,0.11001506,0.10610704,0.0039080149
0,255,0.044313786,0.053450495,-0.0091367094
0,256,0.019769216,0.011398795,0.0083704209
0,257,0.011311116,0.012707072,-0.0013959553
0,258,0.027987655,0.020166762,0.0078208927
0,259,-0.017186304,-0.019755384,0.0025690809
0,260,0.04751964,0.041108312,0.0064113285
0,261,0.041535038,0.037178666,0.0043563719
0,262,0.044978233,0.036697085,0.0082811488
0,263,0.074943204,0.073455841,0.0014873628
0,264,0.084655455,0.082590089,0.0020653663
0,265,0.03255067,0.065647388,-0.033096718
0,266,0.047165267,0.039426181,0.0077390867
0,267,0.016051578,0.016725966,-0.00067438754
0,268,0.036531547,0.04153625,-0.0050047027
0,269,0.012233857,0.0054212823,0.0068125744
0,270,0.031126739,0.024645235,0.0064815039
0,271,0.077423772,0.071418343,0.0060054288
0,272,0.038051765,0.031167654,0.0068841102
0,273,0.053617632,0.063372917,-0.0097552857
0,274,0.05830315,0.05146849,0.0068346607
0,275,0.043861356,0.035464362,0.0083969949
0,276,0.082203307,0.084735438,-0.0025321314
0,277,0.082013478,0.073696969,0.0083165089
0,278,0.073115145,0.064088164,0.0090269809
0,279,0.035938868,0.065644194,-0.029705325
0,280,0.048346884,0.067731116,-0.019384232
0,281,0.0225814,0.019246891,0.0033345089
0,282,0.065387753,0.082891233,-0.017503479
0,283,0.043618009,0.037267237,0.006350772
0,284,0.053862021,0.04888311,0.0049789113
0,285,0.097569677,0.095403035,0.0021666422
0,286,0.049603014,0.045081164,0.0045218502
0,287,0.054922534,0.063324964,-0.0084024307
0,288,0.046823873,0.040093873,0.0067299998
0,289,0.1074763,0.10549334,0.0019829588
0,290,0.050342985,0.045035233,0.0053077516
0,291,0.068732074,0.06626666,0.0024654135
0,292,0.0644334,0.072441315,-0.0080079151
0,293,0.071955292,0.089450815,-0.017495524
0,294,0.043786169,0.060504365,-0.016718196
0,295,0.090188143,0.081871963,0.0083161804
0,296,0.040794061,0.043060825,-0.0022667647
0,297,0.04258144,0.03719072,0.0053907204
0,298,0.12682696,0.12492846,0.001898493
0,299,0.10160904,0.108102,-0.0064929693
0,300,0.065524514,0.085324327,-0.019799813
0,301,0.037397271,0.028293219,0.009104052
0,302,0.02504524,0.019285122,0.0057601185
0,303,0.088119016,0.11342866,-0.02530964
0,304,0.039351348,0.039210577,0.00014077049
0,305,0.052530083,0.048419912,0.0041101705
0,306,0.03800909,0.028658514,0.0093505766
0,307,0.070114874,0.063203501,0.006911373
0,308,0.06729082,0.057990278,0.0093005414
0,309,0.056944042,0.073871029,-0.016926987
0,310,0.13029301,0.13337949,-0.0030864719
0,311,0.075232807,0.073736465,0.0014963421
0,312,-0.0061481558,-0.013697143,0.0075489873
0,313,0.042909957,0.048295833,-0.0053858759
0,314,0.049099856,0.053336852,-0.0042369961
0,315,0.085580947,0.087237359,-0.0016564127
0,316,0.090362252,0.081340746,0.0090215061
0,317,0.14304179,0.14104488,0.0019969117
0,318,0.070206058,0.082057141,-0.011851084
0,319,0.096804589,0.088904291,0.0079002986
0,320,0.04405906,0.034746032,0.0093130276
0,321,0.12294818,0.11313221,0.009815977
0,322,0.055426928,0.059813781,-0.0043868529
0,323,0.080804097,0.072628739,0.0081753585
0,324,0.045518775,0.060347203,-0.014828428
0,325,-0.020793447,-0.017495455,-0.0032979913
0,326,0.022632449,0.050874476,-0.028242027
0,327,0.08900867,0.082693796,0.006314874
0,328,0.044894062,0.035622506,0.0092715567
0,329,0.071454152,0.068624363,0.0028297892
0,330,0.031217596,0.038745701,-0.0075281054
0,331,0.13419279,0.1258257,0.0083670878
0,332,0.071216066,0.12878735,-0.057571281
0,333,0.057580554,0.056790841,0.00078971226
0,334,0.024275079,0.017483631,0.0067914484
0,335,0.084796976,0.084172628,0.00062434802
0,336,0.063748798,0.074173411,-0.010424613
0,337,0.10251271,0.096602486,0.0059102259
0,338,0.070665683,0.063100165,0.0075655174
0,339,0.047704702,0.040937842,0.0067668599
0,340,0.10778317,0.10320898,0.0045741938
0,341,0.03507562,0.02635427,0.0087213496
0,342,0.083745757,0.084863516,-0.0011177591
0,343,0.06523626,0.079713349,-0.014477089
0,344,0.062299458,0.06106297,0.0012364884
0,345,0.10204204,0.099788706,0.0022533325
0,346,0.078073319,0.070922707,0.0071506121
0,347,0.085688571,0.078902777,0.006785794
0,348,0.11850307,0.1144716,0.0040314674
0,349,0.030498595,0.025491785,0.00500681
0,350,0.088088931,0.08387794,0.004210991
0,351,0.049465709,0.055325402,-0.0058596931
0,352,0.032612174,0.025004687,0.0076074873
0,353,0.024301425,0.017067629,0.007233796
0,354,-0.014266644,-0.020022721,0.005756077
0,355,0.053211703,0.044801771,0.0084099324
0,356,0.047527075,0.041519337,0.0060077377
0,357,0.063214701,0.064135889,-0.00092118755
0,358,0.080131864,0.071300474,0.00883139
0,359,0.082215315,0.086929047,-0.0047137322
0,360,0.10761831,0.15695644,-0.049338127
0,361,0.12091917,0.11413426,0.0067849059
0,362,0.11300283,0.11280257,0.0002002503
0,363,0.035074583,0.026234564,0.0088400189
0,364,0.073853987,0.085988806,-0.01213482
0,365,0.081463764,0.075145859,0.0063179048
0,366,0.07931369,0.070949304,0.0083643857
0,367,0.096991074,0.092398275,0.0045927988
0,368,-0.013992502,-0.021158142,0.0071656394
0,369,0.048082179,0.039776031,0.0083061484
0,370,0.08285597,0.099040978,-0.016185008
0,371,0.043460935,0.037624703,0.0058362317
0,372,0.065012178,0.076723897,-0.011711719
0,373,0.076718752,0.067240889,0.0094778631
0,374,0.068875105,0.060934011,0.007941094
0,375,0.00098105025,-0.004117957,0.0050990072
0,376,0.044767576,0.036120644,0.0086469319
0,377,0.12172044,0.11412388,0.007596564
0,378,0.076847813,0.091948998,-0.015101185
0,379,0.094291964,0.12523451,-0.030942547
0,380,0.028836132,0.022382887,0.0064532452
0,381,0.053977338,0.046347979,0.007629359
0,382,0.033973858,0.040509434,-0.0065355761
0,383,0.05921381,0.052483788,0.0067300226
0,384,0.10370089,0.11269873,-0.008997842
0,385,0.1176316,0.10918656,0.0084450393
0,386,0.029471405,0.021527193,0.007944212
0,387,0.062062473,0.066916912,-0.0048544387
0,388,0.053294613,0.053454781,-0.00016016852
0,389,0.045733828,0.037628546,0.0081052813
0,390,0.11941833,0.11307829,0.0063400418
0,391,0.076383104,0.081105573,-0.0047224697
0,392,0.10521161,0.095334185,0.009877423
0,393,0.068792749,0.062885394,0.005907355
0,394,-0.037928382,-0.01800805,-0.019920331
0,395,0.080462287,0.072112241,0.0083500461
0,396,0.0092335424,0.012229026,-0.0029954835
0,397,0.10442904,0.096066166,0.0083628749
0,398,0.048748926,0.042200535,0.0065483911
0,399,0.026337275,0.023469269,0.0028680066
0,400,0.014655944,0.046118926,-0.031462982
0,401,0.0089816983,0.0032046551,0.0057770432
0,402,0.037204129,0.033117376,0.0040867526
0,403,0.14668635,0.1667438,-0.020057449
0,404,0.078306939,0.070800373,0.0075065663
0,405,0.1103642,0.10621612,0.0041480758
0,406,0.036462553,0.028273658,0.0081888952
0,407,0.066894132,0.058893535,0.0080005965
0,408,0.051354443,0.065887186,-0.014532743
0,409,0.072999429,0.1065545,-0.033555073
0,410,0.050841344,0.04285288,0.0079884636
0,411,0.067061177,0.061180557,0.0058806201
0,412,-0.050869195,-0.059046525,0.0081773299
0,413,0.031070592,0.026287717,0.0047828743
0,414,0.080747992,0.080155967,0.00059202465
0,415,0.10292611,0.098293303,0.0046328084
0,416,0.054370305,0.071603157,-0.017232852
0,417,0.049707002,0.044050461,0.0056565411
0,418,0.088176617,0.087325795,0.00085082235
0,419,0.038863892,0.040645918,-0.0017820258
0,420,0.050691508,0.045443961,0.0052475473
0,421,0.065705276,0.062789768,0.0029155085
0,422,0.050200383,0.043964214,0.0062361689
0,423,0.0081766755,0.0086183804,-0.00044170496
0,424,0.044601343,0.048072282,-0.0034709387
0,425,0.057715856,0.066806214,-0.0090903584
0,426,0.032185183,0.027060336,0.0051248476
0,427,0.057990899,0.054799475,0.0031914234
0,428,0.043047374,0.042646538,0.00040083685
0,429,0.068759401,0.066353637,0.0024057647
0,430,0.10098105,0.096467054,0.0045139973
0,431,0.057817536,0.054965744,0.0028517921
0,432,0.04653042,0.038708475,0.0078219446
0,433,0.046728155,0.042064452,0.0046637027
0,434,0.059059199,0.074657567,-0.015598368
0,435,0.082482043,0.075633094,0.006848949
0,436,0.0069314375,0.0030706643,0.0038607732
0,437,0.020983024,0.021531178,-0.00054815467
0,438,0.09872552,0.090647745,0.0080777752
0,439,0.096339511,0.088270331,0.0080691795
0,440,0.076687906,0.069497301,0.0071906058
0,441,0.078718853,0.076985597,0.0017332561
0,442,0.14539628,0.14791334,-0.0025170623
0,443,0.086136923,0.11670831,-0.03057139
0,444,0.022560137,0.015290996,0.0072691413
0,445,0.14547585,0.13771303,0.0077628151
0,446,0.060368528,0.0519892,0.0083793274
0,447,0.058259682,0.055265548,0.0029941345
0,448,0.12252739,0.12199631,0.00053107628
0,449,0.0434514,0.064519711,-0.021068311
0,450,0.050943409,0.044270361,0.0066730485
0,451,0.087618267,0.081701061,0.0059172055
0,452,0.10179466,0.094299528,0.0074951275
0,453,0.035114198,0.029595588,0.0055186099
0,454,0.068622891,0.06206457,0.0065583208
0,455,0.10143488,0.092940503,0.0084943775
0,456,0.13020614,0.1500762,-0.019870055
0,457,0.054354798,0.071591187,-0.017236389
0,458,0.090594964,0.082777072,0.0078178919
0,459,0.095143838,0.089636805,0.0055070328
0,460,0.050401159,0.045192958,0.0052082008
0,461,0.0225641,0.013207843,0.0093562568
0,462,0.076047845,0.06856028,0.0074875658
0,463,0.019418557,0.010018835,0.0093997216
0,464,0.013475565,0.0090619481,0.0044136165
0,465,0.051932187,0.060530637,-0.0085984501
0,466,0.099237841,0.089063546,0.010174295
0,467,0.023599391,0.019626744,0.0039726471
0,468,0.072729404,0.066711541,0.0060178628
0,469,0.077459769,0.069970162,0.0074896064
0,470,0.057412601,0.048047664,0.0093649378
0,471,0.048529986,0.039343645,0.0091863411
0,472,0.0608355,0.052198342,0.0086371585
0,473,0.071690888,0.078565531,-0.0068746426
0,474,0.057173915,0.06169868,-0.004524765
0,475,0.076263492,0.070287871,0.005975621
0,476,0.085709767,0.097159499,-0.011449733
0,477,0.057625502,0.051014697,0.0066108051
0,478,0.072811233,0.067949015,0.0048622186
0,479,0.0049188385,0.0061984101,-0.0012795716
0,480,0.091803881,0.088139702,0.0036641785
0,481,0.10284049,0.095109912,0.0077305794
0,482,0.080773412,0.086625751,-0.0058523384
0,483,0.033477426,0.038464488,-0.0049870618
0,484,0.016243351,0.04987569,-0.033632339
0,485,0.06903612,0.074462111,-0.0054259917
0,486,0.054782603,0.057192324,-0.0024097215
0,487,0.050622455,0.042172671,0.0084497839
0,488,0.067362981,0.059021954,0.0083410264
0,489,0.00045451396,-0.0073835805,0.0078380944
0,490,0.064679696,0.060431239,0.004248457
0,491,0.083626375,0.07669943,0.0069269455
0,492,0.09216328,0.090593787,0.001569493
0,493,0.020146163,0.012631228,0.007514935
0,494,0.021396126,0.014932848,0.0064632773
0,495,0.076409791,0.078702447,-0.0022926563
0,496,0.039669647,0.034325927,0.00534372
0,497,0.086897859,0.092145622,-0.0052477625
0,498,0.1049834,0.10286223,0.0021211723
0,499,0.05437621,0.052571815,0.0018043947
0,500,0.0057199568,-0.0021188858,0.0078388426
0,501,0.0049486449,0.0046110775,0.00033756745
0,502,0.019093938,0.062650445,-0.043556508
0,503,-0.027940662,-0.024649401,-0.0032912611
0,504,0.0098306052,0.0024933171,0.0073372882
0,505,0.020855179,0.038855273,-0.018000093
0,506,0.065573988,0.059906682,0.0056673062
0,507,0.035094042,0.034402839,0.00069120256
0,508,0.084851985,0.0829359,0.0019160851
0,509,0.035312502,0.027532667,0.0077798345
0,510,-0.024343015,-0.027828799,0.0034857835
0,511,-0.0010754164,0.0060127748,-0.0070881913
0,512,0.1063111,0.10118138,0.0051297182
0,513,0.10812573,0.11261539,-0.0044896591
0,514,0.11262319,0.1056829,0.0069402894
0,515,0.072460819,0.068486385,0.0039744344
0,516,0.047878004,0.053984461,-0.0061064567
0,517,0.021226476,0.022593429,-0.0013669523
0,518,0.084918971,0.077736483,0.0071824881
0,519,0.02568914,0.018052719,0.0076364211
0,520,0.062641638,0.088636246,-0.025994608
0,521,0.10098486,0.094658529,0.0063263308
0,522,0.10094198,0.092927029,0.0080149547
0,523,0.0306237,0.026781059,0.0038426406
0,524,0.019903721,0.011746313,0.0081574076
0,525,0.03408553,0.03427762,-0.00019209069
0,526,0.032087165,0.024482969,0.007604196
0,527,0.058951819,0.050954684,0.0079971346
0,528,0.057031404,0.05704633,-1.4926717e-05
0,529,0.049781868,0.045279233,0.0045026355
0,530,0.074815153,0.067028467,0.0077866858
0,531,0.054204965,0.052064231,0.0021407337
0,532,0.0095103263,0.013286465,-0.0037761383
0,533,0.084880209,0.077220232,0.007659977
0,534,0.0098101549,0.0072532597,0.0025568952
0,535,-0.001316217,-0.0065081987,0.0051919817
0,536,0.03629154,0.02679664,0.0094948999
0,537,0.019775606,0.012466866,0.00730874
0,538,0.07309063,0.078467217,-0.0053765875
0,539,0.047166428,0.041345058,0.0058213697
0,540,0.10281563,0.10273326,8.236501e-05
0,541,0.091309296,0.11377027,-0.022460977
0,542,0.1217607,0.13354114,-0.011780449
0,543,0.059721269,0.054760541,0.0049607284
0,544,0.029631769,0.022046643,0.0075851261
0,545,0.034020774,0.026583154,0.0074376202
0,546,0.036608352,0.029104332,0.0075040199
0,547,0.001261893,-0.0067595286,0.0080214216
0,548,0.047803659,0.03982789,0.0079757695
0,549,0.10700091,0.11417064,-0.0071697261
0,550,-0.0050881691,-0.012248054,0.0071598848
0,551,0.095591769,0.08867663,0.0069151394
0,552,0.019512948,0.01366884,0.0058441084
0,553,0.048022651,0.04350194,0.0045207113
0,554,0.099033103,0.091556338,0.0074767657
0,555,0.044268111,0.037465865,0.0068022455
0,556,0.10530742,0.1078443,-0.0025368758
0,557,0.040817841,0.049209583,-0.0083917411
0,558,0.028035828,0.020952062,0.0070837652
0,559,0.080063849,0.10727832,-0.027214475
0,560,0.086784819,0.079878817,0.0069060018
0,561,0.11311899,0.11009775,0.0030212411
0,562,0.066801651,0.058148028,0.0086536227
0,563,-0.016761783,-0.021952545,0.0051907618
0,564,0.088345911,0.079693119,0.0086527921
0,565,0.066468601,0.061116093,0.0053525089
0,566,0.021056074,0.031349329,-0.010293255
0,567,0.053379518,0.051982508,0.0013970092
0,568,0.040074165,0.033548386,0.0065257788
0,569,0.02909241,0.020642698,0.0084497112
0,570,0.075236797,0.077487736,-0.0022509396
0,571,0.018391091,0.011824198,0.0065668932
0,572,0.025872415,0.021051543,0.0048208723
0,573,0.014344687,0.0093776215,0.0049670656
0,574,0.03088728,0.030977703,-9.0423565e-05
0,575,0.05268634,0.045857752,0.0068285872
0,576,0.110836,0.11005476,0.00078123456
0,577,0.081454671,0.073778979,0.0076756921
0,578,0.032822961,0.026007886,0.0068150744
0,579,0.046274703,0.04719418,-0.00091947734
0,580,0.090863328,0.084675112,0.006188216
0,581,0.049842302,0.047243223,0.0025990796
0,582,0.10468887,0.098387563,0.0063013054
0,583,0.029023059,0.021426596,0.0075964628
0,584,0.060101939,0.052273648,0.0078282905
0,585,0.042801935,0.060184232,-0.017382297
0,586,-0.026415948,-0.0047649494,-0.021650999
0,587,0.0075309803,0.0016250994,0.0059058808
0,588,0.05666601,0.060124668,-0.0034586581
0,589,0.053236252,0.050818078,0.0024181741
0,590,0.088865753,0.092678085,-0.0038123316
0,591,0.11497168,0.11414896,0.00082271266
0,592,0.04041637,0.032564018,0.0078523517
0,593,-0.039400743,-0.045738161,0.0063374184
0,594,0.063272297,0.065596808,-0.002324511
0,595,0.092971686,0.086817955,0.0061537315
0,596,0.055035728,0.050831033,0.0042046941
0,597,0.050136603,0.044172988,0.0059636154
0,598,0.093946531,0.085733073,0.0082134579
0,599,0.048444459,0.046920806,0.0015236524
0,600,0.09173592,0.10111477,-0.009378848
0,601,0.044551448,0.037548843,0.0070026054
0,602,0.096424877,0.090212957,0.0062119193
0,603,0.040084757,0.033541932,0.0065428243
0,604,0.050193133,0.096462067,-0.046268935
0,605,0.051035659,0.066636104,-0.015600446
0,606,0.0079572454,0.024379022,-0.016421776
0,607,0.068243774,0.062456865,0.0057869092
0,608,0.049253297,0.043197612,0.0060556858
0,609,0.039884871,0.032100212,0.0077846589
0,610,0.01196528,0.023331425,-0.011366145
0,611,0.028486,0.024557646,0.0039283539
0,612,0.048577233,0.053290637,-0.0047134033
0,613,0.081030241,0.077069028,0.0039612128
0,614,0.066621505,0.071769028,-0.0051475231
0,615,0.10492,0.095839554,0.0090804474
0,616,0.092669779,0.087441963,0.0052278159
0,617,0.035454235,0.026961989,0.0084922458
0,618,0.047545785,0.040735366,0.0068104192
0,619,0.02652443,0.026654022,-0.00012959217
0,620,0.11112508,0.12849746,-0.017372374
0,621,0.056367559,0.054204154,0.0021634046
0,622,0.057913302,0.054988955,0.0029243467
0,623,0.010829497,0.014506429,-0.0036769321
0,624,0.045608648,0.041293093,0.004315555
0,625,0.0034583409,0.0022676331,0.0011907078
0,626,0.066282173,0.059954261,0.0063279125
0,627,0.071749361,0.068985246,0.0027641155
0,628,0.050992354,0.043657169,0.0073351848
0,629,0.10684845,0.09892725,0.007921205
0,630,-0.008675085,-0.013449764,0.0047746795
0,631,0.0087256846,0.001285486,0.0074401986
0,632,0.012642361,0.023645757,-0.011003396
0,633,0.0001085681,-0.0048895295,0.0049980976
0,634,0.10345558,0.094732265,0.008723315
0,635,0.10414181,0.097519078,0.0066227301
0,636,0.052719713,0.05082516,0.0018945531
0,637,0.014190466,0.014365409,-0.00017494331
0,638,0.092856474,0.087907634,0.0049488398
0,639,0.070892217,0.061940001,0.0089522163
0,640,0.051123988,0.040825932,0.010298056
0,641,0.04768361,0.040871872,0.006811738
0,642,0.09032783,0.083278729,0.0070491008
0,643,0.040047111,0.046071904,-0.0060247929
0,644,0.019851534,0.012423839,0.0074276947
0,645,0.019736267,0.019137501,0.00059876514
0,646,0.10403942,0.099245414,0.0047940028
0,647,0.028249865,0.023311514,0.0049383502
0,648,0.050724562,0.048704285,0.0020202768
0,649,0.1138505,0.10363188,0.010218622
0,650,0.0488034,0.051967482,-0.0031640814
0,651,0.11937858,0.12008897,-0.00071039111
0,652,0.079658564,0.07547335,0.0041852145
0,653,0.029464331,0.036212438,-0.0067481071
0,654,0.14452388,0.14369831,0.00082557217
0,655,0.052013959,0.042755453,0.0092585057
0,656,0.14711449,0.13902066,0.0080938317
0,657,0.037332681,0.046552536,-0.0092198553
0,658,0.030059601,0.021785658,0.0082739433
0,659,0.090276581,0.084793323,0.0054832581
0,660,0.055037132,0.05029566,0.0047414719
0,661,0.070821838,0.072295199,-0.0014733615
0,662,0.048593004,0.048188689,0.0004043148
0,663,0.037789747,0.029854183,0.0079355649
0,664,0.067267638,0.06359218,0.0036754577
0,665,0.10207661,0.10464013,-0.0025635264
0,666,0.076998883,0.07143581,0.0055630728
0,667,0.037671423,0.048110287,-0.010438864
0,668,0.079016257,0.097381654,-0.018365397
0,669,0.039237873,0.03357629,0.0056615828
0,670,0.043740128,0.037893324,0.0058468039
0,671,0.086535399,0.081897195,0.004638204
0,672,0.12175319,0.12482408,-0.0030708901
0,673,0.017505658,0.011617477,0.0058881808
0,674,0.064721429,0.057147375,0.0075740533
0,675,0.056646439,0.062860791,-0.0062143514
0,676,0.092732804,0.084000789,0.0087320153
0,677,0.020906733,0.027186782,-0.0062800488
0,678,0.10504314,0.10423949,0.00080365097
0,679,0.12052104,0.11981369,0.0007073537
0,680,0.12855378,0.12911393,-0.00056014588
0,681,0.065001726,0.070769678,-0.0057679527
0,682,0.049894246,0.041436688,0.0084575583
0,683,0.057583125,0.095797945,-0.038214819
0,684,0.12327073,0.1451459,-0.02187517
0,685,0.072381294,0.067835535,0.0045457593
0,686,0.11729339,0.13318974,-0.015896352
0,687,0.094105932,0.090421611,0.0036843204
0,688,0.081864872,0.073773971,0.008090901
0,689,0.0087902048,0.01609562,-0.0073054151
0,690,0.089161679,0.08030826,0.0088534187
0,691,0.013075749,0.017970883,-0.0048951339
0,692,0.043371956,0.034726018,0.0086459386
0,693,0.022198168,0.015970417,0.0062277504
0,694,0.034595646,0.028714796,0.0058808503
0,695,0.11440947,0.10670972,0.0076997506
0,696,0.088927108,0.080530338,0.0083967698
0,697,0.12652467,0.12112866,0.005396016
0,698,0.0069878709,2.7878799e-05,0.0069599921
0,699,0.099054732,0.098778633,0.00027609851
0,700,0.10543256,0.098196023,0.0072365384
0,701,0.14527843,0.15139226,-0.006113821
0,702,0.074816726,0.06529352,0.0095232055
0,703,-0.0035507565,-0.010646346,0.0070955896
0,704,0.15036691,0.17620421,-0.025837301
0,705,0.067156203,0.058681169,0.008475034
0,706,0.080397885,0.073698189,0.006699696
0,707,0.05031722,0.043877477,0.0064397428
0,708,-0.006530953,-0.012661439,0.0061304857
0,709,0.056295539,0.04929042,0.0070051187
0,710,0.050814448,0.042909791,0.0079046571
0,711,0.13946317,0.13097799,0.0084851803
0,712,0.13489075,0.12815639,0.0067343617
0,713,0.020783141,0.023967678,-0.0031845377
0,714,0.056924761,0.050254163,0.0066705978
0,715,0.022679575,0.017572315,0.00510726
0,716,0.086079493,0.078407486,0.0076720069
0,717,0.078716563,0.072673371,0.006043192
0,718,0.054780351,0.055192247,-0.00041189516
0,719,0.11238678,0.10786962,0.0045171575
0,720,0.068456377,0.060649404,0.0078069733
0,721,0.054597855,0.056698375,-0.0021005209
0,722,0.043615636,0.045060387,-0.0014447513
0,723,0.05667337,0.063651505,-0.006978135
0,724,0.033171453,0.029663103,0.0035083502
0,725,0.056513494,0.063904628,-0.0073911346
0,726,-0.015761527,-0.023350703,0.0075891755
0,727,0.016141089,0.0081702789,0.0079708105
0,728,0.14769904,0.14319931,0.004499724
0,729,0.12175083,0.14084088,-0.019090052
0,730,0.10166687,0.093835524,0.0078313477
0,731,0.072358122,0.065498294,0.0068598279
0,732,0.073804786,0.077166941,-0.0033621553
0,733,0.043993641,0.053749918,-0.0097562773
0,734,0.066300629,0.061571189,0.0047294402
0,735,0.1066769,0.098959486,0.0077174187
0,736,0.042878356,0.046013507,-0.0031351509
0,737,0.054683277,0.057305566,-0.0026222886
0,738,0.070090384,0.078200645,-0.0081102613
0,739,0.0059927014,0.004989651,0.0010030504
0,740,0.07730498,0.10164459,-0.024339613
0,741,0.048977299,0.050645213,-0.001667914
0,742,0.05716478,0.049491855,0.0076729249
0,743,0.12268672,0.11840676,0.0042799661
0,744,0.07885526,0.07905262,-0.00019735993
0,745,0.031665904,0.026544019,0.0051218849
0,746,0.012196517,0.0075446484,0.0046518681
0,747,0.075551109,0.082819948,-0.0072688393
0,748,0.060655635,0.054058309,0.0065973254
0,749,0.037045723,0.032107113,0.0049386103
0,750,0.094464486,0.086104314,0.0083601724
0,751,0.071296787,0.067441988,0.0038547996
0,752,0.018213175,0.015894915,0.0023182602
0,753,0.061102475,0.05315188,0.0079505948
0,754,0.069371736,0.06108946,0.0082822765
0,755,0.064650918,0.056268779,0.0083821392
0,756,0.10691259,0.13094291,-0.024030325
0,757,0.046414632,0.049073617,-0.0026589846
0,758,0.053251957,0.048964413,0.0042875437
0,759,0.035592089,0.036092605,-0.00050051534
0,760,0.082367448,0.073928037,0.0084394116
0,761,0.060356726,0.06094527,-0.0005885438
0,762,0.017858473,0.0093501575,0.008508316
0,763,0.027304613,0.025178995,0.002125618
0,764,0.081068709,0.07495859,0.0061101191
0,765,0.10646768,0.098882116,0.00758556
0,766,0.074179489,0.06629097,0.0078885184
0,767,0.086487736,0.086845658,-0.00035792163
0,768,0.063594788,0.055469307,0.0081254812
0,769,0.057343237,0.050342371,0.0070008669
0,770,0.10454519,0.093451689,0.011093496
0,771,0.075890218,0.067014685,0.0088755335
0,772,0.01016398,0.012190675,-0.0020266948
0,773,0.099778611,0.098055422,0.0017231887
0,774,0.073742907,0.098229598,-0.02448669
0,775,0.049878088,0.046081532,0.0037965562
0,776,0.039394034,0.032277089,0.0071169455
0,777,0.031485348,0.024277203,0.0072081451
0,778,0.017679292,0.0093842007,0.0082950909
0,779,0.047397512,0.04821669,-0.00081917837
0,780,0.046879673,0.051990638,-0.0051109653
0,781,0.087372965,0.07914603,0.0082269349
0,782,0.034540913,0.029388508,0.0051524047
0,783,0.062889055,0.056950896,0.0059381593
0,784,-0.0014346064,0.012784569,-0.014219175
0,785,0.058522853,0.050324913,0.0081979392
0,786,0.1238853,0.12515898,-0.0012736723
0,787,0.027880869,0.022804556,0.0050763136
0,788,0.045612447,0.051692687,-0.0060802392
0,789,0.032234523,0.025392808,0.0068417153
0,790,0.056424977,0.050874208,0.0055507687
0,791,0.090955243,0.10695917,-0.01600393
0,792,0.085641239,0.078391984,0.0072492548
0,793,0.079036263,0.070315661,0.0087206023
0,794,0.12798351,0.13432711,-0.0063436008
0,795,0.076168877,0.075167006,0.0010018701
0,796,0.0025292045,-0.0061147727,0.0086439772
0,797,0.08913546,0.090925233,-0.0017897723
0,798,0.02674751,0.020856992,0.005890518
0,799,0.089938593,0.092112974,-0.0021743817
0,800,0.11081783,0.1038929,0.0069249259
0,801,0.048722675,0.060354283,-0.011631608
0,802,0.11108793,0.10324221,0.0078457112
0,803,0.051353387,0.04494474,0.0064086471
0,804,0.0032334208,-0.00082682547,0.0040602462
0,805,0.07947537,0.076558648,0.0029167222
0,806,0.073863403,0.066076774,0.0077866298
0,807,0.058601131,0.069728239,-0.011127108
0,808,0.016668794,0.012130189,0.0045386044
0,809,0.03529404,0.027570795,0.0077232458
0,810,0.016579018,0.037497681,-0.020918662
0,811,0.10191208,0.094522057,0.00739002
0,812,0.13603405,0.12683815,0.0091958964
0,813,0.098999733,0.09352846,0.0054712727
0,814,0.041936929,0.036250221,0.0056867081
0,815,0.089353474,0.085808269,0.0035452052
0,816,0.044403953,0.040479062,0.0039248917
0,817,0.066925267,0.065255512,0.0016697551
0,818,0.07808545,0.078301113,-0.00021566233
0,819,0.05010682,0.042367378,0.0077394423
0,820,0.10088085,0.10552414,-0.0046432851
0,821,0.084172013,0.075760293,0.0084117201
0,822,0.058553806,0.05340294,0.0051508659
0,823,0.08445706,0.080151224,0.0043058367
0,824,0.079407741,0.07421024,0.0051975013
0,825,0.025332031,0.017548676,0.0077833542
0,826,0.070290106,0.063015607,0.0072744992
0,827,-0.0038017865,-0.010548375,0.0067465883
0,828,0.01168427,0.010960587,0.00072368231
0,829,0.014581961,0.010958705,0.0036232554
0,830,0.035570662,0.028526157,0.0070445054
0,831,0.062808346,0.062097136,0.00071121026
0,832,0.055087154,0.046413539,0.0086736151
0,833,0.033287583,0.027401705,0.0058858779
0,834,0.11805013,0.11319233,0.0048577987
0,835,0.064931547,0.061494021,0.0034375259
0,836,0.071951732,0.078833203,-0.0068814705
0,837,0.040284416,0.033311247,0.0069731683
0,838,0.019459931,0.019500963,-4.1031587e-05
0,839,0.010561064,0.0033612066,0.0071998576
0,840,0.062574689,0.055239803,0.007334886
0,841,0.011328365,0.0038390556,0.0074893097
0,842,0.078704851,0.077183473,0.0015213772
0,843,0.071335246,0.060939412,0.010395834
0,844,0.082820659,0.07695917,0.005861489
0,845,-0.0047417979,0.0012875336,-0.0060293315
0,846,0.082382061,0.086834492,-0.0044524307
0,847,0.011850579,0.0042695867,0.0075809922
0,848,0.084284073,0.085413411,-0.0011293373
0,849,0.034541092,0.026918471,0.0076226209
0,850,0.093598808,0.10277216,-0.0091733523
0,851,0.01795131,0.034684654,-0.016733344
0,852,0.050042829,0.042973242,0.0070695862
0,853,0.012170617,0.010448012,0.0017226051
0,854,0.06072146,0.05568856,0.0050329003
0,855,0.09682706,0.1002333,-0.0034062397
0,856,0.0049945481,-0.0014201814,0.0064147296
0,857,0.047542545,0.039084894,0.0084576506
0,858,0.012457165,0.0091117909,0.0033453739
0,859,0.023688384,0.048887796,-0.025199412
0,860,0.059627147,0.062153388,-0.0025262408
0,861,0.045812303,0.050381495,-0.0045691911
0,862,0.099840249,0.11555061,-0.015710365
0,863,0.03883784,0.030463599,0.0083742415
0,864,0.12337645,0.11645634,0.0069201051
0,865,0.10216712,0.094287688,0.0078794338
0,866,0.04458288,0.039201972,0.0053809075
0,867,-0.010165897,-0.017998453,0.0078325556
0,868,0.046843288,0.047036883,-0.00019359519
0,869,0.068841844,0.059798289,0.009043555
0,870,0.069985774,0.062655909,0.0073298648
0,871,-0.0066507588,-0.0035365813,-0.0031141776
0,872,0.11523565,0.13031479,-0.01507914
0,873,0.10202152,0.10129871,0.00072280975
0,874,0.080082114,0.075099601,0.0049825134
0,875,0.13269033,0.12609697,0.0065933634
0,876,0.055832927,0.064012697,-0.00817977
0,877,0.057584624,0.06145098,-0.0038663563
0,878,0.057548674,0.050987743,0.006560931
0,879,0.050541495,0.042025615,0.0085158801
0,880,-0.023217741,-0.025490208,0.0022724668
0,881,-0.0039178423,0.00093673152,-0.0048545738
0,882,-0.012932056,-0.021092075,0.008160019
0,883,0.056147898,0.052595368,0.0035525298
0,884,0.087655439,0.080821443,0.0068339968
0,885,0.080495043,0.072186012,0.0083090308
0,886,0.039471994,0.03146642,0.008005574
0,887,0.073718585,0.065287897,0.0084306886
0,888,0.063065969,0.085559564,-0.022493595
0,889,0.068723379,0.063109036,0.0056143436
0,890,0.10305658,0.096785641,0.0062709401
0,891,0.064664236,0.05826767,0.0063965655
0,892,0.15602035,0.1502887,0.0057316424
0,893,0.12273214,0.11435652,0.0083756171
0,894,0.020374307,0.018022093,0.0023522141
0,895,0.073941042,0.069729316,0.0042117268
0,896,0.0431035,0.047181262,-0.0040777621
0,897,0.072748459,0.068016689,0.0047317704
0,898,0.090390242,0.094118825,-0.003728583
0,899,0.040951845,0.032666093,0.0082857526
0,900,0.023669609,0.015772134,0.0078974742
0,901,0.038497454,0.056732248,-0.018234794
0,902,0.066046561,0.068464756,-0.0024181946
0,903,0.062503587,0.060868702,0.001634885
0,904,0.072727582,0.1092391,-0.036511523
0,905,0.051634799,0.050194454,0.0014403448
0,906,0.049820364,0.043624797,0.0061955672
0,907,0.092059072,0.089050239,0.0030088331
0,908,-0.0071083264,-0.014114098,0.0070057715
0,909,0.065667618,0.092754631,-0.027087013
0,910,0.078952598,0.07051604,0.0084365573
0,911,0.072208405,0.085207199,-0.012998795
0,912,0.12093317,0.11163922,0.0092939434
0,913,-0.00029574281,-0.0075019083,0.0072061655
0,914,0.042695901,0.041918979,0.0007769214
0,915,0.058098588,0.050005047,0.0080935407
0,916,0.07509133,0.079737076,-0.0046457457
0,917,0.025491144,0.016661032,0.0088301113
0,918,0.027335799,0.043687606,-0.016351807
0,919,0.089883073,0.082934139,0.0069489347
0,920,-0.011174531,-0.018974805,0.0078002741
0,921,0.015140936,0.0099803631,0.0051605734
0,922,0.066946074,0.05769769,0.0092483835
0,923,0.090920914,0.084123815,0.006797099
0,924,0.038633833,0.040428056,-0.0017942237
0,925,-0.021226435,-0.026259199,0.005032764
0,926,0.066878673,0.069344546,-0.0024658732
0,927,0.063387839,0.055530348,0.0078574913
0,928,0.048783179,0.043433014,0.0053501647
0,929,0.087702224,0.078775754,0.0089264702
0,930,0.057775376,0.052142938,0.0056324379
0,931,0.088566329,0.084161124,0.0044052054
0,932,0.00047010872,0.019496675,-0.019026567
0,933,0.0052273892,-0.0033999716,0.0086273608
0,934,0.058268193,0.050695998,0.0075721958
0,935,0.12603696,0.1183001,0.0077368598
0,936,0.02306713,0.01544758,0.0076195498
0,937,0.07707587,0.076749914,0.00032595668
0,938,0.060108154,0.057578995,0.002529159
0,939,0.11205557,0.1207887,-0.0087331292
0,940,0.16496012,0.17835667,-0.013396556
0,941,0.10210961,0.094493373,0.0076162363
0,942,0.081915958,0.098482743,-0.016566786
0,943,0.052441763,0.044823581,0.0076181817
0,944,-0.0015486544,-0.0098873254,0.008338671
0,945,0.044923053,0.037090289,0.0078327634
0,946,0.11363018,0.10403076,0.0095994211
0,947,0.03653563,0.036918535,-0.00038290456
0,948,0.12531133,0.11701631,0.0082950223
0,949,0.085353893,0.077692833,0.0076610602
0,950,0.071580514,0.065037776,0.0065427384
0,951,0.086863941,0.085157463,0.0017064781
0,952,0.066046755,0.076713343,-0.010666588
0,953,0.084137347,0.0776369,0.0065004461
0,954,0.071997043,0.067464866,0.0045321766
0,955,0.051924149,0.051556797,0.00036735185
0,956,0.048636535,0.066722255,-0.018085719
0,957,0.044235087,0.068505349,-0.024270262
0,958,0.01720784,0.01793668,-0.00072883999
0,959,0.02337961,0.029619651,-0.006240041
0,960,0.090724932,0.09371611,-0.0029911777
0,961,0.044011106,0.043375654,0.00063545178
0,962,0.12479865,0.13994665,-0.015147992
0,963,0.051455542,0.04407612,0.0073794219
0,964,0.069615887,0.072950821,-0.003334934
0,965,0.051554736,0.043627766,0.0079269697
0,966,0.096510361,0.10217958,-0.0056692167
0,967,0.035249152,0.027889531,0.0073596207
0,968,0.06050479,0.074461512,-0.013956723
0,969,0.024649235,0.019665875,0.0049833606
0,970,0.069594561,0.061127599,0.0084669617
0,971,0.049912776,0.040423159,0.0094896171
0,972,0.01411918,0.009093135,0.0050260447
0,973,0.064387951,0.061821288,0.0025666634
0,974,0.024679548,0.026647235,-0.001967687
0,975,0.086371636,0.078165369,0.0082062665
0,976,0.063124441,0.055125197,0.0079992433
0,977,0.089233103,0.081811325,0.0074217783
0,978,0.088752481,0.11884232,-0.030089841
0,979,0.033292376,0.025749904,0.007542472
0,980,0.025425828,0.036767749,-0.011341921
0,981,0.090749442,0.090034951,0.00071449078
0,982,0.13385725,0.13036446,0.0034927856
0,983,0.044438086,0.040388443,0.0040496435
0,984,0.02853744,0.033452742,-0.0049153025
0,985,-0.0047820529,0.00064753854,-0.0054295915
0,986,0.037336541,0.029175708,0.0081608325
0,987,0.067409061,0.059807337,0.0076017242
0,988,0.080997549,0.075509891,0.005487658
0,989,0.040548947,0.032713169,0.0078357787
0,990,0.047085432,0.057673662,-0.01058823
0,991,0.0008053612,-0.0065233013,0.0073286625
0,992,0.025085062,0.023862675,0.0012223875
0,993,0.063925436,0.067759155,-0.0038337195
0,994,-0.0084568434,-0.0060399911,-0.0024168523
0,995,0.097356826,0.1049951,-0.0076382732
0,996,0.090945001,0.10168962,-0.010744619
0,997,0.091442334,0.088354606,0.0030877277
0,998,0.054902237,0.04778367,0.0071185672
0,999,0.030073736,0.022136964,0.0079367718
0.05,0,0.04677519,0.038803861,0.007971329
0.05,1,0.068024825,0.061864966,0.0061598584
0.05,2,0.0053041958,0.0009243224,0.0043798734
0.05,3,0.053973431,0.047282538,0.0066908925
0.05,4,0.031698796,0.032148831,-0.00045003505
0.05,5,0.0052406094,0.0010215524,0.004219057
0.05,6,0.030141797,0.036700281,-0.0065584843
0.05,7,0.10486386,0.12227395,-0.017410091
0.05,8,0.057448548,0.05788625,-0.00043770171
0.05,9,0.028349161,0.021337689,0.0070114717
0.05,10,0.041691768,0.060963832,-0.019272063
0.05,11,0.060070354,0.05549877,0.0045715843
0.05,12,0.069624094,0.067469948,0.0021541467
0.05,13,0.092189896,0.083928099,0.0082617966
0.05,14,0.038570402,0.031273295,0.0072971073
0.05,15,0.029068036,0.024335864,0.0047321721
0.05,16,0.086732019,0.077091301,0.0096407179
0.05,17,0.077127528,0.068094422,0.0090331055
0.05,18,0.035385297,0.054323766,-0.018938469
0.05,19,0.058774784,0.070874559,-0.012099775
0.05,20,0.10691841,0.11607797,-0.0091595507
0.05,21,0.071987081,0.064442268,0.0075448127
0.05,22,0.12607537,0.11928534,0.0067900332
0.05,23,0.11311127,0.12043892,-0.0073276494
0.05,24,0.047566398,0.044847093,0.0027193045
0.05,25,-0.0095488079,0.0079669357,-0.017515744
0.05,26,0.031026408,0.026509243,0.0045171646
0.05,27,0.038344278,0.03119552,0.0071487578
0.05,28,0.11345219,0.10447986,0.0089723268
0.05,29,0.015161155,0.0081367309,0.0070244242
0.05,30,-0.015248414,0.0092778934,-0.024526307
0.05,31,0.038077835,0.031014523,0.0070633126
0.05,32,0.03512084,0.046264675,-0.011143835
0.05,33,0.040037397,0.035786198,0.0042511986
0.05,34,0.10049003,0.10554617,-0.0050561454
0.05,35,0.088558071,0.082888536,0.0056695346
0.05,36,0.079146897,0.072076204,0.0070706928
0.05,37,0.084653231,0.077519988,0.0071332428
0.05,38,0.13675241,0.15568384,-0.018931421
0.05,39,0.061239906,0.076524364,-0.015284458
0.05,40,0.076015142,0.077803366,-0.001788224
0.05,41,0.039103063,0.036041228,0.0030618351
0.05,42,0.11232802,0.10780273,0.0045252939
0.05,43,0.052537871,0.050233086,0.0023047847
0.05,44,0.10094958,0.095889,0.005060578
0.05,45,0.03411911,0.045792152,-0.011673042
0.05,46,0.050065514,0.051441817,-0.0013763036
0.05,47,0.076700617,0.068100919,0.0085996979
0.05,48,0.033196304,0.028765541,0.0044307632
0.05,49,0.033788154,0.029802299,0.0039858551
0.05,50,0.057834998,0.060198515,-0.002363517
0.05,51,0.050912468,0.044871709,0.0060407595
0.05,52,0.01434692,0.011832116,0.0025148037
0.05,53,0.12108806,0.12250334,-0.001415283
0.05,54,0.075918504,0.069764258,0.0061542468
0.05,55,0.017691637,0.013835013,0.003856624
0.05,56,0.039276288,0.050682854,-0.011406566
0.05,57,0.10744232,0.10004854,0.0073937805
0.05,58,0.097072131,0.10441476,-0.0073426253
0.05,59,0.035665046,0.048471095,-0.012806049
0.05,60,0.080828968,0.073162491,0.0076664767
0.05,61,0.059067327,0.055201997,0.0038653306
0.05,62,0.089169657,0.082173918,0.0069957388
0.05,63,0.050922882,0.047718222,0.0032046601
0.05,64,0.099355183,0.090622727,0.0087324556
0.05,65,0.014076886,0.0091558037,0.0049210828
0.05,66,0.083477149,0.08187691,0.0016002397
0.05,67,0.053786673,0.044671407,0.0091152657
0.05,68,0.061345887,0.052217292,0.0091285949
0.05,69,0.10077949,0.091992904,0.0087865883
0.05,70,0.071960358,0.073618244,-0.0016578854
0.05,71,0.052422342,0.047284132,0.0051382104
0.05,72,0.083255737,0.075150448,0.0081052885
0.05,73,0.073952293,0.072020313,0.0019319797
0.05,74,0.032088792,0.02580822,0.0062805721
0.05,75,0.028234062,0.023000795,0.0052332671
0.05,76,0.094238781,0.0879727,0.0062660814
0.05,77,0.15306734,0.15392199,-0.00085465097
0.05,78,0.10244739,0.093120931,0.0093264608
0.05,79,0.1172942,0.12991047,-0.012616261
0.05,80,0.01224422,0.0052796884,0.0069645321
0.05,81,0.096339209,0.1151916,-0.018852392
0.05,82,0.012481635,0.011682319,0.00079931652
0.05,83,0.061290653,0.057233042,0.0040576117
0.05,84,0.038342505,0.038269854,7.265018e-05
0.05,85,0.095362011,0.089374648,0.0059873634
0.05,86,0.074775821,0.076517015,-0.0017411938
0.05,87,0.11044067,0.12195526,-0.011514586
0.05,88,0.021807628,0.01844768,0.0033599475
0.05,89,0.063941237,0.064243434,-0.00030219726
0.05,90,0.048737837,0.04045415,0.0082836872
0.05,91,0.050253806,0.043292712,0.0069610945
0.05,92,0.021766604,0.02515198,-0.0033853755
0.05,93,0.061914532,0.05973074,0.0021837926
0.05,94,0.081314662,0.11402005,-0.032705392
0.05,95,0.027419231,0.03295402,-0.0055347884
0.05,96,0.047982593,0.042848968,0.0051336249
0.05,97,0.047137632,0.048800101,-0.0016624695
0.05,98,0.053649294,0.055234269,-0.0015849755
0.05,99,0.077718933,0.071672927,0.0060460053
0.05,100,0.083310156,0.079671216,0.0036389398
0.05,101,0.071166555,0.11478206,-0.043615501
0.05,102,0.034339615,0.027418997,0.0069206182
0.05,103,0.047783095,0.041155523,0.006627572
0.05,104,0.072920025,0.066124881,0.0067951435
0.05,105,0.095864619,0.088862133,0.0070024866
0.05,106,0.075153558,0.070410469,0.0047430881
0.05,107,0.0828115,0.08066645,0.0021450494
0.05,108,-0.0025516171,0.05475638,-0.057307997
0.05,109,0.15114812,0.14485246,0.0062956572
0.05,110,0.073538812,0.06695603,0.0065827821
0.05,111,0.087313897,0.084442883,0.002871014
0.05,112,0.04227774,0.040379878,0.0018978613
0.05,113,0.12103884,0.11346951,0.0075693352
0.05,114,0.10406849,0.095447705,0.008620786
0.05,115,0.11057682,0.10528258,0.0052942438
0.05,116,0.090038081,0.081798005,0.0082400756
0.05,117,0.01856942,0.03626203,-0.01769261
0.05,118,0.018778159,0.0086780135,0.010100146
0.05,119,0.041770879,0.038485587,0.0032852923
0.05,120,0.049392342,0.04196847,0.007423872
0.05,121,0.0011005382,-0.0015267908,0.002627329
0.05,122,0.063176614,0.064681035,-0.0015044209
0.05,123,0.043438791,0.052963692,-0.0095249003
0.05,124,0.059764719,0.053362999,0.0064017205
0.05,125,0.051493548,0.04435521,0.0071383387
0.05,126,0.10378306,0.10087482,0.0029082412
0.05,127,0.090708675,0.10342314,-0.012714463
0.05,128,0.10615659,0.11652825,-0.010371661
0.05,129,-0.041533861,-0.048115032,0.006581171
0.05,130,0.12671635,0.14745136,-0.020735017
0.05,131,0.062270715,0.055080254,0.0071904602
0.05,132,0.067214126,0.076667553,-0.0094534272
0.05,133,0.10017175,0.089846657,0.010325092
0.05,134,0.11561509,0.10677445,0.0088406334
0.05,135,0.073027198,0.066961586,0.0060656121
0.05,136,0.026673898,0.029660432,-0.0029865341
0.05,137,0.026649712,0.017582443,0.0090672691
0.05,138,0.12595725,0.16334819,-0.037390936
0.05,139,0.096549122,0.089915978,0.0066331441
0.05,140,0.087816988,0.089978555,-0.0021615671
0.05,141,0.054797993,0.059044814,-0.0042468213
0.05,142,0.048110158,0.072281374,-0.024171216
0.05,143,0.052634574,0.076858241,-0.024223668
0.05,144,0.053473386,0.04414946,0.0093239266
0.05,145,0.12316004,0.11605099,0.0071090529
0.05,146,0.0713272,0.073185525,-0.0018583244
0.05,147,0.059565806,0.052981619,0.0065841873
0.05,148,0.090262257,0.088912707,0.001349551
0.05,149,0.072679342,0.065945259,0.0067340829
0.05,150,0.096585792,0.08798627,0.0085995217
0.05,151,0.082353875,0.073962902,0.0083909733
0.05,152,0.056047223,0.058613,-0.0025657776
0.05,153,-0.037928581,-0.044658962,0.006730381
0.05,154,0.051958412,0.0631863,-0.011227889
0.05,155,0.062615951,0.053798419,0.0088175312
0.05,156,0.047316706,0.047244401,7.2304605e-05
0.05,157,0.11570453,0.11020343,0.0055011012
0.05,158,0.055632404,0.054704177,0.00092822736
0.05,159,0.043675859,0.049841842,-0.0061659826
0.05,160,0.031790693,0.033144909,-0.0013542163
0.05,161,0.1093016,0.10237813,0.0069234758
0.05,162,-0.025594845,-0.027237342,0.0016424968
0.05,163,-0.0031707624,0.0089089976,-0.01207976
0.05,164,0.030607662,0.030855729,-0.00024806693
0.05,165,0.061631723,0.059682777,0.0019489462
0.05,166,0.081582133,0.073054528,0.0085276053
0.05,167,0.054251785,0.046957758,0.0072940268
0.05,168,0.12572675,0.12177194,0.0039548113
0.05,169,0.0048742175,4.9835483e-05,0.004824382
0.05,170,0.061609268,0.054087719,0.0075215492
0.05,171,0.11305831,0.13734927,-0.024290963
0.05,172,0.076682808,0.068610601,0.0080722071
0.05,173,0.085826253,0.091801302,-0.0059750499
0.05,174,0.093246528,0.087441038,0.0058054903
0.05,175,0.052989799,0.043894602,0.0090951971
0.05,176,0.13377074,0.1253407,0.0084300411
0.05,177,0.086938252,0.086664569,0.00027368297
0.05,178,0.085109541,0.08113988,0.0039696609
0.05,179,0.056996598,0.048551337,0.0084452616
0.05,180,0.049537482,0.041520055,0.0080174273
0.05,181,0.048692171,0.044552997,0.0041391741
0.05,182,0.13956541,0.12894001,0.010625398
0.05,183,0.048621341,0.049061551,-0.00044021061
0.05,184,0.074289735,0.066676683,0.0076130522
0.05,185,0.058215536,0.058678309,-0.00046277276
0.05,186,0.088911799,0.12347651,-0.034564713
0.05,187,0.11008524,0.10129923,0.0087860056
0.05,188,0.13798202,0.12987601,0.0081060138
0.05,189,0.01545246,0.023916974,-0.0084645147
0.05,190,0.11361267,0.1043423,0.0092703706
0.05,191,0.062620963,0.073236841,-0.010615878
0.05,192,0.031131436,0.025035211,0.0060962252
0.05,193,0.13888922,0.13366285,0.0052263698
0.05,194,0.054018467,0.045381301,0.0086371661
0.05,195,0.093923977,0.086344158,0.0075798195
0.05,196,0.065795492,0.057444914,0.008350578
0.05,197,0.05649024,0.047848453,0.0086417867
0.05,198,0.061339851,0.058782865,0.0025569856
0.05,199,0.12458451,0.13891014,-0.014325627
0.05,200,-0.029460524,-0.030250589,0.00079006552
0.05,201,0.052554763,0.065185123,-0.012630361
0.05,202,0.067893634,0.10777703,-0.039883393
0.05,203,0.036588152,0.028604035,0.0079841173
0.05,204,0.075171551,0.066437528,0.008734023
0.05,205,0.07607001,0.072097106,0.0039729038
0.05,206,0.05063352,0.04740859,0.0032249298
0.05,207,0.056492,0.048555949,0.0079360515
0.05,208,0.056097245,0.06526324,-0.0091659951
0.05,209,0.07138995,0.066186253,0.0052036964
0.05,210,0.059901642,0.056806039,0.0030956031
0.05,211,0.08809778,0.080191089,0.0079066909
0.05,212,0.014163366,0.0079287773,0.0062345888
0.05,213,0.054434558,0.055557551,-0.0011229932
0.05,214,0.03383939,0.050815522,-0.016976132
0.05,215,-0.011088248,-0.011455705,0.00036745613
0.05,216,0.1132394,0.12351948,-0.010280075
0.05,217,-0.0047808679,-0.0058678539,0.001086986
0.05,218,0.090003492,0.082757875,0.0072456176
0.05,219,0.050933579,0.044109977,0.0068236022
0.05,220,0.079230538,0.080268084,-0.0010375465
0.05,221,0.068630712,0.06035563,0.008275082
0.05,222,0.06341297,0.059026007,0.0043869634
0.05,223,0.045231683,0.053432716,-0.0082010332
0.05,224,0.11488616,0.10777458,0.0071115718
0.05,225,0.084314456,0.076375167,0.0079392899
0.05,226,0.061728422,0.054452398,0.0072760245
0.05,227,0.10101797,0.10414793,-0.0031299596
0.05,228,0.028896195,0.022670267,0.0062259281
0.05,229,0.075732805,0.069517085,0.0062157199
0.05,230,0.11229897,0.11052612,0.0017728527
0.05,231,0.040757064,0.038846796,0.0019102674
0.05,232,0.01115596,0.0030748058,0.0080811541
0.05,233,-0.017115116,-0.018323227,0.0012081107
0.05,234,0.030595688,0.026904514,0.0036911738
0.05,235,0.094417678,0.086200231,0.0082174464
0.05,236,0.096311993,0.096659413,-0.00034741908
0.05,237,0.04577927,0.040123376,0.0056558944
0.05,238,0.090606536,0.088851725,0.0017548113
0.05,239,0.047093973,0.046473794,0.00062017946
0.05,240,0.080432814,0.073071102,0.0073617124
0.05,241,0.070562514,0.063903083,0.0066594315
0.05,242,0.015341571,0.0086891685,0.0066524029
0.05,243,0.01733051,0.026105033,-0.0087745231
0.05,244,0.053693016,0.076974909,-0.023281893
0.05,245,0.023139251,0.019748352,0.0033908985
0.05,246,-0.0078881597,-0.015825335,0.0079371756
0.05,247,0.016240166,0.0088073817,0.0074327845
0.05,248,0.078562455,0.090094468,-0.011532013
0.05,249,0.043148251,0.044318105,-0.0011698538
0.05,250,0.090760221,0.086915661,0.0038445591
0.05,251,0.071648935,0.06588027,0.0057686655
0.05,252,0.090526347,0.09247708,-0.0019507329
0.05,253,0.055696405,0.057887151,-0.0021907458
0.05,254,0.11006331,0.1061626,0.0039007131
0.05,255,0.04425811,0.053444764,-0.0091866533
0.05,256,0.019721303,0.011376615,0.0083446879
0.05,257,0.01127142,0.012699715,-0.0014282946
0.05,258,0.028013525,0.020208681,0.0078048434
0.05,259,-0.017248147,-0.019746553,0.0024984055
0.05,260,0.047525921,0.041121938,0.0064039826
0.05,261,0.041453654,0.037167469,0.0042861846
0.05,262,0.044907234,0.036651976,0.0082552581
0.05,263,0.074878202,0.073422054,0.0014561474
0.05,264,0.08465738,0.082665463,0.0019919169
0.05,265,0.032556066,0.065664633,-0.033108567
0.05,266,0.047121539,0.039428755,0.0076927845
0.05,267,0.015978591,0.016677663,-0.00069907223
0.05,268,0.036517752,0.041544229,-0.0050264768
0.05,269,0.012214747,0.005421754,0.006792993
0.05,270,0.031069548,0.024598719,0.006470829
0.05,271,0.077395683,0.071423279,0.0059724042
0.05,272,0.038064255,0.031185985,0.0068782698
0.05,273,0.053566398,0.063355292,-0.009788894
0.05,274,0.058260631,0.05145965,0.0068009813
0.05,275,0.043817554,0.035475246,0.008342308
0.05,276,0.082183192,0.084765577,-0.0025823855
0.05,277,0.081965291,0.073687368,0.0082779225
0.05,278,0.073096745,0.064110886,0.0089858592
0.05,279,0.035925567,0.065651609,-0.029726042
0.05,280,0.048342941,0.067743604,-0.019400663
0.05,281,0.02256461,0.019266604,0.0032980066
0.05,282,0.065338115,0.082881475,-0.017543361
0.05,283,0.04355346,0.03725578,0.0062976797
0.05,284,0.053841005,0.048909951,0.0049310544
0.05,285,0.097542565,0.095425118,0.0021174474
0.05,286,0.049553365,0.045116045,0.0044373194
0.05,287,0.054918238,0.063363923,-0.008445685
0.05,288,0.046789247,0.040082325,0.0067069219
0.05,289,0.10747434,0.10549728,0.001977058
0.05,290,0.050345972,0.045066329,0.0052796432
0.05,291,0.068738309,0.066326391,0.0024119184
0.05,292,0.064391836,0.072489895,-0.0080980598
0.05,293,0.07189057,0.089450032,-0.017559462
0.05,294,0.04373457,0.06048886,-0.01675429
0.05,295,0.09014037,0.081847811,0.0082925586
0.05,296,0.040755382,0.043042077,-0.0022866952
0.05,297,0.042545822,0.037199301,0.0053465212
0.05,298,0.12684419,0.12496384,0.0018803447
0.05,299,0.10153208,0.10808442,-0.006552341
0.05,300,0.065472834,0.085327841,-0.019855007
0.05,301,0.037324083,0.028296035,0.0090280475
0.05,302,0.025015979,0.019300549,0.0057154294
0.05,303,0.088136814,0.11346752,-0.025330705
0.05,304,0.039301705,0.039208242,9.3463323e-05
0.05,305,0.052502149,0.048407182,0.004094967
0.05,306,0.037959453,0.02865683,0.0093026236
0.05,307,0.070088288,0.063212295,0.006875993
0.05,308,0.06727416,0.058019303,0.0092548573
0.05,309,0.056888681,0.073830908,-0.016942226
0.05,310,0.13024951,0.13340401,-0.0031544995
0.05,311,0.075191299,0.073772384,0.0014189144
0.05,312,-0.0062057369,-0.013733408,0.0075276707
0.05,313,0.042843952,0.04825955,-0.0054155984
0.05,314,0.049073183,0.05338379,-0.0043106065
0.05,315,0.085566497,0.087274002,-0.0017075049
0.05,316,0.090357885,0.081397923,0.0089599619
0.05,317,0.14297302,0.14103412,0.0019389027
0.05,318,0.07018738,0.08206299,-0.011875609
0.05,319,0.09681079,0.08891643,0.0078943602
0.05,320,0.044019964,0.034745318,0.0092746463
0.05,321,0.12287119,0.1131008,0.0097703933
0.05,322,0.055332075,0.059752461,-0.0044203862
0.05,323,0.080756028,0.072619763,0.0081362647
0.05,324,0.045487237,0.060335191,-0.014847955
0.05,325,-0.020810238,-0.017482253,-0.003327985
0.05,326,0.022591223,0.050873405,-0.028282181
0.05,327,0.088938584,0.082696125,0.0062424585
0.05,328,0.044804299,0.035578783,0.0092255158
0.05,329,0.071436778,0.068642747,0.0027940318
0.05,330,0.031203881,0.038759803,-0.0075559216
0.05,331,0.13422288,0.12586993,0.008352952
0.05,332,0.071160116,0.12880526,-0.05764514
0.05,333,0.057566442,0.056811748,0.00075469348
0.05,334,0.024195423,0.017450292,0.0067451313
0.05,335,0.084797098,0.084201583,0.00059551458
0.05,336,0.063708407,0.074181956,-0.01047355
0.05,337,0.1024624,0.096593253,0.0058691466
0.05,338,0.070597653,0.063086709,0.007510944
0.05,339,0.047669881,0.040921036,0.006748845
0.05,340,0.10772132,0.10317807,0.0045432476
0.05,341,0.034984721,0.026305454,0.0086792666
0.05,342,0.083699481,0.084826342,-0.0011268612
0.05,343,0.065197497,0.079710882,-0.014513385
0.05,344,0.062232752,0.061018058,0.0012146945
0.05,345,0.1020084,0.099786165,0.0022222375
0.05,346,0.078050009,0.070939381,0.007110628
0.05,347,0.085664058,0.078919863,0.006744195
0.05,348,0.11840997,0.11444088,0.0039690838
0.05,349,0.030455305,0.025486246,0.004969059
0.05,350,0.088021553,0.083843025,0.0041785275
0.05,351,0.049429906,0.055356548,-0.0059266423
0.05,352,0.032547812,0.024987093,0.0075607192
0.05,353,0.024260843,0.017076146,0.0071846973
0.05,354,-0.014340892,-0.020019507,0.0056786149
0.05,355,0.053163643,0.044792985,0.0083706575
0.05,356,0.047487262,0.041525332,0.0059619305
0.05,357,0.063139548,0.064097751,-0.00095820305
0.05,358,0.080067751,0.071303612,0.0087641395
0.05,359,0.082213518,0.086944157,-0.0047306382
0.05,360,0.10761192,0.15701197,-0.049400049
0.05,361,0.12084838,0.11410588,0.0067424982
0.05,362,0.11294342,0.11279092,0.00015249733
0.05,363,0.03500392,0.026216289,0.0087876314
0.05,364,0.073788885,0.085956374,-0.012167489
0.05,365,0.081378844,0.075115765,0.0062630798
0.05,366,0.079261358,0.070954292,0.0083070656
0.05,367,0.097012008,0.092445561,0.004566447
0.05,368,-0.014047437,-0.021149031,0.0071015944
0.05,369,0.04805737,0.039783957,0.0082734131
0.05,370,0.082803086,0.09907153,-0.016268444
0.05,371,0.043390787,0.037573325,0.0058174623
0.05,372,0.06505061,0.076769901,-0.011719291
0.05,373,0.07672326,0.067289679,0.0094335816
0.05,374,0.068816709,0.060921358,0.0078953514
0.05,375,0.00095531537,-0.0041149306,0.0050702459
0.05,376,0.044765147,0.036146132,0.0086190147
0.05,377,0.12169442,0.11413144,0.0075629751
0.05,378,0.076877375,0.091982887,-0.015105512
0.05,379,0.094258274,0.12527384,-0.031015563
0.05,380,0.028766345,0.022361125,0.0064052203
0.05,381,0.053896799,0.04631382,0.0075829787
0.05,382,0.033940112,0.040548179,-0.0066080663
0.05,383,0.059158655,0.052494251,0.0066644042
0.05,384,0.10369091,0.11269915,-0.0090082402
0.05,385,0.11758209,0.10917018,0.0084119041
0.05,386,0.029481771,0.021577009,0.0079047621
0.05,387,0.061966853,0.066845801,-0.0048789478
0.05,388,0.053250446,0.053467896,-0.00021745067
0.05,389,0.045691123,0.037610051,0.0080810722
0.05,390,0.11941114,0.11310117,0.0063099639
0.05,391,0.076333953,0.081085217,-0.0047512638
0.05,392,0.10515447,0.095344951,0.0098095187
0.05,393,0.068777081,0.062910341,0.0058667399
0.05,394,-0.037979047,-0.018063468,-0.019915579
0.05,395,0.080433114,0.072147647,0.0082854666
0.05,396,0.0092090837,0.01225638,-0.0030472962
0.05,397,0.10437486,0.096085157,0.0082896991
0.05,398,0.048725109,0.042215318,0.006509791
0.05,399,0.026329403,0.023479014,0.0028503899
0.05,400,0.014618752,0.046125843,-0.031507091
0.05,401,0.0089100264,0.0031847696,0.0057252568
0.05,402,0.037133293,0.033115087,0.0040182057
0.05,403,0.14668789,0.16676266,-0.02007477
0.05,404,0.078309045,0.070831122,0.007477923
0.05,405,0.11025348,0.10618498,0.0040685021
0.05,406,0.036425883,0.028278337,0.0081475463
0.05,407,0.066862342,0.058899901,0.0079624411
0.05,408,0.051298519,0.065848808,-0.014550289
0.05,409,0.072973229,0.10652117,-0.033547944
0.05,410,0.050831378,0.042874992,0.0079563859
0.05,411,0.067000105,0.061141826,0.0058582795
0.05,412,-0.050885297,-0.059035823,0.0081505252
0.05,413,0.031061923,0.026296481,0.0047654419
0.05,414,0.080688976,0.080160417,0.00052855824
0.05,415,0.10290027,0.098325032,0.0045752336
0.05,416,0.054326456,0.071648419,-0.017321964
0.05,417,0.049677332,0.044055005,0.0056223271
0.05,418,0.088118138,0.087338741,0.00077939758
0.05,419,0.038800097,0.040606343,-0.0018062465
0.05,420,0.050637694,0.045455687,0.0051820064
0.05,421,0.065667545,0.062790279,0.0028772665
0.05,422,0.050166875,0.04398383,0.0061830449
0.05,423,0.008154446,0.0086468096,-0.00049236361
0.05,424,0.044553954,0.048073217,-0.0035192631
0.05,425,0.057682483,0.066814681,-0.0091321986
0.05,426,0.032161719,0.02707097,0.0050907492
0.05,427,0.057951931,0.054811803,0.0031401279
0.05,428,0.043035876,0.042677928,0.0003579482
0.05,429,0.068677834,0.066343836,0.0023339978
0.05,430,0.10100255,0.096528511,0.0044740435
0.05,431,0.057762055,0.054965739,0.0027963168
0.05,432,0.046460827,0.03869795,0.0077628776
0.05,433,0.046696585,0.042062821,0.0046337639
0.05,434,0.059019345,0.074668502,-0.015649157
0.05,435,0.08244896,0.075651034,0.0067979256
0.05,436,0.0069376648,0.0030897665,0.0038478983
0.05,437,0.020861233,0.021463917,-0.00060268364
0.05,438,0.098641685,0.090607078,0.0080346073
0.05,439,0.096210922,0.088233161,0.0079777605
0.05,440,0.076607666,0.069466197,0.0071414689
0.05,441,0.078681764,0.076979274,0.0017024907
0.05,442,0.1453248,0.14785344,-0.0025286368
0.05,443,0.086116285,0.11672785,-0.030611568
0.05,444,0.022505991,0.015276132,0.0072298593
0.05,445,0.14544158,0.1377259,0.0077156772
0.05,446,0.060335314,0.05197008,0.0083652343
0.05,447,0.058175272,0.05521496,0.0029603121
0.05,448,0.12253106,0.12205504,0.00047602087
0.05,449,0.043428892,0.064504155,-0.021075263
0.05,450,0.050923034,0.044297624,0.0066254103
0.05,451,0.087603015,0.081694603,0.0059084119
0.05,452,0.10178764,0.094319887,0.0074677577
0.05,453,0.035092054,0.029590551,0.005501502
0.05,454,0.068569803,0.062042531,0.0065272719
0.05,455,0.10140757,0.092966491,0.0084410831
0.05,456,0.13023954,0.15009363,-0.019854098
0.05,457,0.054346012,0.07159038,-0.017244369
0.05,458,0.090567436,0.082774549,0.0077928872
0.05,459,0.095078127,0.089606551,0.0054715762
0.05,460,0.050365204,0.045205149,0.0051600556
0.05,461,0.022478613,0.013186019,0.0092925939
0.05,462,0.075981753,0.068541182,0.0074405703
0.05,463,0.019383639,0.010001101,0.009382538
0.05,464,0.013413861,0.0090213486,0.0043925123
0.05,465,0.051948204,0.060543751,-0.0085955471
0.05,466,0.099126132,0.089033919,0.010092213
0.05,467,0.023610878,0.019663999,0.0039468789
0.05,468,0.072692046,0.066710917,0.0059811284
0.05,469,0.077375752,0.069929657,0.0074460956
0.05,470,0.057371727,0.048071143,0.0093005846
0.05,471,0.048486609,0.039328009,0.0091585992
0.05,472,0.060763932,0.052198753,0.0085651787
0.05,473,0.071679713,0.078572421,-0.0068927083
0.05,474,0.057120964,0.06170564,-0.0045846759
0.05,475,0.076241444,0.070304538,0.0059369055
0.05,476,0.085695335,0.097184014,-0.011488679
0.05,477,0.057609056,0.051058925,0.0065501318
0.05,478,0.072743663,0.067924309,0.0048193539
0.05,479,0.0049377949,0.0062446701,-0.0013068752
0.05,480,0.091792246,0.088141299,0.0036509465
0.05,481,0.10285739,0.095144981,0.0077124068
0.05,482,0.080725392,0.086599963,-0.0058745712
0.05,483,0.033459738,0.038482813,-0.005023075
0.05,484,0.016214461,0.049852849,-0.033638389
0.05,485,0.068938494,0.074421408,-0.0054829141
0.05,486,0.054703872,0.057178352,-0.0024744792
0.05,487,0.050594074,0.042201905,0.0083921694
0.05,488,0.067341113,0.059027186,0.0083139262
0.05,489,0.00038575844,-0.0074254577,0.0078112162
0.05,490,0.064643852,0.060451876,0.004191976
0.05,491,0.083534025,0.076642517,0.0068915085
0.05,492,0.092118347,0.09060927,0.0015090768
0.05,493,0.02006654,0.012618065,0.0074484741
0.05,494,0.021365459,0.014927838,0.0064376218
0.05,495,0.076334958,0.078679925,-0.002344967
0.05,496,0.039677946,0.034376466,0.0053014795
0.05,497,0.086797547,0.092111766,-0.0053142189
0.05,498,0.10494477,0.10284665,0.0020981227
0.05,499,0.054387326,0.052613778,0.0017735479
0.05,500,0.0056793294,-0.0021160151,0.0077953445
0.05,501,0.0048399884,0.0045637312,0.00027625724
0.05,502,0.019019102,0.06262994,-0.043610838
0.05,503,-0.027988335,-0.024667168,-0.0033211676
0.05,504,0.0098000975,0.002515349,0.0072847484
0.05,505,0.020812198,0.038843309,-0.01803111
0.05,506,0.065539656,0.059921312,0.0056183442
0.05,507,0.035090225,0.034395925,0.0006942991
0.05,508,0.084853876,0.082967505,0.0018863709
0.05,509,0.035211495,0.027494806,0.0077166894
0.05,510,-0.024366351,-0.027792628,0.0034262771
0.05,511,-0.0011104699,0.006044111,-0.0071545809
0.05,512,0.10627832,0.10119322,0.0050850981
0.05,513,0.10810238,0.11264978,-0.0045474007
0.05,514,0.11254339,0.10565024,0.0068931425
0.05,515,0.072416221,0.068484755,0.0039314663
0.05,516,0.047837175,0.053987425,-0.0061502509
0.05,517,0.021193217,0.022605747,-0.0014125292
0.05,518,0.084868152,0.077724544,0.0071436076
0.05,519,0.02565317,0.018046131,0.0076070398
0.05,520,0.062541059,0.088590551,-0.026049493
0.05,521,0.10091971,0.094635409,0.0062843016
0.05,522,0.10089234,0.092910692,0.0079816465
0.05,523,0.030622112,0.026795421,0.0038266913
0.05,524,0.019884684,0.011754305,0.0081303789
0.05,525,0.033987053,0.034229648,-0.00024259544
0.05,526,0.032109867,0.02451694,0.0075929263
0.05,527,0.058926936,0.050979953,0.0079469833
0.05,528,0.056967701,0.056968362,-6.6007535e-07
0.05,529,0.049731169,0.045301318,0.0044298507
0.05,530,0.074770099,0.067002906,0.0077671929
0.05,531,0.054147137,0.05206884,0.0020782966
0.05,532,0.0094528826,0.013238951,-0.0037860687
0.05,533,0.084873624,0.077238349,0.0076352749
0.05,534,0.0097607708,0.00724602,0.0025147508
0.05,535,-0.0013060995,-0.0064519992,0.0051458997
0.05,536,0.036246629,0.026838209,0.0094084201
0.05,537,0.01974839,0.012488378,0.0072600124
0.05,538,0.073073699,0.078493759,-0.0054200596
0.05,539,0.047147078,0.041356679,0.0057903995
0.05,540,0.10278987,0.10275413,3.5744824e-05
0.05,541,0.091292491,0.11372083,-0.022428334
0.05,542,0.12176277,0.13356675,-0.011803978
0.05,543,0.059692722,0.054760496,0.0049322263
0.05,544,0.029573949,0.022021258,0.0075526906
0.05,545,0.033988466,0.026585993,0.0074024723
0.05,546,0.036545429,0.029088735,0.007456694
0.05,547,0.0012018595,-0.006748908,0.0079507675
0.05,548,0.047760685,0.03982398,0.0079367052
0.05,549,0.106942,0.11420579,-0.0072637847
0.05,550,-0.0051209057,-0.012230686,0.0071097802
0.05,551,0.095505566,0.088625338,0.0068802283
0.05,552,0.019484599,0.013651215,0.0058333838
0.05,553,0.048000956,0.043520647,0.0044803085
0.05,554,0.098953603,0.091541027,0.0074125759
0.05,555,0.044214024,0.037473033,0.0067409915
0.05,556,0.10525967,0.10783438,-0.0025747097
0.05,557,0.04080469,0.049216526,-0.0084118358
0.05,558,0.027986653,0.02093915,0.007047503
0.05,559,0.080006901,0.10727192,-0.027265023
0.05,560,0.086745424,0.079880148,0.0068652765
0.05,561,0.11308215,0.11011308,0.0029690764
0.05,562,0.066763385,0.058144733,0.0086186519
0.05,563,-0.016769128,-0.02191238,0.0051432516
0.05,564,0.088231192,0.079655749,0.0085754432
0.05,565,0.066416315,0.06111887,0.005297445
0.05,566,0.020996136,0.031341711,-0.010345575
0.05,567,0.053334746,0.051961238,0.0013735085
0.05,568,0.040064954,0.033585659,0.0064792946
0.05,569,0.029084539,0.020677418,0.008407121
0.05,570,0.075182044,0.07746721,-0.002285166
0.05,571,0.018359311,0.011854409,0.0065049021
0.05,572,0.025807881,0.021042678,0.0047652024
0.05,573,0.01430687,0.0093560208,0.0049508488
0.05,574,0.030840666,0.03097384,-0.00013317406
0.05,575,0.0525996,0.04582576,0.0067738406
0.05,576,0.1108614,0.11007876,0.00078264121
0.05,577,0.081411385,0.073753291,0.007658094
0.05,578,0.032772216,0.026008953,0.0067632624
0.05,579,0.04626745,0.047199036,-0.00093158615
0.05,580,0.090829544,0.084690942,0.0061386016
0.05,581,0.049822421,0.047240271,0.0025821498
0.05,582,0.10462358,0.098390967,0.0062326148
0.05,583,0.029039769,0.021466295,0.0075734736
0.05,584,0.060063479,0.052268393,0.0077950853
0.05,585,0.042791129,0.060199217,-0.017408088
0.05,586,-0.026431296,-0.0047226685,-0.021708628
0.05,587,0.007480447,0.0016204149,0.0058600321
0.05,588,0.056596759,0.060095103,-0.0034983446
0.05,589,0.053244915,0.050828135,0.0024167799
0.05,590,0.088787238,0.092636846,-0.0038496082
0.05,591,0.11485041,0.11408841,0.00076199612
0.05,592,0.040368489,0.03256099,0.0078074992
0.05,593,-0.039442437,-0.045727031,0.0062845934
0.05,594,0.063291759,0.065643477,-0.0023517176
0.05,595,0.092995926,0.086863663,0.0061322632
0.05,596,0.055012505,0.050861446,0.0041510592
0.05,597,0.050080762,0.044134173,0.0059465892
0.05,598,0.093860607,0.085693582,0.0081670244
0.05,599,0.048425324,0.046933869,0.0014914551
0.05,600,0.091700989,0.10110396,-0.009402973
0.05,601,0.044503561,0.037539452,0.0069641086
0.05,602,0.09637514,0.090188588,0.0061865524
0.05,603,0.040086431,0.03356411,0.0065223204
0.05,604,0.050201571,0.096499898,-0.046298327
0.05,605,0.050970336,0.066640661,-0.015670325
0.05,606,0.0079057844,0.024389369,-0.016483585
0.05,607,0.068175361,0.062454704,0.0057206576
0.05,608,0.049196359,0.043184119,0.00601224
0.05,609,0.039827029,0.032106941,0.0077200874
0.05,610,0.011931001,0.023336072,-0.011405071
0.05,611,0.028447244,0.024543216,0.0039040286
0.05,612,0.048539745,0.053270776,-0.0047310303
0.05,613,0.081054062,0.077074116,0.0039799464
0.05,614,0.066601276,0.071776174,-0.0051748989
0.05,615,0.10489628,0.095854956,0.0090413219
0.05,616,0.092614766,0.087425562,0.0051892043
0.05,617,0.035396463,0.026946088,0.0084503751
0.05,618,0.047476535,0.040696669,0.0067798668
0.05,619,0.026496815,0.026650166,-0.00015335023
0.05,620,0.11115245,0.12857717,-0.017424717
0.05,621,0.056329889,0.054187461,0.0021424284
0.05,622,0.057919035,0.055041665,0.0028773699
0.05,623,0.010794668,0.014523112,-0.0037284441
0.05,624,0.045567738,0.041291701,0.0042760364
0.05,625,0.0033872281,0.0022803789,0.0011068492
0.05,626,0.066251577,0.059973459,0.0062781183
0.05,627,0.071715301,0.068994474,0.0027208276
0.05,628,0.050911208,0.043632755,0.0072784535
0.05,629,0.10680859,0.098935168,0.0078734207
0.05,630,-0.0086818447,-0.013434483,0.0047526381
0.05,631,0.0087382009,0.0012994861,0.0074387148
0.05,632,0.012629487,0.023696558,-0.01106707
0.05,633,6.4799462e-05,-0.0048912684,0.0049560678
0.05,634,0.10333446,0.09468844,0.0086460241
0.05,635,0.10410091,0.097506475,0.0065944395
0.05,636,0.052748928,0.050865929,0.0018829984
0.05,637,0.014151035,0.01434592,-0.00019488502
0.05,638,0.092832944,0.087919386,0.0049135584
0.05,639,0.070870903,0.061978407,0.0088924956
0.05,640,0.051052844,0.04081531,0.010237534
0.05,641,0.047679915,0.040892627,0.0067872875
0.05,642,0.090281123,0.083267129,0.0070139941
0.05,643,0.039993487,0.04607979,-0.0060863024
0.05,644,0.019804359,0.01240919,0.0073951688
0.05,645,0.019676986,0.019111914,0.00056507252
0.05,646,0.10399421,0.099239644,0.0047545631
0.05,647,0.0282049,0.023317571,0.0048873293
0.05,648,0.050707994,0.048700364,0.0020076294
0.05,649,0.11378581,0.10360254,0.010183272
0.05,650,0.048742609,0.051947534,-0.003204925
0.05,651,0.11932311,0.12010763,-0.00078452283
0.05,652,0.079638262,0.075467357,0.0041709052
0.05,653,0.029312323,0.036159395,-0.006847072
0.05,654,0.14449748,0.14369593,0.00080154259
0.05,655,0.051993985,0.042766843,0.0092271416
0.05,656,0.14705735,0.13902502,0.0080323282
0.05,657,0.037291154,0.04654022,-0.0092490653
0.05,658,0.030040925,0.021759369,0.0082815563
0.05,659,0.090189,0.084793015,0.0053959844
0.05,660,0.054975014,0.050278815,0.004696199
0.05,661,0.070798349,0.072341884,-0.0015435356
0.05,662,0.048581846,0.048233682,0.00034816379
0.05,663,0.037743785,0.029854881,0.0078889046
0.05,664,0.067221574,0.063599711,0.0036218622
0.05,665,0.10202447,0.10461407,-0.0025896029
0.05,666,0.076946451,0.071439934,0.0055065167
0.05,667,0.03757434,0.048086222,-0.010511881
0.05,668,0.078999643,0.097422134,-0.018422492
0.05,669,0.03923747,0.033580091,0.005657378
0.05,670,0.04375711,0.037954569,0.0058025413
0.05,671,0.086520435,0.081949699,0.0045707366
0.05,672,0.1216715,0.12480244,-0.0031309443
0.05,673,0.017497773,0.011633084,0.0058646886
0.05,674,0.064693261,0.057164489,0.0075287716
0.05,675,0.056589136,0.062851318,-0.0062621827
0.05,676,0.092723239,0.084004911,0.0087183283
0.05,677,0.02089043,0.027194605,-0.0063041746
0.05,678,0.10504646,0.1042583,0.00078816822
0.05,679,0.12043277,0.11972312,0.00070964565
0.05,680,0.12848814,0.12910598,-0.00061784336
0.05,681,0.06493743,0.070729035,-0.0057916044
0.05,682,0.049910998,0.041466449,0.0084445495
0.05,683,0.057557089,0.095786784,-0.038229695
0.05,684,0.12324519,0.14518533,-0.021940134
0.05,685,0.072403199,0.067869171,0.0045340281
0.05,686,0.11731403,0.13323301,-0.015918979
0.05,687,0.094060042,0.090409503,0.0036505387
0.05,688,0.081816422,0.073772643,0.0080437794
0.05,689,0.0087433504,0.016066798,-0.0073234474
0.05,690,0.089121263,0.08028584,0.0088354236
0.05,691,0.013021376,0.017953532,-0.0049321562
0.05,692,0.043315744,0.03472568,0.0085900645
0.05,693,0.022147451,0.015943161,0.0062042894
0.05,694,0.034580469,0.028731854,0.0058486151
0.05,695,0.11444046,0.10675072,0.0076897441
0.05,696,0.088900567,0.080533312,0.0083672556
0.05,697,0.12641887,0.12107947,0.0053393929
0.05,698,0.0069373577,1.6167274e-05,0.0069211905
0.05,699,0.099021799,0.098764747,0.0002570523
0.05,700,0.10540911,0.098209624,0.0071994886
0.05,701,0.1452119,0.15135052,-0.0061386127
0.05,702,0.074751526,0.065280807,0.009470719
0.05,703,-0.0036127154,-0.010677785,0.0070650699
0.05,704,0.15038554,0.17626411,-0.02587857
0.05,705,0.067111568,0.058676454,0.0084351136
0.05,706,0.080404987,0.073724444,0.0066805431
0.05,707,0.050300061,0.043888867,0.0064111935
0.05,708,-0.0065631434,-0.012666411,0.006103268
0.05,709,0.056222392,0.049262562,0.0069598298
0.05,710,0.050819246,0.042926243,0.0078930032
0.05,711,0.13942289,0.13100129,0.0084216058
0.05,712,0.13485533,0.12815933,0.0066959949
0.05,713,0.020775522,0.023997978,-0.0032224563
0.05,714,0.056910415,0.050257685,0.0066527302
0.05,715,0.022554789,0.017548392,0.0050063973
0.05,716,0.08607033,0.078415712,0.0076546178
0.05,717,0.07869087,0.072668292,0.0060225784
0.05,718,0.054698599,0.05517764,-0.00047904124
0.05,719,0.11234929,0.10787321,0.0044760839
0.05,720,0.068464176,0.060665892,0.0077982849
0.05,721,0.054568724,0.056708752,-0.0021400282
0.05,722,0.043536974,0.045035383,-0.0014984091
0.05,723,0.056578895,0.063607387,-0.0070284913
0.05,724,0.033178536,0.029710016,0.0034685196
0.05,725,0.056452149,0.063884003,-0.0074318543
0.05,726,-0.015807397,-0.02334036,0.0075329634
0.05,727,0.016079842,0.0081415852,0.0079382564
0.05,728,0.14763158,0.14314931,0.0044822711
0.05,729,0.12165633,0.1407807,-0.019124371
0.05,730,0.10164432,0.093848094,0.0077962309
0.05,731,0.072316494,0.065483248,0.0068332463
0.05,732,0.073695296,0.077085285,-0.0033899889
0.05,733,0.043922516,0.053729311,-0.0098067945
0.05,734,0.066220553,0.061586963,0.0046335901
0.05,735,0.10660254,0.098953994,0.0076485508
0.05,736,0.042832638,0.046004745,-0.0031721066
0.05,737,0.054673577,0.0573324,-0.0026588227
0.05,738,0.070037691,0.078223467,-0.0081857754
0.05,739,0.0059650236,0.0050107136,0.00095431003
0.05,740,0.077296776,0.10169548,-0.024398701
0.05,741,0.048972178,0.050668333,-0.0016961547
0.05,742,0.057106822,0.049475487,0.007631335
0.05,743,0.12266245,0.11840992,0.0042525281
0.05,744,0.07882319,0.079063761,-0.00024057106
0.05,745,0.031615709,0.026538798,0.0050769115
0.05,746,0.012147578,0.0075242577,0.0046233201
0.05,747,0.075480948,0.082813053,-0.007332105
0.05,748,0.06062655,0.054052515,0.0065740348
0.05,749,0.036983515,0.03208125,0.004902265
0.05,750,0.094410938,0.086093086,0.008317852
0.05,751,0.071270223,0.067455358,0.0038148651
0.05,752,0.018255672,0.015961228,0.0022944437
0.05,753,0.061071503,0.053162215,0.0079092882
0.05,754,0.069323546,0.061074561,0.0082489847
0.05,755,0.064595427,0.056262194,0.0083332324
0.05,756,0.10689723,0.13088259,-0.023985355
0.05,757,0.046372461,0.049082716,-0.002710255
0.05,758,0.053258546,0.048985843,0.0042727031
0.05,759,0.035553935,0.036102861,-0.00054892581
0.05,760,0.082310602,0.073929087,0.0083815155
0.05,761,0.060340621,0.060969477,-0.00062885602
0.05,762,0.017794556,0.0093483857,0.00844617
0.05,763,0.027279591,0.025168278,0.0021113127
0.05,764,0.081007247,0.074949035,0.0060582123
0.05,765,0.10647464,0.098921123,0.0075535148
0.05,766,0.074144845,0.06628975,0.0078550954
0.05,767,0.08643944,0.086807677,-0.00036823641
0.05,768,0.063543557,0.055467519,0.0080760383
0.05,769,0.05733214,0.050375113,0.0069570267
0.05,770,0.10453066,0.093475054,0.011055609
0.05,771,0.075838645,0.067040946,0.0087976986
0.05,772,0.010148093,0.012199594,-0.0020515006
0.05,773,0.099743702,0.098013191,0.0017305117
0.05,774,0.073709317,0.098263695,-0.024554378
0.05,775,0.049788911,0.046030222,0.0037586887
0.05,776,0.039336896,0.032259972,0.0070769242
0.05,777,0.031417745,0.024261232,0.0071565133
0.05,778,0.017632549,0.009371448,0.0082611006
0.05,779,0.047327129,0.048191349,-0.00086422049
0.05,780,0.046795602,0.051946353,-0.0051507506
0.05,781,0.08737976,0.079169965,0.0082097953
0.05,782,0.034554364,0.029431069,0.0051232943
0.05,783,0.062863671,0.056975347,0.005888324
0.05,784,-0.0013968415,0.012798838,-0.01419568
0.05,785,0.058498123,0.050341217,0.0081569064
0.05,786,0.12389104,0.12523288,-0.0013418404
0.05,787,0.027814071,0.02279326,0.0050208114
0.05,788,0.045540222,0.051654237,-0.0061140147
0.05,789,0.032204052,0.025422398,0.0067816539
0.05,790,0.056374025,0.050852927,0.0055210978
0.05,791,0.090929757,0.10696354,-0.016033787
0.05,792,0.085625022,0.078405905,0.0072191176
0.05,793,0.078950046,0.070283268,0.008666778
0.05,794,0.12791655,0.13432406,-0.0064075109
0.05,795,0.076093275,0.075117667,0.00097560787
0.05,796,0.0024873046,-0.0060952195,0.0085825241
0.05,797,0.089085982,0.090914943,-0.0018289614
0.05,798,0.026729418,0.020903058,0.0058263598
0.05,799,0.089947624,0.092137075,-0.0021894508
0.05,800,0.11078522,0.10388396,0.0069012541
0.05,801,0.048699623,0.060355633,-0.01165601
0.05,802,0.11105221,0.10323337,0.0078188445
0.05,803,0.051309921,0.044958741,0.0063511799
0.05,804,0.0032322528,-0.00077911551,0.0040113683
0.05,805,0.079402791,0.076569953,0.0028328376
0.05,806,0.073778085,0.066065472,0.0077126124
0.05,807,0.058493187,0.069707619,-0.011214433
0.05,808,0.016641013,0.012129412,0.0045116012
0.05,809,0.035223185,0.027553899,0.0076692863
0.05,810,0.016598652,0.037533324,-0.020934672
0.05,811,0.10194166,0.094578513,0.007363144
0.05,812,0.13595765,0.12682457,0.009133076
0.05,813,0.098927094,0.093522099,0.0054049947
0.05,814,0.041906533,0.036251091,0.0056554421
0.05,815,0.089300009,0.085807702,0.003492307
0.05,816,0.044358213,0.040482605,0.003875608
0.05,817,0.066860928,0.065239925,0.0016210028
0.05,818,0.078040784,0.078307875,-0.00026709079
0.05,819,0.050080116,0.042364962,0.0077151542
0.05,820,0.10087481,0.10552472,-0.0046499113
0.05,821,0.084083026,0.075728687,0.0083543388
0.05,822,0.058467977,0.053348691,0.0051192857
0.05,823,0.084412047,0.08014592,0.0042661277
0.05,824,0.079389486,0.074210986,0.0051785003
0.05,825,0.025267246,0.01755058,0.007716666
0.05,826,0.070237996,0.063031958,0.0072060377
0.05,827,-0.003863913,-0.010571901,0.0067079885
0.05,828,0.011628171,0.010927382,0.00070078899
0.05,829,0.014526529,0.010932753,0.0035937758
0.05,830,0.035556262,0.028577276,0.0069789858
0.05,831,0.06275324,0.062084173,0.00066906625
0.05,832,0.055087113,0.046444177,0.0086429357
0.05,833,0.033313858,0.027440144,0.0058737145
0.05,834,0.11807118,0.11323179,0.0048393942
0.05,835,0.064867634,0.061457508,0.0034101259
0.05,836,0.071918153,0.078838729,-0.0069205762
0.05,837,0.040237036,0.033281821,0.0069552151
0.05,838,0.019423943,0.019550622,-0.0001266783
0.05,839,0.010523345,0.0033454115,0.007177934
0.05,840,0.062565602,0.055264776,0.0073008252
0.05,841,0.01129864,0.0038541588,0.0074444814
0.05,842,0.078649442,0.077185651,0.0014637903
0.05,843,0.071295502,0.060959405,0.010336097
0.05,844,0.082776644,0.076969721,0.0058069226
0.05,845,-0.0048248218,0.001254865,-0.0060796868
0.05,846,0.08232898,0.086835804,-0.0045068241
0.05,847,0.011850963,0.0042935853,0.007557378
0.05,848,0.084264981,0.085427964,-0.0011629826
0.05,849,0.034524822,0.026927691,0.0075971309
0.05,850,0.093572177,0.10276526,-0.0091930864
0.05,851,0.017850264,0.034627927,-0.016777663
0.05,852,0.050006028,0.04298014,0.0070258875
0.05,853,0.012115352,0.010428941,0.0016864112
0.05,854,0.06064359,0.055667346,0.0049762442
0.05,855,0.096833197,0.10026247,-0.00342927
0.05,856,0.0049116838,-0.0014315966,0.0063432804
0.05,857,0.047527017,0.039106721,0.0084202968
0.05,858,0.01236996,0.0090629377,0.0033070218
0.05,859,0.023628868,0.048864634,-0.025235765
0.05,860,0.059568329,0.06212258,-0.002554251
0.05,861,0.045750901,0.050344531,-0.0045936292
0.05,862,0.099824921,0.11556078,-0.015735854
0.05,863,0.038825617,0.030470032,0.0083555854
0.05,864,0.12331884,0.11646364,0.0068551991
0.05,865,0.10211881,0.094262312,0.0078565001
0.05,866,0.044541419,0.039182012,0.0053594073
0.05,867,-0.010193501,-0.018003577,0.0078100763
0.05,868,0.046865477,0.047052333,-0.00018685683
0.05,869,0.068869491,0.059872409,0.0089970816
0.05,870,0.06991355,0.062626505,0.007287045
0.05,871,-0.0066897244,-0.0035309406,-0.0031587838
0.05,872,0.1152007,0.13029468,-0.015093983
0.05,873,0.10194571,0.10130018,0.00064552132
0.05,874,0.080041787,0.075096687,0.0049451005
0.05,875,0.13261001,0.1260934,0.00651661
0.05,876,0.055765084,0.063999802,-0.0082347183
0.05,877,0.057578984,0.061479341,-0.0039003565
0.05,878,0.057529368,0.050996346,0.0065330218
0.05,879,0.050440488,0.041982748,0.0084577397
0.05,880,-0.023242681,-0.025487329,0.0022446478
0.05,881,-0.0039741161,0.00090648646,-0.0048806026
0.05,882,-0.012977024,-0.021072784,0.0080957596
0.05,883,0.056113537,0.052587657,0.0035258794
0.05,884,0.087588617,0.080810265,0.0067783526
0.05,885,0.080418566,0.072147832,0.0082707338
0.05,886,0.039429817,0.03146945,0.0079603666
0.05,887,0.073671677,0.065266533,0.0084051442
0.05,888,0.063021162,0.085526642,-0.022505481
0.05,889,0.068704782,0.063131263,0.0055735185
0.05,890,0.10309487,0.096832823,0.0062620454
0.05,891,0.064572008,0.05822166,0.0063503479
0.05,892,0.15597928,0.15026782,0.0057114532
0.05,893,0.12265037,0.11435117,0.0082992
0.05,894,0.020338382,0.018033104,0.0023052778
0.05,895,0.073917814,0.069768179,0.0041496346
0.05,896,0.043047863,0.047152289,-0.0041044265
0.05,897,0.072695178,0.068024499,0.0046706789
0.05,898,0.09034826,0.094123856,-0.0037755964
0.05,899,0.04096609,0.032736306,0.0082297843
0.05,900,0.023622907,0.015751547,0.0078713597
0.05,901,0.038482152,0.056772478,-0.018290326
0.05,902,0.065986983,0.068448449,-0.0024614657
0.05,903,0.062483011,0.060903067,0.0015799434
0.05,904,0.072667101,0.10926387,-0.036596772
0.05,905,0.051622353,0.050207374,0.0014149787
0.05,906,0.04984903,0.043662958,0.0061860718
0.05,907,0.091970305,0.088991795,0.0029785095
0.05,908,-0.007130037,-0.014105586,0.0069755495
0.05,909,0.065669578,0.09275093,-0.027081352
0.05,910,0.078942848,0.070523305,0.008419543
0.05,911,0.072185432,0.085202449,-0.013017018
0.05,912,0.12090012,0.11164256,0.0092575614
0.05,913,-0.00036047801,-0.0075152695,0.0071547915
0.05,914,0.042647071,0.041924469,0.00072260142
0.05,915,0.058064946,0.050009142,0.0080558037
0.05,916,0.075065442,0.079735509,-0.0046700667
0.05,917,0.025443472,0.016650595,0.0087928767
0.05,918,0.027247398,0.043668887,-0.016421489
0.05,919,0.089824996,0.082905554,0.0069194419
0.05,920,-0.011203633,-0.018972253,0.00776862
0.05,921,0.015057647,0.0099618304,0.0050958164
0.05,922,0.06692771,0.057699926,0.0092277836
0.05,923,0.090894275,0.084129934,0.0067643413
0.05,924,0.038594398,0.040437358,-0.0018429605
0.05,925,-0.021281013,-0.026265504,0.0049844909
0.05,926,0.066865981,0.069360949,-0.0024949684
0.05,927,0.063345575,0.055529087,0.0078164875
0.05,928,0.048719502,0.043399046,0.0053204562
0.05,929,0.087660203,0.078781749,0.0088784533
0.05,930,0.057693482,0.05214198,0.005551502
0.05,931,0.088558084,0.084166506,0.0043915778
0.05,932,0.0004537238,0.019532701,-0.019078977
0.05,933,0.0052310579,-0.0033735675,0.0086046254
0.05,934,0.058214349,0.050709056,0.0075052931
0.05,935,0.1259749,0.11827766,0.0076972389
0.05,936,0.022978152,0.015429477,0.0075486748
0.05,937,0.077043339,0.076772732,0.00027060706
0.05,938,0.0600873,0.057597405,0.0024898956
0.05,939,0.11198802,0.12078588,-0.0087978555
0.05,940,0.16492723,0.17836282,-0.013435587
0.05,941,0.10203426,0.094460613,0.0075736442
0.05,942,0.081887359,0.098444321,-0.016556962
0.05,943,0.052384881,0.04482236,0.0075625205
0.05,944,-0.0015744674,-0.0099010296,0.0083265622
0.05,945,0.04487484,0.03707404,0.0078008004
0.05,946,0.1135784,0.10403476,0.0095436451
0.05,947,0.036491143,0.036941107,-0.00044996376
0.05,948,0.12526664,0.11702076,0.0082458795
0.05,949,0.085351203,0.077745111,0.0076060916
0.05,950,0.071542253,0.065077714,0.006464539
0.05,951,0.08688212,0.085166236,0.0017158844
0.05,952,0.065983099,0.076700603,-0.010717504
0.05,953,0.08405735,0.077600103,0.0064572472
0.05,954,0.071900971,0.067466252,0.0044347193
0.05,955,0.051879809,0.051523616,0.00035619305
0.05,956,0.048568813,0.066697636,-0.018128823
0.05,957,0.044164528,0.068505854,-0.024341327
0.05,958,0.017187689,0.017967334,-0.00077964432
0.05,959,0.023372144,0.029652334,-0.0062801903
0.05,960,0.090696855,0.093749468,-0.0030526132
0.05,961,0.043950054,0.043347282,0.00060277178
0.05,962,0.12477982,0.13994007,-0.015160247
0.05,963,0.051435893,0.044090685,0.0073452084
0.05,964,0.069607171,0.072991336,-0.0033841647
0.05,965,0.051484751,0.043600191,0.0078845594
0.05,966,0.096477523,0.10220171,-0.0057241911
0.05,967,0.035179011,0.027865313,0.0073136971
0.05,968,0.060456031,0.074475989,-0.014019958
0.05,969,0.024612088,0.019680085,0.0049320031
0.05,970,0.069490678,0.061080341,0.0084103372
0.05,971,0.049911693,0.040459775,0.0094519174
0.05,972,0.014124356,0.009134291,0.0049900647
0.05,973,0.064304677,0.061798165,0.0025065115
0.05,974,0.024603455,0.02663256,-0.002029105
0.05,975,0.086280899,0.078124538,0.0081563607
0.05,976,0.063105651,0.055135888,0.0079697624
0.05,977,0.089178563,0.081829335,0.0073492285
0.05,978,0.088677799,0.11884144,-0.030163641
0.05,979,0.033255336,0.025753513,0.0075018226
0.05,980,0.025388617,0.036743914,-0.011355297
0.05,981,0.09071393,0.090044404,0.00066952631
0.05,982,0.13381461,0.13036437,0.0034502434
0.05,983,0.044421246,0.040413929,0.0040073174
0.05,984,0.028501153,0.033443447,-0.0049422934
0.05,985,-0.0048276959,0.00063953043,-0.0054672263
0.05,986,0.037255151,0.029159511,0.0080956408
0.05,987,0.06729614,0.059753636,0.0075425044
0.05,988,0.08096984,0.075521346,0.0054484937
0.05,989,0.040550487,0.032714715,0.0078357724
0.05,990,0.047073325,0.057735992,-0.010662667
0.05,991,0.00077822252,-0.0065067642,0.0072849868
0.05,992,0.025041891,0.023830036,0.0012118556
0.05,993,0.063881663,0.067760903,-0.0038792404
0.05,994,-0.008519231,-0.0060544139,-0.0024648172
0.05,995,0.097364134,0.10502333,-0.0076591934
0.05,996,0.090918216,0.1017263,-0.010808082
0.05,997,0.091363945,0.08834168,0.0030222643
0.05,998,0.054861209,0.047780141,0.0070810679
0.05,999,0.030056377,0.022150084,0.0079062931
0.1,0,0.046760847,0.038815478,0.0079453692
0.1,1,0.068004484,0.061898246,0.0061062378
0.1,2,0.0052543081,0.00091214279,0.0043421654
0.1,3,0.053977615,0.047330199,0.0066474163
0.1,4,0.031655544,0.032153617,-0.00049807369
0.1,5,0.0051775217,0.00098804576,0.0041894759
0.1,6,0.030084278,0.036697075,-0.0066127961
0.1,7,0.10484306,0.12227856,-0.017435491
0.1,8,0.057347837,0.057845862,-0.00049802492
0.1,9,0.028256425,0.021332084,0.0069243408
0.1,10,0.041645218,0.060976323,-0.019331105
0.1,11,0.059964809,0.055445884,0.0045189248
0.1,12,0.069650248,0.067519823,0.0021304245
0.1,13,0.092166955,0.083941033,0.0082259221
0.1,14,0.038476614,0.031231832,0.0072447825
0.1,15,0.029025956,0.024311433,0.0047145227
0.1,16,0.086668471,0.077065958,0.0096025131
0.1,17,0.077059624,0.068092252,0.0089673715
0.1,18,0.035376527,0.054390696,-0.019014169
0.1,19,0.058695329,0.070854169,-0.012158839
0.1,20,0.1068444,0.11609253,-0.0092481353
0.1,21,0.071920693,0.064424132,0.0074965608
0.1,22,0.12605865,0.11933391,0.0067247345
0.1,23,0.1130716,0.12045917,-0.0073875702
0.1,24,0.047574224,0.044899909,0.0026743149
0.1,25,-0.0095761555,0.0079596576,-0.017535813
0.1,26,0.031021579,0.026521173,0.0045004061
0.1,27,0.03826194,0.031170362,0.0070915784
0.1,28,0.11339562,0.10446501,0.0089306106
0.1,29,0.015138418,0.0081506706,0.0069877475
0.1,30,-0.015247492,0.0092885822,-0.024536074
0.1,31,0.038092228,0.031049128,0.0070431003
0.1,32,0.035029711,0.046154858,-0.011125147
0.1,33,0.04004184,0.035816892,0.0042249483
0.1,34,0.10047211,0.10556413,-0.0050920171
0.1,35,0.088511379,0.082867695,0.0056436844
0.1,36,0.079147386,0.072100942,0.0070464439
0.1,37,0.084621202,0.077514651,0.0071065511
0.1,38,0.13674647,0.15569442,-0.018947952
0.1,39,0.06120035,0.076501032,-0.015300682
0.1,40,0.076005056,0.077816127,-0.0018110711
0.1,41,0.039068741,0.03605351,0.0030152306
0.1,42,0.11227333,0.10780093,0.0044724041
0.1,43,0.052442984,0.050194272,0.0022487115
0.1,44,0.10088488,0.095874834,0.0050100508
0.1,45,0.034110597,0.045853395,-0.011742797
0.1,46,0.050064245,0.051451514,-0.0013872686
0.1,47,0.076659791,0.068133335,0.0085264565
0.1,48,0.033144152,0.028750331,0.0043938209
0.1,49,0.033821273,0.029874384,0.0039468889
0.1,50,0.05775778,0.060161662,-0.0024038819
0.1,51,0.050863835,0.044857568,0.0060062672
0.1,52,0.014313794,0.011825595,0.0024881987
0.1,53,0.12110126,0.12253075,-0.0014294954
0.1,54,0.07587381,0.069757577,0.006116233
0.1,55,0.017684822,0.01386948,0.0038153426
0.1,56,0.039223251,0.050662643,-0.011439392
0.1,57,0.10738313,0.10002676,0.0073563657
0.1,58,0.097094252,0.10442755,-0.0073332936
0.1,59,0.03566595,0.048497156,-0.012831206
0.1,60,0.0807491,0.073143081,0.0076060188
0.1,61,0.059040014,0.055201685,0.0038383284
0.1,62,0.089162875,0.082210302,0.0069525734
0.1,63,0.0509123,0.047753499,0.0031588011
0.1,64,0.099303333,0.0906161,0.008687233
0.1,65,0.01401737,0.0091206411,0.0048967293
0.1,66,0.083486319,0.08191045,0.0015758686
0.1,67,0.053700521,0.044641851,0.0090586708
0.1,68,0.061247286,0.052192403,0.0090548829
0.1,69,0.10076184,0.092024495,0.0087373403
0.1,70,0.071907526,0.073611736,-0.0017042095
0.1,71,0.052440803,0.047324352,0.005116451
0.1,72,0.083241206,0.075172659,0.0080685471
0.1,73,0.073912208,0.072008831,0.0019033767
0.1,74,0.032065661,0.025821516,0.0062441449
0.1,75,0.028120284,0.022943117,0.0051771675
0.1,76,0.094170591,0.08798251,0.0061880808
0.1,77,0.15302336,0.15388166,-0.00085829787
0.1,78,0.10239058,0.093113627,0.0092769479
0.1,79,0.11724258,0.12988062,-0.012638034
0.1,80,0.012189501,0.0052879524,0.0069015481
0.1,81,0.09632785,0.11519838,-0.018870534
0.1,82,0.012480631,0.011728466,0.00075216471
0.1,83,0.06124337,0.057237815,0.0040055553
0.1,84,0.038307155,0.038284541,2.2613533e-05
0.1,85,0.095309781,0.089364123,0.0059456583
0.1,86,0.074709305,0.076477119,-0.0017678147
0.1,87,0.11042828,0.12198166,-0.011553384
0.1,88,0.021795021,0.018499464,0.0032955569
0.1,89,0.063907172,0.064255603,-0.00034843078
0.1,90,0.048657781,0.040410892,0.0082468895
0.1,91,0.050244232,0.043328527,0.0069157046
0.1,92,0.021744532,0.025210392,-0.0034658595
0.1,93,0.061879126,0.05974074,0.0021383856
0.1,94,0.081323037,0.11409178,-0.032768742
0.1,95,0.027372571,0.032950819,-0.005578248
0.1,96,0.047965136,0.042890396,0.0050747397
0.1,97,0.047125935,0.048831215,-0.0017052803
0.1,98,0.053581831,0.055193508,-0.0016116767
0.1,99,0.077695785,0.071678107,0.0060176784
0.1,100,0.083264126,0.079667678,0.0035964483
0.1,101,0.071182399,0.11481825,-0.043635847
0.1,102,0.034319925,0.027438871,0.0068810536
0.1,103,0.047745696,0.04115708,0.0065886159
0.1,104,0.072863015,0.066107117,0.006755898
0.1,105,0.095833532,0.088846449,0.0069870837
0.1,106,0.075093479,0.07038676,0.0047067186
0.1,107,0.082740118,0.080637465,0.0021026534
0.1,108,-0.0025933424,0.05473151,-0.057324853
0.1,109,0.15107935,0.14484554,0.0062338088
0.1,110,0.073501297,0.066965072,0.0065362257
0.1,111,0.087298674,0.084455887,0.0028427867
0.1,112,0.042237582,0.040390282,0.0018473004
0.1,113,0.12103164,0.11349861,0.0075330368
0.1,114,0.10399325,0.095456494,0.0085367559
0.1,115,0.11051483,0.10524773,0.0052670991
0.1,116,0.090010586,0.081793542,0.0082170446
0.1,117,0.018525121,0.036249183,-0.017724062
0.1,118,0.018743794,0.0086848463,0.010058948
0.1,119,0.041707704,0.038470644,0.0032370603
0.1,120,0.049409812,0.042026446,0.0073833667
0.1,121,0.0010338543,-0.0015361049,0.0025699592
0.1,122,0.063115819,0.064660229,-0.0015444106
0.1,123,0.043413309,0.052979804,-0.0095664957
0.1,124,0.059751691,0.053372409,0.0063792822
0.1,125,0.051494665,0.044387942,0.0071067223
0.1,126,0.10377902,0.10090291,0.0028761064
0.1,127,0.090631266,0.10336755,-0.012736284
0.1,128,0.1061147,0.11650271,-0.010388008
0.1,129,-0.041595208,-0.048129353,0.0065341449
0.1,130,0.12669015,0.14747683,-0.020786679
0.1,131,0.062259327,0.055103311,0.0071560163
0.1,132,0.067116916,0.076618241,-0.0095013252
0.1,133,0.10014705,0.089848599,0.010298456
0.1,134,0.11559229,0.10679165,0.0088006349
0.1,135,0.073016115,0.066992369,0.0060237463
0.1,136,0.026618135,0.029670556,-0.0030524214
0.1,137,0.026586831,0.017577415,0.0090094155
0.1,138,0.12586063,0.16330284,-0.037442217
0.1,139,0.09650234,0.089907654,0.0065946855
0.1,140,0.087768668,0.089990825,-0.0022221567
0.1,141,0.054770936,0.059094588,-0.0043236523
0.1,142,0.048068618,0.072315479,-0.024246861
0.1,143,0.052573456,0.076847934,-0.024274477
0.1,144,0.053431596,0.044147211,0.0092843843
0.1,145,0.12306996,0.1160022,0.007067763
0.1,146,0.071298941,0.073181024,-0.0018820833
0.1,147,0.059543429,0.052981614,0.0065618154
0.1,148,0.090227701,0.088925396,0.0013023055
0.1,149,0.072677452,0.065972816,0.0067046362
0.1,150,0.096567183,0.088014941,0.0085522422
0.1,151,0.082333736,0.073959174,0.0083745617
0.1,152,0.05602087,0.058600152,-0.0025792815
0.1,153,-0.037948801,-0.044630043,0.0066812421
0.1,154,0.05190467,0.063196529,-0.011291859
0.1,155,0.062546394,0.053784128,0.008762266
0.1,156,0.047278832,0.047253785,2.5047217e-05
0.1,157,0.11565682,0.11019404,0.0054627875
0.1,158,0.055637308,0.054747331,0.00088997707
0.1,159,0.043571655,0.049825753,-0.0062540982
0.1,160,0.031755333,0.03315866,-0.0014033265
0.1,161,0.10925652,0.10235663,0.0068998851
0.1,162,-0.025612745,-0.027217305,0.0016045601
0.1,163,-0.0031833574,0.0089346632,-0.012118021
0.1,164,0.030513907,0.030807371,-0.00029346416
0.1,165,0.061558407,0.05968651,0.0018718975
0.1,166,0.081492759,0.073006988,0.0084857712
0.1,167,0.054235078,0.046971625,0.0072634531
0.1,168,0.12568469,0.12178852,0.0038961675
0.1,169,0.0048756718,9.0057137e-05,0.0047856147
0.1,170,0.061594535,0.05411908,0.0074754558
0.1,171,0.11299295,0.13736296,-0.024370017
0.1,172,0.076634112,0.0685927,0.0080414119
0.1,173,0.085779947,0.091779742,-0.0059997955
0.1,174,0.093161271,0.087410057,0.0057512132
0.1,175,0.05293358,0.043878421,0.0090551585
0.1,176,0.13368275,0.12532192,0.0083608347
0.1,177,0.086899624,0.086695733,0.00020389099
0.1,178,0.085078009,0.081138709,0.0039392998
0.1,179,0.056932207,0.048527076,0.0084051315
0.1,180,0.049475587,0.041539883,0.0079357034
0.1,181,0.048658789,0.044565584,0.0040932051
0.1,182,0.13953076,0.12893753,0.010593228
0.1,183,0.048527347,0.049035834,-0.00050848644
0.1,184,0.074233926,0.066656249,0.0075776774
0.1,185,0.058161975,0.058658273,-0.00049629802
0.1,186,0.088854191,0.12347343,-0.034619238
0.1,187,0.110001,0.10129097,0.0087100292
0.1,188,0.13795507,0.12989318,0.0080618892
0.1,189,0.015395051,0.023890518,-0.0084954678
0.1,190,0.11356899,0.10434168,0.0092273073
0.1,191,0.062598,0.07324551,-0.01064751
0.1,192,0.031101162,0.025038027,0.0060631344
0.1,193,0.13887514,0.13367633,0.0051988094
0.1,194,0.053923198,0.045369991,0.0085532071
0.1,195,0.093867278,0.086346938,0.0075203399
0.1,196,0.065720283,0.057406262,0.0083140212
0.1,197,0.056480097,0.047869779,0.0086103178
0.1,198,0.061334636,0.058815166,0.0025194708
0.1,199,0.12452796,0.13888033,-0.014352376
0.1,200,-0.029457292,-0.030201231,0.00074393843
0.1,201,0.052563529,0.065208941,-0.012645412
0.1,202,0.067882403,0.10778693,-0.039904531
0.1,203,0.036561568,0.028618105,0.007943463
0.1,204,0.075158876,0.066451726,0.0087071497
0.1,205,0.076023475,0.072096493,0.0039269813
0.1,206,0.050648948,0.04742322,0.0032257272
0.1,207,0.056469993,0.048594847,0.0078751452
0.1,208,0.05606317,0.065277614,-0.0092144437
0.1,209,0.071386022,0.066202891,0.0051831314
0.1,210,0.059887488,0.056806509,0.0030809797
0.1,211,0.088059871,0.080181544,0.0078783268
0.1,212,0.014108669,0.0079063199,0.0062023494
0.1,213,0.05438057,0.055522809,-0.0011422392
0.1,214,0.033862919,0.050866763,-0.017003844
0.1,215,-0.0111014,-0.011443049,0.0003416492
0.1,216,0.11317303,0.12352839,-0.010355362
0.1,217,-0.004798631,-0.0058695479,0.0010709168
0.1,218,0.089934462,0.082724391,0.0072100713
0.1,219,0.05088319,0.044134594,0.006748596
0.1,220,0.079180913,0.08026904,-0.0010881273
0.1,221,0.068600598,0.06036147,0.0082391282
0.1,222,0.063377183,0.059014149,0.0043630338
0.1,223,0.045170486,0.053441214,-0.0082707277
0.1,224,0.11486771,0.10776608,0.0071016262
0.1,225,0.084246288,0.076370736,0.0078755526
0.1,226,0.061674405,0.054451282,0.0072231227
0.1,227,0.10096352,0.10414254,-0.0031790257
0.1,228,0.028855007,0.022669357,0.00618565
0.1,229,0.075676156,0.069454711,0.0062214459
0.1,230,0.11228274,0.11054275,0.0017399871
0.1,231,0.040718092,0.038841282,0.0018768107
0.1,232,0.011104944,0.003069722,0.0080352224
0.1,233,-0.017147597,-0.018333298,0.0011857015
0.1,234,0.030573077,0.026883941,0.0036891354
0.1,235,0.094408625,0.086213279,0.0081953457
0.1,236,0.096253301,0.096655856,-0.00040255456
0.1,237,0.045719981,0.040087553,0.0056324283
0.1,238,0.090550599,0.088861253,0.0016893466
0.1,239,0.047048191,0.046454924,0.00059326755
0.1,240,0.080361002,0.073065504,0.0072954986
0.1,241,0.070528644,0.063894902,0.0066337422
0.1,242,0.015271201,0.0086625645,0.0066086364
0.1,243,0.017277209,0.026060885,-0.008783676
0.1,244,0.053632982,0.076944912,-0.023311929
0.1,245,0.023133339,0.019770861,0.0033624774
0.1,246,-0.0079221317,-0.015810876,0.0078887446
0.1,247,0.016227687,0.0088224481,0.0074052393
0.1,248,0.078565154,0.090108661,-0.011543506
0.1,249,0.043138126,0.044320877,-0.0011827514
0.1,250,0.090790281,0.086965683,0.0038245971
0.1,251,0.071568787,0.065873172,0.005695615
0.1,252,0.090478288,0.092473946,-0.0019956575
0.1,253,0.055646939,0.057911902,-0.0022649629
0.1,254,0.11011805,0.10622118,0.0038968647
0.1,255,0.044196574,0.053433812,-0.0092372384
0.1,256,0.019670607,0.011353511,0.0083170964
0.1,257,0.011236504,0.012695048,-0.0014585433
0.1,258,0.028037161,0.020246629,0.0077905314
0.1,259,-0.017308123,-0.019732991,0.0024248688
0.1,260,0.047529562,0.041132759,0.0063968029
0.1,261,0.041372683,0.037157659,0.0042150239
0.1,262,0.044831892,0.036606463,0.0082254285
0.1,263,0.074812955,0.073386975,0.0014259808
0.1,264,0.084658432,0.08273902,0.0019194117
0.1,265,0.03255841,0.065681409,-0.033122999
0.1,266,0.047084229,0.039440343,0.0076438866
0.1,267,0.015902759,0.016628907,-0.00072614805
0.1,268,0.036498484,0.041546389,-0.0050479051
0.1,269,0.012198817,0.0054245312,0.0067742862
0.1,270,0.031009486,0.024549723,0.0064597621
0.1,271,0.077366996,0.071427567,0.0059394285
0.1,272,0.03807204,0.031204193,0.0068678469
0.1,273,0.05351263,0.063335032,-0.0098224026
0.1,274,0.058217613,0.051449015,0.0067685973
0.1,275,0.04377779,0.035490132,0.0082876576
0.1,276,0.082164708,0.084796427,-0.0026317191
0.1,277,0.081917675,0.073681177,0.0082364978
0.1,278,0.073079386,0.064134791,0.0089445946
0.1,279,0.035911131,0.065657717,-0.029746586
0.1,280,0.048334532,0.067752256,-0.019417724
0.1,281,0.022545526,0.019282283,0.0032632437
0.1,282,0.065289263,0.08287257,-0.017583307
0.1,283,0.043494275,0.037247954,0.0062463209
0.1,284,0.053813472,0.048936463,0.0048770092
0.1,285,0.097516854,0.095448663,0.002068191
0.1,286,0.049500595,0.045149746,0.004350849
0.1,287,0.054911322,0.06339796,-0.0084866381
0.1,288,0.04675182,0.040069015,0.0066828046
0.1,289,0.10746661,0.1054971,0.0019695068
0.1,290,0.050348218,0.045096859,0.0052513591
0.1,291,0.0687499,0.066389801,0.0023600984
0.1,292,0.064349197,0.072540559,-0.0081913617
0.1,293,0.071823625,0.089447232,-0.017623607
0.1,294,0.043687593,0.060477171,-0.016789577
0.1,295,0.090093901,0.0818222,0.0082717014
0.1,296,0.040718679,0.043021865,-0.0023031868
0.1,297,0.042506648,0.037205222,0.0053014257
0.1,298,0.12686618,0.12500339,0.0018627931
0.1,299,0.10145103,0.10806131,-0.0066102794
0.1,300,0.065423624,0.085338472,-0.019914848
0.1,301,0.037250816,0.028299567,0.0089512491
0.1,302,0.024984032,0.019315574,0.0056684571
0.1,303,0.088153955,0.1135055,-0.025351545
0.1,304,0.039246474,0.039203465,4.3008766e-05
0.1,305,0.052472253,0.048391077,0.0040811767
0.1,306,0.03790884,0.028656155,0.0092526851
0.1,307,0.070069462,0.063228506,0.006840956
0.1,308,0.067254637,0.058044536,0.0092101016
0.1,309,0.056834772,0.073789929,-0.016955158
0.1,310,0.13020814,0.13343212,-0.0032239772
0.1,311,0.075150606,0.073810141,0.0013404649
0.1,312,-0.0062665852,-0.013770247,0.0075036614
0.1,313,0.042774016,0.048221575,-0.0054475587
0.1,314,0.049049173,0.053435715,-0.0043865419
0.1,315,0.08554401,0.087305501,-0.001761491
0.1,316,0.090351736,0.081453052,0.0088986839
0.1,317,0.14290597,0.14102676,0.0018792065
0.1,318,0.070171983,0.082069875,-0.011897891
0.1,319,0.096819178,0.088931894,0.0078872834
0.1,320,0.043981371,0.03474464,0.009236731
0.1,321,0.12279775,0.11307225,0.0097255006
0.1,322,0.055241701,0.059695059,-0.0044533584
0.1,323,0.080708141,0.072612414,0.0080957268
0.1,324,0.045453301,0.060322003,-0.014868701
0.1,325,-0.020826312,-0.017468394,-0.0033579178
0.1,326,0.022546803,0.050865898,-0.028319095
0.1,327,0.088871726,0.082696281,0.0061754448
0.1,328,0.044706508,0.035529531,0.0091769768
0.1,329,0.071422499,0.06866019,0.0027623093
0.1,330,0.031191804,0.038778346,-0.0075865426
0.1,331,0.13425655,0.12591716,0.0083393914
0.1,332,0.071101787,0.12881913,-0.057717342
0.1,333,0.05755033,0.056830786,0.00071954379
0.1,334,0.024119326,0.017420605,0.0066987201
0.1,335,0.084790313,0.084229057,0.00056125563
0.1,336,0.063664369,0.074187416,-0.010523047
0.1,337,0.10240559,0.096582361,0.0058232257
0.1,338,0.070531004,0.063074644,0.0074563593
0.1,339,0.047636487,0.040903731,0.0067327562
0.1,340,0.10766138,0.10315175,0.0045096338
0.1,341,0.034892745,0.026256748,0.0086359966
0.1,342,0.083646464,0.084789416,-0.0011429521
0.1,343,0.065158074,0.079706639,-0.014548565
0.1,344,0.06216784,0.06097383,0.0011940101
0.1,345,0.10197132,0.099781101,0.0021902184
0.1,346,0.078024157,0.070952615,0.0070715429
0.1,347,0.085640426,0.078935809,0.0067046175
0.1,348,0.11831331,0.11440543,0.0039078749
0.1,349,0.030419346,0.0254885,0.0049308462
0.1,350,0.087956299,0.083811602,0.0041446964
0.1,351,0.049392084,0.055384599,-0.0059925148
0.1,352,0.032480008,0.024968571,0.0075114368
0.1,353,0.024217785,0.017086625,0.0071311608
0.1,354,-0.014415603,-0.020014383,0.0055987802
0.1,355,0.053114731,0.044785997,0.0083287336
0.1,356,0.047443614,0.041531684,0.00591193
0.1,357,0.06306628,0.064060985,-0.00099470505
0.1,358,0.080001052,0.071306415,0.0086946375
0.1,359,0.082215806,0.086961976,-0.0047461701
0.1,360,0.10761154,0.15706625,-0.049454705
0.1,361,0.12077855,0.11407948,0.0066990643
0.1,362,0.11288444,0.11277953,0.00010491102
0.1,363,0.034932611,0.026197623,0.0087349879
0.1,364,0.073718455,0.085922066,-0.01220361
0.1,365,0.081290392,0.075084102,0.0062062897
0.1,366,0.079206732,0.070958392,0.0082483401
0.1,367,0.097031056,0.092490992,0.0045400636
0.1,368,-0.01410667,-0.021142304,0.0070356336
0.1,369,0.04803135,0.039794444,0.0082369061
0.1,370,0.082755639,0.099105008,-0.016349369
0.1,371,0.043324314,0.037526565,0.0057977488
0.1,372,0.065087709,0.076811212,-0.011723502
0.1,373,0.076728176,0.067340418,0.0093877584
0.1,374,0.068755881,0.060909233,0.0078466488
0.1,375,0.00093107112,-0.0041116864,0.0050427575
0.1,376,0.044758909,0.036168084,0.0085908257
0.1,377,0.12166802,0.11413772,0.0075303021
0.1,378,0.076902398,0.092014098,-0.015111701
0.1,379,0.094222849,0.12531376,-0.031090908
0.1,380,0.028690402,0.022334848,0.0063555542
0.1,381,0.053809577,0.046276709,0.007532868
0.1,382,0.03390165,0.040585636,-0.0066839861
0.1,383,0.059102807,0.052503732,0.0065990746
0.1,384,0.10368748,0.11270536,-0.0090178799
0.1,385,0.11752846,0.109151,0.008377467
0.1,386,0.02949282,0.021626225,0.0078665956
0.1,387,0.061868019,0.066772576,-0.0049045571
0.1,388,0.05320291,0.053481096,-0.00027818634
0.1,389,0.045647868,0.037591321,0.0080565461
0.1,390,0.11940336,0.11312692,0.0062764377
0.1,391,0.076283162,0.081066759,-0.0047835972
0.1,392,0.10509379,0.095355532,0.0097382578
0.1,393,0.06875956,0.062935217,0.0058243434
0.1,394,-0.038028729,-0.018117101,-0.019911628
0.1,395,0.080400196,0.072184196,0.0082159998
0.1,396,0.0091825718,0.012281932,-0.0030993605
0.1,397,0.10432038,0.096104245,0.0082161385
0.1,398,0.04869652,0.042226807,0.0064697132
0.1,399,0.026318506,0.023488458,0.0028300483
0.1,400,0.01458279,0.046137007,-0.031554216
0.1,401,0.0088411073,0.0031666824,0.0056744249
0.1,402,0.037064743,0.033116186,0.0039485561
0.1,403,0.14668597,0.1667766,-0.020090631
0.1,404,0.078314841,0.070865105,0.0074497359
0.1,405,0.11013743,0.10615394,0.0039834904
0.1,406,0.036383467,0.028280628,0.008102839
0.1,407,0.066828334,0.058903828,0.0079245061
0.1,408,0.051242846,0.065816904,-0.014574058
0.1,409,0.072942488,0.10648133,-0.033538845
0.1,410,0.050820812,0.042891037,0.0079297749
0.1,411,0.06694189,0.061107498,0.0058343918
0.1,412,-0.050899501,-0.059022801,0.0081233004
0.1,413,0.031053054,0.026304987,0.0047480674
0.1,414,0.080625335,0.080165361,0.00045997468
0.1,415,0.10287264,0.098356714,0.004515921
0.1,416,0.054280899,0.071692637,-0.017411738
0.1,417,0.049644965,0.044057119,0.0055878455
0.1,418,0.088060514,0.087353113,0.00070740118
0.1,419,0.038732307,0.040564882,-0.0018325757
0.1,420,0.050577813,0.045464201,0.0051136122
0.1,421,0.065628703,0.062789727,0.0028389757
0.1,422,0.05013453,0.044005026,0.0061295047
0.1,423,0.0081364562,0.0086786909,-0.00054223469
0.1,424,0.044508645,0.048076123,-0.0035674786
0.1,425,0.057646827,0.066826908,-0.0091800818
0.1,426,0.032137885,0.027082307,0.0050555786
0.1,427,0.057917247,0.054830332,0.0030869157
0.1,428,0.043024821,0.04270969,0.00031513049
0.1,429,0.06859797,0.066334669,0.0022633009
0.1,430,0.10101829,0.096584383,0.0044339041
0.1,431,0.057704651,0.054964848,0.0027398026
0.1,432,0.046392713,0.038689293,0.0077034195
0.1,433,0.046664499,0.042060059,0.0046044393
0.1,434,0.05897972,0.074676995,-0.015697275
0.1,435,0.082410214,0.075666258,0.0067439562
0.1,436,0.0069388242,0.0031057386,0.0038330856
0.1,437,0.020734125,0.021389976,-0.00065585091
0.1,438,0.098555036,0.090563404,0.0079916319
0.1,439,0.096084843,0.088200676,0.0078841671
0.1,440,0.076527294,0.06943524,0.0070920535
0.1,441,0.078643738,0.076969551,0.0016741867
0.1,442,0.14525175,0.14779342,-0.0025416722
0.1,443,0.086094706,0.11674522,-0.030650514
0.1,444,0.022447521,0.015259112,0.0071884089
0.1,445,0.14540872,0.1377424,0.0076663167
0.1,446,0.060300606,0.051949079,0.0083515272
0.1,447,0.058084909,0.055160966,0.0029239438
0.1,448,0.12253645,0.12211363,0.00042282679
0.1,449,0.043407262,0.06448893,-0.021081668
0.1,450,0.050904978,0.044330075,0.0065749027
0.1,451,0.08758186,0.081683574,0.0058982851
0.1,452,0.10178644,0.094346009,0.0074404278
0.1,453,0.035071797,0.029587553,0.0054842446
0.1,454,0.068521184,0.062021454,0.0064997297
0.1,455,0.101378,0.092988758,0.0083892377
0.1,456,0.13026691,0.15010528,-0.019838378
0.1,457,0.054332886,0.071589401,-0.017256515
0.1,458,0.09054087,0.082771059,0.0077698108
0.1,459,0.095014048,0.089579148,0.0054349001
0.1,460,0.050328906,0.0452158,0.0051131058
0.1,461,0.022385989,0.013159299,0.0092266904
0.1,462,0.075915877,0.068525048,0.0073908292
0.1,463,0.019350443,0.0099872064,0.0093632363
0.1,464,0.013354355,0.0089817647,0.0043725901
0.1,465,0.051963353,0.06055145,-0.0085880961
0.1,466,0.099008572,0.089001729,0.010006843
0.1,467,0.023619518,0.019701698,0.0039178202
0.1,468,0.072652185,0.066711296,0.0059408888
0.1,469,0.077296702,0.069892127,0.0074045757
0.1,470,0.05732959,0.048097209,0.0092323812
0.1,471,0.048446046,0.03931502,0.0091310264
0.1,472,0.060689174,0.05219518,0.0084939946
0.1,473,0.071664653,0.078572952,-0.0069082992
0.1,474,0.057069898,0.061716557,-0.0046466585
0.1,475,0.076223502,0.070325863,0.0058976397
0.1,476,0.085677656,0.097208483,-0.011530826
0.1,477,0.057597799,0.051107884,0.0064899149
0.1,478,0.072668639,0.067893986,0.0047746526
0.1,479,0.00496089,0.0062944605,-0.0013335705
0.1,480,0.091782528,0.088143199,0.0036393287
0.1,481,0.10287512,0.095180345,0.0076947725
0.1,482,0.080678134,0.086578513,-0.0059003791
0.1,483,0.033435761,0.038496193,-0.0050604322
0.1,484,0.016182388,0.049825868,-0.03364348
0.1,485,0.06883613,0.074374674,-0.0055385442
0.1,486,0.05462826,0.057168084,-0.0025398241
0.1,487,0.050563094,0.042228896,0.0083341973
0.1,488,0.067318475,0.059033538,0.0082849368
0.1,489,0.00031776935,-0.0074642928,0.0077820622
0.1,490,0.064604389,0.060468966,0.0041354232
0.1,491,0.083439514,0.076583208,0.0068563063
0.1,492,0.092074413,0.090626455,0.0014479583
0.1,493,0.019986219,0.012605064,0.0073811552
0.1,494,0.0213401,0.014926508,0.0064135918
0.1,495,0.076252123,0.078656699,-0.0024045755
0.1,496,0.039686196,0.034428391,0.0052578048
0.1,497,0.08669673,0.092077778,-0.0053810472
0.1,498,0.10490738,0.10283291,0.0020744704
0.1,499,0.054396256,0.05265344,0.0017428157
0.1,500,0.0056396441,-0.0021134744,0.0077531185
0.1,501,0.0047281772,0.0045175906,0.00021058659
0.1,502,0.018944996,0.062612112,-0.043667116
0.1,503,-0.028033287,-0.024682243,-0.0033510433
0.1,504,0.009769959,0.0025393798,0.0072305793
0.1,505,0.020774273,0.038837395,-0.018063122
0.1,506,0.065501701,0.059931362,0.0055703389
0.1,507,0.035086953,0.034391206,0.00069574749
0.1,508,0.084855391,0.08300102,0.0018543716
0.1,509,0.035104124,0.02745212,0.0076520039
0.1,510,-0.024393867,-0.02775941,0.0033655425
0.1,511,-0.0011489993,0.0060701267,-0.0072191259
0.1,512,0.10624156,0.10120341,0.0050381533
0.1,513,0.1080771,0.11268373,-0.0046066372
0.1,514,0.11245549,0.10561332,0.0068421715
0.1,515,0.072369311,0.068481734,0.0038875768
0.1,516,0.047791561,0.053990535,-0.0061989735
0.1,517,0.021158637,0.022615373,-0.0014567361
0.1,518,0.084816388,0.077710053,0.0071063343
0.1,519,0.025614339,0.018037309,0.0075770304
0.1,520,0.062441788,0.08854548,-0.026103692
0.1,521,0.10085246,0.094608897,0.0062435654
0.1,522,0.10084017,0.092891934,0.0079482397
0.1,523,0.030620748,0.026810517,0.0038102307
0.1,524,0.019866201,0.011762001,0.0081042001
0.1,525,0.033883916,0.034176256,-0.0002923397
0.1,526,0.032136461,0.024554577,0.0075818842
0.1,527,0.058901211,0.051002756,0.007898455
0.1,528,0.056900457,0.056884973,1.5483797e-05
0.1,529,0.04968395,0.045327434,0.0043565164
0.1,530,0.074722981,0.066977724,0.007745257
0.1,531,0.054092052,0.05207344,0.0020186123
0.1,532,0.0094018017,0.013197781,-0.0037959797
0.1,533,0.084866447,0.077255061,0.0076113861
0.1,534,0.0097110631,0.0072419924,0.0024690707
0.1,535,-0.0012948232,-0.0063937738,0.0050989506
0.1,536,0.036206608,0.026885099,0.0093215097
0.1,537,0.019715605,0.01250685,0.0072087549
0.1,538,0.073054868,0.07852283,-0.005467962
0.1,539,0.047128033,0.041368496,0.0057595372
0.1,540,0.10276582,0.10277818,-1.2352389e-05
0.1,541,0.091273712,0.11366869,-0.022394977
0.1,542,0.12175978,0.13359082,-0.011831043
0.1,543,0.059663291,0.054759275,0.0049040164
0.1,544,0.029515298,0.021995111,0.0075201868
0.1,545,0.033952826,0.026587514,0.0073653118
0.1,546,0.036481769,0.029073215,0.0074085544
0.1,547,0.0011361414,-0.0067421975,0.007878339
0.1,548,0.047715261,0.039819456,0.0078958057
0.1,549,0.10688464,0.11424107,-0.0073564303
0.1,550,-0.005151577,-0.012212439,0.0070608617
0.1,551,0.095416295,0.088574249,0.0068420452
0.1,552,0.019465467,0.013641718,0.0058237487
0.1,553,0.047976246,0.043537549,0.0044386964
0.1,554,0.098879275,0.091528445,0.0073508302
0.1,555,0.044162495,0.037480819,0.0066816757
0.1,556,0.10520922,0.10782367,-0.0026144557
0.1,557,0.040792891,0.049226293,-0.0084334021
0.1,558,0.027939673,0.020926068,0.0070136056
0.1,559,0.079942717,0.10725933,-0.02731661
0.1,560,0.086707611,0.079882023,0.0068255879
0.1,561,0.11304026,0.11012101,0.0029192526
0.1,562,0.066715932,0.058135819,0.0085801131
0.1,563,-0.016774335,-0.021869244,0.0050949093
0.1,564,0.088115796,0.079620522,0.0084952737
0.1,565,0.066370732,0.061127666,0.0052430659
0.1,566,0.020934041,0.031333291,-0.010399251
0.1,567,0.053285959,0.051934701,0.0013512585
0.1,568,0.040049817,0.033619156,0.0064306608
0.1,569,0.029076335,0.020712749,0.0083635863
0.1,570,0.075126396,0.077447296,-0.0023209005
0.1,571,0.018331149,0.011886315,0.0064448342
0.1,572,0.025748376,0.021040634,0.0047077422
0.1,573,0.014270466,0.0093333588,0.0049371073
0.1,574,0.030789489,0.030965894,-0.00017640517
0.1,575,0.052511752,0.045794594,0.0067171578
0.1,576,0.11088668,0.11009995,0.00078672848
0.1,577,0.081371061,0.073727281,0.0076437806
0.1,578,0.032725565,0.026013123,0.0067124424
0.1,579,0.046257913,0.047201302,-0.00094338955
0.1,580,0.090797526,0.084705605,0.006091921
0.1,581,0.0498043,0.047237931,0.0025663689
0.1,582,0.10456113,0.098395535,0.0061655963
0.1,583,0.029051344,0.021503133,0.0075482115
0.1,584,0.060024545,0.052263639,0.0077609053
0.1,585,0.042778822,0.060212085,-0.017433263
0.1,586,-0.026451206,-0.004681079,-0.021770127
0.1,587,0.0074305153,0.0016151326,0.0058153827
0.1,588,0.05652583,0.060065811,-0.0035399806
0.1,589,0.053252221,0.05083623,0.002415991
0.1,590,0.088704504,0.092596247,-0.0038917435
0.1,591,0.11473099,0.11402881,0.00070218316
0.1,592,0.040323569,0.032561256,0.0077623129
0.1,593,-0.039485174,-0.045715899,0.0062307245
0.1,594,0.063303442,0.065686586,-0.0023831437
0.1,595,0.093017163,0.086908211,0.0061089517
0.1,596,0.054980481,0.050886923,0.0040935579
0.1,597,0.050022919,0.044096026,0.0059268922
0.1,598,0.093778749,0.085658752,0.0081199973
0.1,599,0.048408776,0.046948185,0.001460591
0.1,600,0.091668151,0.10109498,-0.0094268283
0.1,601,0.044460969,0.037533464,0.006927505
0.1,602,0.096329961,0.090167742,0.0061622185
0.1,603,0.040092316,0.033589317,0.0065029996
0.1,604,0.050209285,0.096537153,-0.046327868
0.1,605,0.050898082,0.066639083,-0.015741001
0.1,606,0.0078516343,0.024402236,-0.016550602
0.1,607,0.068113561,0.062456139,0.0056574218
0.1,608,0.049145434,0.043174994,0.0059704394
0.1,609,0.039768295,0.032110284,0.0076580106
0.1,610,0.011897749,0.023340555,-0.011442806
0.1,611,0.028409951,0.024530014,0.0038799368
0.1,612,0.048495553,0.053248073,-0.0047525196
0.1,613,0.081080439,0.077083539,0.0039969004
0.1,614,0.066579011,0.071785495,-0.0052064848
0.1,615,0.10486468,0.095867827,0.008996855
0.1,616,0.09256347,0.08741521,0.0051482599
0.1,617,0.035333956,0.026926695,0.0084072611
0.1,618,0.047405676,0.040662689,0.006742987
0.1,619,0.026462751,0.026644097,-0.00018134642
0.1,620,0.11117907,0.1286521,-0.01747303
0.1,621,0.05628856,0.054169233,0.0021193272
0.1,622,0.057926338,0.055096928,0.0028294104
0.1,623,0.010758208,0.01453983,-0.003781622
0.1,624,0.045520476,0.041287542,0.0042329336
0.1,625,0.0033178111,0.0022934952,0.0010243159
0.1,626,0.066220283,0.059993662,0.006226621
0.1,627,0.071684356,0.069003928,0.0026804285
0.1,628,0.05083249,0.043611506,0.007220984
0.1,629,0.10676547,0.098943021,0.0078224509
0.1,630,-0.0086920445,-0.013418743,0.0047266988
0.1,631,0.0087503344,0.0013132965,0.0074370379
0.1,632,0.012617981,0.023746108,-0.011128128
0.1,633,1.920683e-05,-0.0048957898,0.0049149967
0.1,634,0.10321182,0.094643011,0.0085688113
0.1,635,0.10405483,0.097488257,0.0065665762
0.1,636,0.052776122,0.050908105,0.0018680175
0.1,637,0.014109961,0.014326687,-0.00021672578
0.1,638,0.092805492,0.087927197,0.0048782956
0.1,639,0.070850348,0.062017308,0.0088330395
0.1,640,0.050970183,0.040794874,0.010175309
0.1,641,0.047675636,0.040913772,0.0067618647
0.1,642,0.090235723,0.083256262,0.0069794612
0.1,643,0.039936259,0.046083136,-0.006146877
0.1,644,0.019765848,0.012403907,0.0073619415
0.1,645,0.019613603,0.019086038,0.00052756526
0.1,646,0.10394967,0.099234706,0.0047149654
0.1,647,0.028156314,0.023320079,0.0048362356
0.1,648,0.05069071,0.048697004,0.0019937056
0.1,649,0.11371923,0.10357408,0.010145152
0.1,650,0.048679903,0.051922504,-0.0032426012
0.1,651,0.11926675,0.12012551,-0.00085876051
0.1,652,0.079617341,0.075460633,0.0041567087
0.1,653,0.029155103,0.036102124,-0.0069470204
0.1,654,0.14446785,0.14369219,0.00077565458
0.1,655,0.051976267,0.042784836,0.0091914307
0.1,656,0.14699628,0.13902762,0.0079686549
0.1,657,0.037250837,0.046528843,-0.0092780065
0.1,658,0.030017049,0.021732322,0.0082847266
0.1,659,0.090106069,0.084798758,0.0053073114
0.1,660,0.054911705,0.05026076,0.0046509445
0.1,661,0.070774768,0.072391409,-0.0016166408
0.1,662,0.04856487,0.048275617,0.00028925286
0.1,663,0.037699903,0.029856163,0.0078437394
0.1,664,0.067178138,0.063608273,0.0035698656
0.1,665,0.10196942,0.10458749,-0.0026180706
0.1,666,0.076899809,0.071452053,0.0054477565
0.1,667,0.037480613,0.048066339,-0.010585726
0.1,668,0.07897899,0.097459048,-0.018480058
0.1,669,0.039236447,0.03358187,0.005654577
0.1,670,0.043773415,0.038015571,0.005757844
0.1,671,0.086501323,0.082002633,0.00449869
0.1,672,0.12158582,0.12477822,-0.0031923968
0.1,673,0.017492592,0.01165081,0.0058417823
0.1,674,0.064671064,0.057186313,0.0074847517
0.1,675,0.056531707,0.062843616,-0.0063119092
0.1,676,0.092714322,0.084009917,0.0087044048
0.1,677,0.020873559,0.027201173,-0.0063276141
0.1,678,0.10504526,0.10427403,0.00077123577
0.1,679,0.12034299,0.11963088,0.00071211208
0.1,680,0.1284265,0.12909939,-0.0006728941
0.1,681,0.064870687,0.070691255,-0.0058205683
0.1,682,0.049928475,0.041497278,0.0084311978
0.1,683,0.057531171,0.095775705,-0.038244534
0.1,684,0.12321464,0.14522352,-0.022008881
0.1,685,0.072427374,0.067903164,0.0045242101
0.1,686,0.11733216,0.13327923,-0.015947068
0.1,687,0.094012886,0.090392861,0.0036200253
0.1,688,0.081770757,0.073770924,0.0079998331
0.1,689,0.0086978981,0.01603885,-0.007340952
0.1,690,0.089075659,0.080259556,0.0088161035
0.1,691,0.012968865,0.017936386,-0.0049675213
0.1,692,0.043258976,0.034724022,0.0085349535
0.1,693,0.022099861,0.015919135,0.0061807255
0.1,694,0.034564182,0.028747276,0.0058169058
0.1,695,0.11447037,0.10678931,0.0076810685
0.1,696,0.088873206,0.080536362,0.0083368443
0.1,697,0.12631031,0.12102846,0.0052818489
0.1,698,0.0068864287,6.1383017e-06,0.0068802904
0.1,699,0.098988537,0.098749592,0.00023894489
0.1,700,0.10538873,0.098224394,0.0071643395
0.1,701,0.1451483,0.15131198,-0.0061636792
0.1,702,0.074685739,0.065268333,0.0094174067
0.1,703,-0.0036744273,-0.010707593,0.0070331655
0.1,704,0.15040124,0.17631917,-0.025917929
0.1,705,0.067067472,0.058673744,0.008393728
0.1,706,0.080413692,0.073751543,0.0066621489
0.1,707,0.050279321,0.043897481,0.0063818403
0.1,708,-0.0065968713,-0.012671462,0.0060745907
0.1,709,0.056146506,0.049235483,0.0069110234
0.1,710,0.05082659,0.042947087,0.0078795026
0.1,711,0.13938446,0.13102834,0.0083561217
0.1,712,0.13481267,0.12815847,0.0066542011
0.1,713,0.020761015,0.024026551,-0.0032655359
0.1,714,0.056895184,0.050261931,0.0066332527
0.1,715,0.022428104,0.017521492,0.004906612
0.1,716,0.086060727,0.078423057,0.0076376705
0.1,717,0.078661089,0.072660991,0.0060000972
0.1,718,0.054611693,0.055161917,-0.00055022475
0.1,719,0.11231043,0.10787605,0.0044343816
0.1,720,0.06847769,0.060688157,0.0077895333
0.1,721,0.054540842,0.056721519,-0.0021806769
0.1,722,0.04345773,0.045010813,-0.0015530835
0.1,723,0.056479005,0.0635584,-0.0070793954
0.1,724,0.033192709,0.029761976,0.0034307336
0.1,725,0.056391951,0.063862128,-0.0074701775
0.1,726,-0.015854935,-0.023329879,0.0074749439
0.1,727,0.016019649,0.0081137082,0.0079059411
0.1,728,0.14755282,0.14309062,0.004462195
0.1,729,0.12156119,0.14072152,-0.019160332
0.1,730,0.10162232,0.09386159,0.0077607301
0.1,731,0.07227338,0.065469155,0.006804225
0.1,732,0.073582724,0.077001691,-0.0034189671
0.1,733,0.043853241,0.053707895,-0.0098546538
0.1,734,0.06614078,0.061602585,0.0045381941
0.1,735,0.10652702,0.09894553,0.0075814899
0.1,736,0.042786255,0.04599489,-0.0032086357
0.1,737,0.054665853,0.057358757,-0.0026929047
0.1,738,0.069980942,0.078244107,-0.0082631647
0.1,739,0.0059340202,0.0050301755,0.00090384464
0.1,740,0.077286037,0.10174484,-0.024458805
0.1,741,0.048967552,0.05069129,-0.0017237377
0.1,742,0.057046935,0.049456438,0.007590497
0.1,743,0.12263482,0.1184085,0.0042263141
0.1,744,0.078789506,0.079070829,-0.00028132223
0.1,745,0.031563914,0.026531848,0.0050320658
0.1,746,0.012102423,0.0075086066,0.0045938161
0.1,747,0.075408882,0.082807274,-0.0073983918
0.1,748,0.060599676,0.054051606,0.00654807
0.1,749,0.036925893,0.032056847,0.0048690452
0.1,750,0.094348611,0.086078356,0.008270255
0.1,751,0.071242408,0.067467161,0.0037752472
0.1,752,0.018301164,0.01603158,0.0022695844
0.1,753,0.061041918,0.053173755,0.007868163
0.1,754,0.069272713,0.061059225,0.0082134882
0.1,755,0.064536607,0.056254428,0.0082821795
0.1,756,0.10687987,0.13082483,-0.023944957
0.1,757,0.046333631,0.049096896,-0.002763265
0.1,758,0.05326899,0.049009181,0.0042598096
0.1,759,0.035514394,0.036109498,-0.00059510395
0.1,760,0.082247485,0.073922595,0.0083248908
0.1,761,0.060321803,0.060991679,-0.00066987644
0.1,762,0.017732521,0.0093482525,0.0083842683
0.1,763,0.027256349,0.025159127,0.0020972217
0.1,764,0.080942534,0.074939028,0.0060035064
0.1,765,0.10648348,0.098963239,0.0075202376
0.1,766,0.074117073,0.066293828,0.007823246
0.1,767,0.086392879,0.086769335,-0.00037645575
0.1,768,0.063492762,0.055467467,0.0080252947
0.1,769,0.057326186,0.050412485,0.0069137016
0.1,770,0.10451678,0.093501733,0.011015043
0.1,771,0.075785414,0.067066426,0.0087189875
0.1,772,0.01013289,0.012208049,-0.0020751585
0.1,773,0.099709459,0.097971688,0.0017377712
0.1,774,0.073670361,0.098295635,-0.024625274
0.1,775,0.049702668,0.045981248,0.0037214206
0.1,776,0.039275224,0.032243444,0.0070317796
0.1,777,0.031349177,0.024247149,0.0071020286
0.1,778,0.017586699,0.0093605472,0.0082261516
0.1,779,0.047251478,0.048160334,-0.00090885565
0.1,780,0.046710455,0.051902406,-0.0051919514
0.1,781,0.087395655,0.079201348,0.0081943065
0.1,782,0.034563809,0.029471564,0.0050922452
0.1,783,0.062832807,0.05699784,0.0058349671
0.1,784,-0.0013612581,0.012813331,-0.014174589
0.1,785,0.058472632,0.05035502,0.0081176115
0.1,786,0.12389744,0.12530843,-0.0014109889
0.1,787,0.027745591,0.022781525,0.0049640658
0.1,788,0.045472074,0.051620165,-0.0061480913
0.1,789,0.032171606,0.025447794,0.0067238119
0.1,790,0.056316367,0.050826824,0.0054895427
0.1,791,0.090899889,0.10696559,-0.016065706
0.1,792,0.085608726,0.078421485,0.0071872408
0.1,793,0.078862475,0.070252161,0.0086103148
0.1,794,0.1278512,0.1343247,-0.0064734942
0.1,795,0.076019716,0.075067723,0.00095199263
0.1,796,0.0024459859,-0.0060743453,0.0085203312
0.1,797,0.089036804,0.090906367,-0.0018695621
0.1,798,0.026714926,0.02095334,0.0057615857
0.1,799,0.089960056,0.09216385,-0.0022037943
0.1,800,0.11075035,0.10387355,0.0068767997
0.1,801,0.048672938,0.060354974,-0.011682036
0.1,802,0.11101128,0.10322028,0.0077909976
0.1,803,0.051263239,0.044969592,0.0062936467
0.1,804,0.0032356697,-0.00072913902,0.0039648087
0.1,805,0.079333925,0.076582082,0.002751843
0.1,806,0.073682276,0.066047032,0.0076352442
0.1,807,0.058381581,0.069683194,-0.011301613
0.1,808,0.016614135,0.012131894,0.0044822406
0.1,809,0.035152634,0.027537494,0.0076151403
0.1,810,0.01661997,0.037566161,-0.020946191
0.1,811,0.10196889,0.094632732,0.0073361577
0.1,812,0.13588592,0.12681473,0.0090711886
0.1,813,0.098855644,0.093521248,0.0053343954
0.1,814,0.041873968,0.036251364,0.005622604
0.1,815,0.089248742,0.085807284,0.0034414583
0.1,816,0.044313584,0.040489283,0.0038243013
0.1,817,0.066800264,0.065228579,0.001571685
0.1,818,0.077997491,0.078312299,-0.00031480785
0.1,819,0.050052589,0.042361176,0.0076914134
0.1,820,0.100869,0.10552321,-0.0046542041
0.1,821,0.083995836,0.075697158,0.008298678
0.1,822,0.058377403,0.053290995,0.0050864081
0.1,823,0.084362302,0.08013777,0.0042245322
0.1,824,0.07937057,0.074210946,0.0051596244
0.1,825,0.025207298,0.017559409,0.0076478886
0.1,826,0.070178613,0.063046669,0.0071319441
0.1,827,-0.0039242571,-0.010595694,0.0066714373
0.1,828,0.011570831,0.010894637,0.00067619351
0.1,829,0.01447137,0.010908542,0.0035628279
0.1,830,0.035537816,0.0286272,0.0069106163
0.1,831,0.062698784,0.062072826,0.00062595792
0.1,832,0.055084444,0.046473126,0.0086113176
0.1,833,0.033337479,0.027476006,0.0058614729
0.1,834,0.11808835,0.11326957,0.0048187842
0.1,835,0.064793895,0.061415112,0.0033787829
0.1,836,0.071879283,0.078839254,-0.006959971
0.1,837,0.040186095,0.033251423,0.0069346719
0.1,838,0.019384199,0.019598848,-0.00021464971
0.1,839,0.010477768,0.0033227794,0.007154989
0.1,840,0.062553707,0.055287977,0.0072657299
0.1,841,0.011264214,0.0038664569,0.0073977567
0.1,842,0.078596619,0.077189878,0.0014067405
0.1,843,0.071254115,0.060980585,0.010273531
0.1,844,0.082733756,0.07698145,0.0057523065
0.1,845,-0.0049033713,0.0012250914,-0.0061284627
0.1,846,0.082273652,0.086830703,-0.0045570511
0.1,847,0.011852045,0.0043192278,0.0075328173
0.1,848,0.084250264,0.085445542,-0.0011952774
0.1,849,0.034508842,0.026937146,0.0075716954
0.1,850,0.093546006,0.10275709,-0.0092110866
0.1,851,0.017747938,0.034572014,-0.016824077
0.1,852,0.049973258,0.042991382,0.0069818755
0.1,853,0.012055874,0.010407954,0.0016479203
0.1,854,0.060565528,0.055643937,0.004921591
0.1,855,0.096837117,0.10029141,-0.0034542934
0.1,856,0.0048289336,-0.00143776,0.0062666936
0.1,857,0.047512486,0.03913173,0.0083807563
0.1,858,0.01228142,0.0090153793,0.0032660405
0.1,859,0.023569722,0.048838583,-0.025268861
0.1,860,0.0595114,0.062094826,-0.0025834258
0.1,861,0.045688723,0.05031127,-0.0046225471
0.1,862,0.099814505,0.11557505,-0.015760544
0.1,863,0.038815571,0.030479482,0.0083360893
0.1,864,0.12326069,0.11647373,0.0067869642
0.1,865,0.10206865,0.094237604,0.0078310496
0.1,866,0.044500268,0.039163181,0.0053370864
0.1,867,-0.01022627,-0.018008668,0.0077823975
0.1,868,0.046889548,0.047070107,-0.00018055929
0.1,869,0.068891218,0.059944018,0.0089472002
0.1,870,0.069837531,0.062592989,0.0072445422
0.1,871,-0.0067276021,-0.0035261191,-0.0032014829
0.1,872,0.11517129,0.13028167,-0.015110388
0.1,873,0.10186977,0.10130351,0.00056626466
0.1,874,0.079998752,0.075093224,0.004905528
0.1,875,0.13252951,0.12608861,0.0064409069
0.1,876,0.055694369,0.063984383,-0.008290014
0.1,877,0.057568925,0.061509433,-0.0039405086
0.1,878,0.057511871,0.051005439,0.0065064318
0.1,879,0.050340255,0.041940546,0.008399709
0.1,880,-0.023265251,-0.025481516,0.002216265
0.1,881,-0.004027601,0.00087483283,-0.0049024338
0.1,882,-0.013015835,-0.021046773,0.008030938
0.1,883,0.056074588,0.052575377,0.0034992113
0.1,884,0.087518773,0.080796356,0.0067224166
0.1,885,0.080349593,0.072115316,0.0082342766
0.1,886,0.039384319,0.03147039,0.0079139283
0.1,887,0.073621389,0.065243526,0.0083778635
0.1,888,0.062975773,0.085493716,-0.022517943
0.1,889,0.068685079,0.063153158,0.005531921
0.1,890,0.10313705,0.096884736,0.0062523155
0.1,891,0.064479481,0.058175373,0.0063041079
0.1,892,0.15593644,0.15024689,0.0056895432
0.1,893,0.12256616,0.11434664,0.0082195223
0.1,894,0.020297404,0.018040191,0.0022572136
0.1,895,0.073893842,0.069809008,0.004084834
0.1,896,0.042993211,0.047123742,-0.0041305306
0.1,897,0.07264477,0.068033213,0.0046115565
0.1,898,0.090303701,0.094128552,-0.0038248513
0.1,899,0.040982784,0.03280876,0.008174024
0.1,900,0.023572923,0.015726547,0.0078463764
0.1,901,0.038465234,0.056815707,-0.018350473
0.1,902,0.065921152,0.068430508,-0.0025093559
0.1,903,0.062462014,0.060937451,0.0015245631
0.1,904,0.072604047,0.10928521,-0.036681166
0.1,905,0.051614488,0.050223124,0.0013913645
0.1,906,0.049877975,0.043701828,0.0061761475
0.1,907,0.091881364,0.088935456,0.0029459087
0.1,908,-0.0071518806,-0.014099043,0.0069471628
0.1,909,0.065671929,0.092742225,-0.027070296
0.1,910,0.078930217,0.070528346,0.0084018714
0.1,911,0.072151485,0.08518971,-0.013038225
0.1,912,0.12086371,0.11164596,0.0092177509
0.1,913,-0.00042726022,-0.0075279478,0.0071006876
0.1,914,0.042599441,0.041932577,0.0006668639
0.1,915,0.058032336,0.050013962,0.0080183737
0.1,916,0.0750438,0.079736837,-0.0046930366
0.1,917,0.025392214,0.016635907,0.0087563076
0.1,918,0.027162846,0.043652536,-0.01648969
0.1,919,0.08977012,0.082877422,0.0068926982
0.1,920,-0.011236955,-0.018971876,0.007734921
0.1,921,0.014971964,0.0099408984,0.0050310659
0.1,922,0.066908638,0.057703937,0.0092047003
0.1,923,0.090869813,0.084138299,0.0067315135
0.1,924,0.038555528,0.040447138,-0.0018916101
0.1,925,-0.021333591,-0.02627163,0.0049380394
0.1,926,0.066852851,0.069375978,-0.0025231278
0.1,927,0.063303808,0.055529749,0.0077740589
0.1,928,0.048656566,0.043367089,0.0052894773
0.1,929,0.087608586,0.078782599,0.0088259868
0.1,930,0.057614083,0.052145481,0.0054686022
0.1,931,0.088555498,0.084175142,0.0043803561
0.1,932,0.00043658747,0.019569968,-0.019133381
0.1,933,0.0052317256,-0.0033505837,0.0085823093
0.1,934,0.058162362,0.050725283,0.0074370796
0.1,935,0.12590792,0.11824846,0.0076594549
0.1,936,0.022887738,0.015410704,0.0074770337
0.1,937,0.07701128,0.076794184,0.00021709578
0.1,938,0.060065858,0.057617558,0.0024483001
0.1,939,0.111913,0.12077819,-0.0088651902
0.1,940,0.16489465,0.17836508,-0.013470434
0.1,941,0.10195447,0.094426199,0.0075282736
0.1,942,0.081862822,0.09840894,-0.016546118
0.1,943,0.052329107,0.044824695,0.0075044112
0.1,944,-0.0016010194,-0.0099158026,0.0083147832
0.1,945,0.044828073,0.037061558,0.0077665146
0.1,946,0.11352528,0.10403839,0.0094868878
0.1,947,0.036448798,0.03696602,-0.0005172212
0.1,948,0.12522556,0.11702706,0.0081985003
0.1,949,0.085346931,0.077798547,0.0075483834
0.1,950,0.071499452,0.065117761,0.0063816909
0.1,951,0.08689855,0.085174259,0.0017242911
0.1,952,0.065917618,0.076684243,-0.010766625
0.1,953,0.083974113,0.07756038,0.0064137332
0.1,954,0.071802316,0.067465214,0.0043371022
0.1,955,0.051831786,0.05148924,0.00034254623
0.1,956,0.048500243,0.066677304,-0.018177062
0.1,957,0.044093763,0.068505218,-0.024411456
0.1,958,0.017163685,0.017997396,-0.00083371196
0.1,959,0.023361908,0.029680766,-0.0063188585
0.1,960,0.090668462,0.093778594,-0.0031101326
0.1,961,0.043889021,0.043317815,0.00057120532
0.1,962,0.12475547,0.1399318,-0.015176325
0.1,963,0.051412704,0.044103339,0.007309365
0.1,964,0.069598774,0.073032679,-0.0034339054
0.1,965,0.051414637,0.043572849,0.0078417888
0.1,966,0.096447273,0.1022272,-0.0057799227
0.1,967,0.035105845,0.027842054,0.0072637914
0.1,968,0.060408985,0.07449219,-0.014083205
0.1,969,0.024575286,0.019694496,0.0048807895
0.1,970,0.069380792,0.061028831,0.0083519609
0.1,971,0.049917283,0.040499328,0.0094179551
0.1,972,0.014126663,0.0091731605,0.0049535029
0.1,973,0.064224224,0.061779798,0.0024444266
0.1,974,0.024528886,0.026619516,-0.00209063
0.1,975,0.086187954,0.07808182,0.0081061347
0.1,976,0.063089191,0.055148957,0.007940234
0.1,977,0.089122965,0.081849335,0.0072736304
0.1,978,0.088605801,0.11884436,-0.030238562
0.1,979,0.033221127,0.025758543,0.0074625849
0.1,980,0.025350633,0.036720872,-0.011370238
0.1,981,0.090673316,0.09005119,0.00062212628
0.1,982,0.13377367,0.13036782,0.0034058505
0.1,983,0.044397879,0.040434901,0.0039629781
0.1,984,0.028461164,0.033427605,-0.0049664418
0.1,985,-0.0048776247,0.00062957696,-0.0055072017
0.1,986,0.037169945,0.029139512,0.0080304326
0.1,987,0.067177291,0.059695174,0.0074821169
0.1,988,0.080941395,0.075532328,0.0054090666
0.1,989,0.040554271,0.0327164,0.0078378706
0.1,990,0.047065154,0.057804285,-0.010739131
0.1,991,0.00074555492,-0.0064941174,0.0072396723
0.1,992,0.025001477,0.023795845,0.0012056313
0.1,993,0.063838366,0.067761611,-0.0039232446
0.1,994,-0.0085801768,-0.0060700436,-0.0025101333
0.1,995,0.097378219,0.1050538,-0.0076755796
0.1,996,0.090893972,0.1017642,-0.010870229
0.1,997,0.091289714,0.088332934,0.0029567805
0.1,998,0.054815926,0.047773257,0.0070426692
0.1,999,0.030039006,0.02216268,0.0078763263
0.2,0,0.046736364,0.038847182,0.0078891816
0.2,1,0.067962542,0.061963054,0.0059994887
0.2,2,0.0051588957,0.00090027793,0.0042586178
0.2,3,0.053976505,0.047424736,0.0065517694
0.2,4,0.031558389,0.032160152,-0.0006017629
0.2,5,0.0050512067,0.00091816297,0.0041330437
0.2,6,0.029969392,0.036680053,-0.0067106617
0.2,7,0.10480241,0.12229483,-0.017492419
0.2,8,0.057137374,0.057761804,-0.00062443007
0.2,9,0.028054162,0.02131226,0.0067419019
0.2,10,0.041533119,0.060980968,-0.019447849
0.2,11,0.059759357,0.055348601,0.0044107555
0.2,12,0.069700938,0.067626314,0.0020746239
0.2,13,0.092129042,0.083973227,0.0081558152
0.2,14,0.038273875,0.031135803,0.007138072
0.2,15,0.028950454,0.024271673,0.0046787813
0.2,16,0.086525863,0.077009172,0.0095166908
0.2,17,0.076930155,0.068095458,0.0088346972
0.2,18,0.035342573,0.054507553,-0.01916498
0.2,19,0.058528017,0.070811671,-0.012283654
0.2,20,0.10667556,0.11610492,-0.0094293591
0.2,21,0.071779458,0.064385326,0.007394132
0.2,22,0.12600986,0.1194252,0.0065846605
0.2,23,0.11296884,0.12048257,-0.0075137269
0.2,24,0.047591627,0.045001939,0.0025896885
0.2,25,-0.0096332013,0.0079433894,-0.017576591
0.2,26,0.031014194,0.026546984,0.0044672109
0.2,27,0.038087796,0.03111875,0.0069690465
0.2,28,0.11328621,0.1044513,0.0088349079
0.2,29,0.015083727,0.0081735574,0.0069101692
0.2,30,-0.015244799,0.0093078363,-0.024552636
0.2,31,0.038110365,0.031110431,0.0069999344
0.2,32,0.034827601,0.045920351,-0.01109275
0.2,33,0.040051303,0.035874394,0.0041769084
0.2,34,0.10042655,0.10558812,-0.0051615751
0.2,35,0.088412454,0.082821093,0.0055913608
0.2,36,0.079148085,0.072154349,0.006993736
0.2,37,0.08455004,0.077511598,0.0070384429
0.2,38,0.13672672,0.15570032,-0.018973599
0.2,39,0.061126809,0.076449902,-0.015323093
0.2,40,0.075978622,0.07783951,-0.0018608881
0.2,41,0.038989527,0.036062584,0.0029269428
0.2,42,0.11214673,0.10780103,0.0043456985
0.2,43,0.052222002,0.050095723,0.0021262793
0.2,44,0.10076449,0.095848321,0.0049161647
0.2,45,0.034091311,0.045990141,-0.011898831
0.2,46,0.050062173,0.051470892,-0.0014087191
0.2,47,0.076561995,0.068196593,0.0083654025
0.2,48,0.033016078,0.028711874,0.0043042035
0.2,49,0.033867434,0.030005943,0.0038614902
0.2,50,0.057597272,0.06007267,-0.0024753985
0.2,51,0.050765988,0.044828348,0.0059376401
0.2,52,0.014239049,0.011814194,0.0024248547
0.2,53,0.12110694,0.12257363,-0.0014666889
0.2,54,0.075789234,0.069742782,0.0060464521
0.2,55,0.017665846,0.013942884,0.0037229614
0.2,56,0.039113625,0.050628948,-0.011515322
0.2,57,0.10726237,0.099979297,0.0072830683
0.2,58,0.097133173,0.10445652,-0.0073233461
0.2,59,0.035661069,0.048544706,-0.012883637
0.2,60,0.080579193,0.073109653,0.0074695403
0.2,61,0.058984438,0.055201372,0.0037830654
0.2,62,0.089142798,0.082279273,0.0068635251
0.2,63,0.050876105,0.047817345,0.0030587604
0.2,64,0.099188236,0.090598749,0.0085894878
0.2,65,0.01389595,0.0090467495,0.0048492005
0.2,66,0.083502778,0.081976821,0.0015259572
0.2,67,0.05351772,0.044586957,0.0089307635
0.2,68,0.061042937,0.052140797,0.0089021407
0.2,69,0.10070528,0.092086622,0.0086186531
0.2,70,0.071793602,0.073597235,-0.0018036334
0.2,71,0.05246559,0.047404609,0.0050609807
0.2,72,0.083204643,0.075211344,0.0079932984
0.2,73,0.073837483,0.072002584,0.001834899
0.2,74,0.032022239,0.025848711,0.0061735274
0.2,75,0.027881711,0.022820872,0.0050608396
0.2,76,0.094015653,0.087992798,0.0060228553
0.2,77,0.15295284,0.15381817,-0.00086532944
0.2,78,0.10228492,0.093106374,0.0091785449
0.2,79,0.11713875,0.129828,-0.012689246
0.2,80,0.012075335,0.0053062268,0.0067691083
0.2,81,0.096295628,0.11521375,-0.018918122
0.2,82,0.012477312,0.011814101,0.00066321044
0.2,83,0.061157176,0.05725958,0.0038975963
0.2,84,0.038215195,0.03830021,-8.5015542e-05
0.2,85,0.095188968,0.089327042,0.0058619255
0.2,86,0.074583228,0.076392126,-0.0018088981
0.2,87,0.11040584,0.12203655,-0.011630713
0.2,88,0.02177392,0.018612051,0.0031618693
0.2,89,0.063828319,0.064280298,-0.00045197993
0.2,90,0.048507645,0.040342415,0.0081652298
0.2,91,0.0502343,0.043414566,0.0068197341
0.2,92,0.021703777,0.025328065,-0.0036242877
0.2,93,0.061789407,0.059742643,0.0020467644
0.2,94,0.081321972,0.11423162,-0.032909653
0.2,95,0.027270251,0.032940425,-0.0056701746
0.2,96,0.047926056,0.042975141,0.0049509159
0.2,97,0.04707919,0.048875813,-0.0017966233
0.2,98,0.053451503,0.055110871,-0.0016593675
0.2,99,0.077655339,0.071696453,0.0059588862
0.2,100,0.083165794,0.079667843,0.0034979511
0.2,101,0.071216074,0.11490105,-0.043684972
0.2,102,0.034271373,0.027477892,0.0067934808
0.2,103,0.047663425,0.041158657,0.0065047687
0.2,104,0.07276158,0.066076498,0.0066850819
0.2,105,0.095763685,0.088817071,0.0069466137
0.2,106,0.07498409,0.070356132,0.0046279576
0.2,107,0.082610991,0.080589333,0.0020216586
0.2,108,-0.0026727265,0.054679894,-0.057352621
0.2,109,0.15093302,0.14483041,0.0061026063
0.2,110,0.073424466,0.066983195,0.0064412709
0.2,111,0.087269452,0.084493311,0.002776141
0.2,112,0.04215587,0.040415545,0.0017403258
0.2,113,0.12102747,0.11357219,0.0074552811
0.2,114,0.10382468,0.095468765,0.0083559108
0.2,115,0.11038708,0.1051705,0.0052165785
0.2,116,0.089953453,0.081789482,0.008163971
0.2,117,0.018438228,0.036228218,-0.01778999
0.2,118,0.01864698,0.0086826874,0.0099642931
0.2,119,0.041583129,0.038445994,0.0031371347
0.2,120,0.049439987,0.042140084,0.0072999028
0.2,121,0.00090260872,-0.0015561425,0.0024587512
0.2,122,0.062987815,0.064627126,-0.0016393111
0.2,123,0.043363652,0.053013504,-0.0096498526
0.2,124,0.059715285,0.053384003,0.0063312815
0.2,125,0.051485239,0.044444158,0.0070410807
0.2,126,0.1037904,0.10097012,0.0028202802
0.2,127,0.090467674,0.10325893,-0.012791251
0.2,128,0.10602437,0.11645067,-0.010426305
0.2,129,-0.041736471,-0.048162756,0.0064262852
0.2,130,0.12662566,0.14751379,-0.020888123
0.2,131,0.062242315,0.055146861,0.0070954547
0.2,132,0.06689643,0.076508075,-0.0096116452
0.2,133,0.10006791,0.089837111,0.0102308
0.2,134,0.11556037,0.10682763,0.0087327443
0.2,135,0.072987117,0.06705088,0.005936237
0.2,136,0.026491893,0.02968643,-0.0031945362
0.2,137,0.026448146,0.017556745,0.0088914007
0.2,138,0.12566692,0.1632076,-0.037540681
0.2,139,0.096419087,0.089902803,0.0065162842
0.2,140,0.087657897,0.090012013,-0.0023541161
0.2,141,0.054719499,0.059211663,-0.004492164
0.2,142,0.047993693,0.072393026,-0.024399332
0.2,143,0.052464445,0.076848692,-0.024384247
0.2,144,0.053356645,0.044159838,0.009196807
0.2,145,0.12289047,0.11590727,0.0069832009
0.2,146,0.071243994,0.073177329,-0.0019333345
0.2,147,0.059495151,0.052981093,0.0065140583
0.2,148,0.090147415,0.088947207,0.0012002073
0.2,149,0.072669658,0.066034798,0.0066348603
0.2,150,0.096532707,0.088077165,0.0084555422
0.2,151,0.082298685,0.073958186,0.0083404987
0.2,152,0.055988346,0.05858609,-0.0025977439
0.2,153,-0.037999974,-0.044579987,0.0065800128
0.2,154,0.051801241,0.063225673,-0.011424432
0.2,155,0.062411496,0.053756255,0.0086552412
0.2,156,0.047180572,0.047255186,-7.4614507e-05
0.2,157,0.11554896,0.11017538,0.0053735765
0.2,158,0.055654485,0.054842113,0.0008123714
0.2,159,0.043349599,0.049795196,-0.0064455971
0.2,160,0.031680435,0.033182198,-0.0015017624
0.2,161,0.1091584,0.10230796,0.0068504386
0.2,162,-0.025652507,-0.027175392,0.0015228851
0.2,163,-0.0032098725,0.0089863257,-0.012196198
0.2,164,0.030340866,0.030733926,-0.00039305969
0.2,165,0.061414196,0.059700458,0.0017137382
0.2,166,0.081300413,0.072902418,0.0083979942
0.2,167,0.054200826,0.047010457,0.0071903685
0.2,168,0.12558864,0.12181434,0.0037743074
0.2,169,0.0048856762,0.00018083127,0.004704845
0.2,170,0.061556101,0.054188458,0.0073676429
0.2,171,0.11285123,0.13738472,-0.024533493
0.2,172,0.076532164,0.068557864,0.0079742994
0.2,173,0.085677472,0.091738382,-0.0060609104
0.2,174,0.092997925,0.087356367,0.0056415579
0.2,175,0.052796229,0.043832246,0.0089639827
0.2,176,0.13349393,0.12528531,0.0082086129
0.2,177,0.086814545,0.086761172,5.337303e-05
0.2,178,0.085007969,0.081134419,0.0038735502
0.2,179,0.056789904,0.048472534,0.0083173702
0.2,180,0.049348393,0.041583333,0.0077650603
0.2,181,0.048574598,0.044587238,0.0039873608
0.2,182,0.13944644,0.12892401,0.010522428
0.2,183,0.048323712,0.048976518,-0.00065280537
0.2,184,0.074127103,0.066623584,0.0075035189
0.2,185,0.058055938,0.058622331,-0.0005663925
0.2,186,0.088713152,0.123439,-0.034725844
0.2,187,0.10983479,0.10126852,0.0085662662
0.2,188,0.13787857,0.12991021,0.0079683513
0.2,189,0.015272575,0.023836905,-0.0085643296
0.2,190,0.11346249,0.1043195,0.009142997
0.2,191,0.062536376,0.073254188,-0.010717812
0.2,192,0.031026059,0.025037217,0.0059888415
0.2,193,0.13884414,0.13371491,0.0051292243
0.2,194,0.053733008,0.045353049,0.0083799593
0.2,195,0.093746925,0.086358952,0.0073879731
0.2,196,0.065548725,0.057314903,0.008233822
0.2,197,0.056452915,0.047918313,0.008534602
0.2,198,0.061317405,0.05888097,0.0024364355
0.2,199,0.1244146,0.13882006,-0.014405457
0.2,200,-0.029461846,-0.030102746,0.00064089951
0.2,201,0.052581245,0.065251681,-0.012670436
0.2,202,0.067865294,0.10781276,-0.039947462
0.2,203,0.036504673,0.028646313,0.0078583606
0.2,204,0.075108536,0.066474617,0.0086339184
0.2,205,0.075915375,0.072092503,0.0038228721
0.2,206,0.050671152,0.04744813,0.0032230223
0.2,207,0.056413771,0.048664653,0.0077491178
0.2,208,0.055982661,0.065303393,-0.009320732
0.2,209,0.071389479,0.066244838,0.0051446406
0.2,210,0.059852249,0.05679719,0.0030550587
0.2,211,0.087982497,0.080160823,0.0078216735
0.2,212,0.014003998,0.0078610781,0.00614292
0.2,213,0.054261406,0.055440798,-0.0011793923
0.2,214,0.033917877,0.050976846,-0.017058968
0.2,215,-0.011144639,-0.011439955,0.00029531635
0.2,216,0.11304669,0.12355282,-0.010506133
0.2,217,-0.0048355055,-0.0058663841,0.0010308786
0.2,218,0.089785515,0.082654687,0.0071308286
0.2,219,0.050773316,0.044168527,0.0066047897
0.2,220,0.079073401,0.080269284,-0.0011958829
0.2,221,0.068525241,0.060367146,0.008158095
0.2,222,0.063306369,0.05900182,0.0043045492
0.2,223,0.045051248,0.053462754,-0.008411506
0.2,224,0.11484954,0.1077751,0.0070744395
0.2,225,0.084116348,0.076363479,0.0077528686
0.2,226,0.061518189,0.054423177,0.0070950114
0.2,227,0.10084021,0.10413081,-0.0032905987
0.2,228,0.028770648,0.022664373,0.006106275
0.2,229,0.075546941,0.069324667,0.0062222733
0.2,230,0.11225012,0.11057422,0.0016759034
0.2,231,0.040623768,0.038814884,0.0018088837
0.2,232,0.01099235,0.003056216,0.0079361342
0.2,233,-0.017211491,-0.018348195,0.0011367031
0.2,234,0.030514512,0.026847138,0.0036673746
0.2,235,0.094386356,0.086247053,0.008139303
0.2,236,0.096135712,0.096659305,-0.00052359268
0.2,237,0.045597235,0.04001334,0.0055838942
0.2,238,0.090432736,0.088866768,0.0015659681
0.2,239,0.046960825,0.046426732,0.00053409262
0.2,240,0.080211932,0.073047227,0.0071647045
0.2,241,0.070469347,0.06389012,0.0065792267
0.2,242,0.015135957,0.0086117256,0.0065242313
0.2,243,0.017156702,0.025964016,-0.0088073136
0.2,244,0.053497007,0.076871795,-0.023374788
0.2,245,0.023120967,0.019821992,0.0032989745
0.2,246,-0.0079946759,-0.015789987,0.0077953115
0.2,247,0.016199648,0.0088523039,0.007347344
0.2,248,0.078567517,0.090135114,-0.011567597
0.2,249,0.043130127,0.044331259,-0.0012011325
0.2,250,0.09085329,0.087073017,0.0037802732
0.2,251,0.071407826,0.065855266,0.0055525598
0.2,252,0.090380176,0.092466578,-0.0020864028
0.2,253,0.055541152,0.057962958,-0.0024218059
0.2,254,0.11024695,0.10634953,0.0038974216
0.2,255,0.044053764,0.053394608,-0.009340844
0.2,256,0.019553965,0.011302078,0.0082518866
0.2,257,0.011181997,0.012697546,-0.0015155484
0.2,258,0.028070722,0.020308081,0.0077626412
0.2,259,-0.017421018,-0.019688519,0.0022675012
0.2,260,0.047525827,0.041144454,0.0063813733
0.2,261,0.04121112,0.037143401,0.0040677193
0.2,262,0.044667534,0.03651588,0.0081516543
0.2,263,0.074674502,0.073312702,0.0013617993
0.2,264,0.084654846,0.08287908,0.0017757654
0.2,265,0.032550081,0.065711778,-0.033161697
0.2,266,0.047025356,0.039490133,0.0075352225
0.2,267,0.015740922,0.016530991,-0.00079006952
0.2,268,0.036441358,0.041533219,-0.0050918612
0.2,269,0.012176757,0.0054401612,0.0067365956
0.2,270,0.03087862,0.024443394,0.0064352256
0.2,271,0.077305645,0.071434239,0.0058714064
0.2,272,0.038071786,0.031242191,0.0068295945
0.2,273,0.053396676,0.063287181,-0.0098905044
0.2,274,0.058129073,0.051421578,0.006707495
0.2,275,0.043709945,0.035534564,0.0081753811
0.2,276,0.082127404,0.084857666,-0.0027302621
0.2,277,0.081824502,0.073681697,0.0081428052
0.2,278,0.073045547,0.064188029,0.0088575181
0.2,279,0.035876817,0.065668011,-0.029791193
0.2,280,0.048304867,0.067760176,-0.019455309
0.2,281,0.022498809,0.019302277,0.0031965315
0.2,282,0.065188619,0.082859784,-0.017671165
0.2,283,0.043390956,0.037244281,0.0061466752
0.2,284,0.053736311,0.048988788,0.0047475239
0.2,285,0.097467852,0.095501368,0.0019664837
0.2,286,0.049383139,0.045212719,0.0041704205
0.2,287,0.054885679,0.063449077,-0.0085633977
0.2,288,0.046664458,0.040037137,0.0066273216
0.2,289,0.10743009,0.10548373,0.0019463578
0.2,290,0.05034314,0.045151765,0.0051913748
0.2,291,0.068783436,0.066526755,0.0022566818
0.2,292,0.064253771,0.072644886,-0.0083911155
0.2,293,0.07167644,0.089433969,-0.017757529
0.2,294,0.043606884,0.060467366,-0.016860482
0.2,295,0.090003701,0.081768098,0.0082356035
0.2,296,0.040648156,0.042976997,-0.0023288407
0.2,297,0.042412467,0.037206494,0.0052059734
0.2,298,0.12692161,0.12509656,0.0018250463
0.2,299,0.10127411,0.10799762,-0.0067235118
0.2,300,0.065329217,0.085379509,-0.020050292
0.2,301,0.03709887,0.028307542,0.0087913281
0.2,302,0.024911814,0.019345921,0.0055658925
0.2,303,0.088183455,0.1135791,-0.025395648
0.2,304,0.039117586,0.039190326,-7.2740191e-05
0.2,305,0.05240187,0.048348623,0.0040532467
0.2,306,0.037803044,0.02866031,0.0091427338
0.2,307,0.070051934,0.063282689,0.0067692446
0.2,308,0.067205713,0.058085878,0.0091198341
0.2,309,0.056726537,0.073703245,-0.016976707
0.2,310,0.130127,0.13349604,-0.0033690329
0.2,311,0.075071504,0.073893744,0.0011777598
0.2,312,-0.0064003638,-0.013844564,0.0074442003
0.2,313,0.042620758,0.048142832,-0.0055220743
0.2,314,0.049006314,0.053555999,-0.0045496847
0.2,315,0.08546983,0.08735226,-0.0018824307
0.2,316,0.090334089,0.081560013,0.0087740767
0.2,317,0.14277458,0.14102232,0.0017522571
0.2,318,0.070149972,0.082086703,-0.011936731
0.2,319,0.09683666,0.088972006,0.0078646541
0.2,320,0.043903301,0.03474326,0.0091600408
0.2,321,0.12265944,0.11302526,0.0096341795
0.2,322,0.055072273,0.059590747,-0.0045184735
0.2,323,0.080609271,0.072602295,0.0080069769
0.2,324,0.04537544,0.060295608,-0.014920168
0.2,325,-0.020859323,-0.017439198,-0.0034201246
0.2,326,0.02244642,0.050833613,-0.028387193
0.2,327,0.088743435,0.082688102,0.0060553335
0.2,328,0.044484215,0.035413642,0.0090705736
0.2,329,0.071401684,0.068692924,0.0027087604
0.2,330,0.031168062,0.038827152,-0.0076590895
0.2,331,0.13433534,0.12602249,0.0083128453
0.2,332,0.070970909,0.12882902,-0.057858112
0.2,333,0.057507633,0.056862185,0.00064544774
0.2,334,0.023976216,0.01737298,0.0066032365
0.2,335,0.084754871,0.084281756,0.00047311442
0.2,336,0.063563819,0.074189273,-0.010625454
0.2,337,0.10227221,0.096556757,0.0057154481
0.2,338,0.070401004,0.06305624,0.0073447641
0.2,339,0.047571173,0.040868467,0.0067027061
0.2,340,0.10754304,0.1031124,0.0044306426
0.2,341,0.034701845,0.026159095,0.0085427499
0.2,342,0.083514922,0.084714201,-0.0011992786
0.2,343,0.065073343,0.079693913,-0.01462057
0.2,344,0.06203978,0.060885326,0.0011544542
0.2,345,0.10188094,0.099761805,0.0021191384
0.2,346,0.077961321,0.070968583,0.0069927374
0.2,347,0.085592833,0.07896368,0.0066291527
0.2,348,0.11810356,0.11432031,0.0037832483
0.2,349,0.030368682,0.025516337,0.0048523449
0.2,350,0.087829942,0.083760185,0.0040697571
0.2,351,0.049308741,0.055432718,-0.0061239767
0.2,352,0.032332077,0.02492798,0.0074040977
0.2,353,0.024123104,0.017114682,0.0070084219
0.2,354,-0.014567957,-0.019996215,0.0054282587
0.2,355,0.053009918,0.04477616,0.0082337577
0.2,356,0.047341552,0.041545316,0.0057962357
0.2,357,0.06291798,0.063990653,-0.0010726729
0.2,358,0.079853016,0.071309441,0.0085435752
0.2,359,0.082233786,0.087009056,-0.0047752705
0.2,360,0.10762766,0.15717338,-0.049545727
0.2,361,0.12063779,0.11403119,0.0066066006
0.2,362,0.11276198,0.11275681,5.1657497e-06
0.2,363,0.034788432,0.026160306,0.0086281269
0.2,364,0.073556295,0.085844908,-0.012288613
0.2,365,0.081099397,0.075014671,0.0060847256
0.2,366,0.079084112,0.070961767,0.0081223451
0.2,367,0.097059329,0.09257611,0.0044832197
0.2,368,-0.014244038,-0.021138544,0.0068945061
0.2,369,0.047973645,0.039822986,0.0081506583
0.2,370,0.08267455,0.099179303,-0.016504752
0.2,371,0.043202642,0.037446956,0.005755686
0.2,372,0.06515435,0.07687832,-0.011723969
0.2,373,0.076739971,0.067449596,0.0092903749
0.2,374,0.068623257,0.060883092,0.0077401649
0.2,375,0.00088557722,-0.0041015654,0.0049871426
0.2,376,0.044733219,0.03620198,0.0085312385
0.2,377,0.12161099,0.11414689,0.0074641039
0.2,378,0.076935418,0.092069814,-0.015134396
0.2,379,0.094143669,0.12539676,-0.031253094
0.2,380,0.028517074,0.022269697,0.0062473768
0.2,381,0.053612466,0.046193494,0.0074189722
0.2,382,0.033810591,0.040657373,-0.0068467823
0.2,383,0.058985208,0.052518205,0.0064670035
0.2,384,0.10369709,0.1127365,-0.0090394102
0.2,385,0.11740109,0.1091014,0.0082996872
0.2,386,0.029513156,0.021721383,0.0077917735
0.2,387,0.061659811,0.066622509,-0.0049626974
0.2,388,0.053093551,0.053504938,-0.00041138693
0.2,389,0.045557244,0.03755615,0.008001094
0.2,390,0.11938108,0.11318537,0.006195707
0.2,391,0.076171234,0.081034313,-0.0048630793
0.2,392,0.1049582,0.095374933,0.0095832714
0.2,393,0.068715916,0.062984952,0.0057309633
0.2,394,-0.038130456,-0.018218173,-0.019912283
0.2,395,0.080321373,0.072261349,0.0080600246
0.2,396,0.0091214893,0.012325694,-0.0032042045
0.2,397,0.10421083,0.096145871,0.0080649632
0.2,398,0.048623372,0.042241881,0.0063814918
0.2,399,0.026282414,0.023504988,0.0027774263
0.2,400,0.014513938,0.046174086,-0.031660148
0.2,401,0.0087069244,0.0031328092,0.0055741152
0.2,402,0.036934198,0.033129291,0.0038049067
0.2,403,0.14667175,0.16678996,-0.020118216
0.2,404,0.078335732,0.070942833,0.0073928992
0.2,405,0.10988199,0.10609022,0.0037917731
0.2,406,0.036279714,0.028277376,0.0080023383
0.2,407,0.06675136,0.058905887,0.0078454728
0.2,408,0.051130659,0.065774088,-0.014643429
0.2,409,0.072866088,0.10638153,-0.033515444
0.2,410,0.050798854,0.04290661,0.007892244
0.2,411,0.066833221,0.061054286,0.0057789355
0.2,412,-0.050925532,-0.05899029,0.008064758
0.2,413,0.031036096,0.026324216,0.0047118798
0.2,414,0.080479906,0.080177056,0.00030284996
0.2,415,0.10280619,0.098416828,0.0043893605
0.2,416,0.054186497,0.071782091,-0.017595595
0.2,417,0.049572556,0.044055349,0.005517207
0.2,418,0.087945953,0.087386341,0.00055961268
0.2,419,0.038581283,0.040474029,-0.0018927461
0.2,420,0.050436453,0.04547213,0.0049643223
0.2,421,0.065544909,0.062785086,0.0027598226
0.2,422,0.050071461,0.044051779,0.0060196822
0.2,423,0.00811334,0.0087560279,-0.00064268787
0.2,424,0.044422588,0.048085337,-0.0036627488
0.2,425,0.057567092,0.066861698,-0.0092946062
0.2,426,0.032085728,0.027105867,0.0049798611
0.2,427,0.057856273,0.054885218,0.0029710548
0.2,428,0.043006245,0.042778446,0.00022779902
0.2,429,0.068439351,0.066316109,0.0021232421
0.2,430,0.10102534,0.096674633,0.0043507112
0.2,431,0.057578985,0.054957481,0.0026215045
0.2,432,0.046261487,0.03867783,0.007583657
0.2,433,0.046594867,0.042050074,0.0045447926
0.2,434,0.058897829,0.074686468,-0.015788639
0.2,435,0.082312895,0.075687847,0.0066250489
0.2,436,0.0069215414,0.003126807,0.0037947344
0.2,437,0.020460387,0.02121958,-0.00075919301
0.2,438,0.098369287,0.090464695,0.0079045911
0.2,439,0.095837914,0.088149049,0.0076888648
0.2,440,0.07636248,0.069373529,0.0069889506
0.2,441,0.078558382,0.076937695,0.0016206867
0.2,442,0.14509751,0.14767499,-0.0025774838
0.2,443,0.086047438,0.11677417,-0.030726736
0.2,444,0.022313849,0.015218954,0.0070948947
0.2,445,0.14534776,0.13778905,0.0075587077
0.2,446,0.060222084,0.051900143,0.0083219408
0.2,447,0.057885218,0.055042291,0.002842927
0.2,448,0.12254815,0.12222835,0.0003197998
0.2,449,0.043364197,0.064459639,-0.021095442
0.2,450,0.050877649,0.0444124,0.0064652484
0.2,451,0.087517962,0.081645777,0.0058721843
0.2,452,0.10180051,0.094415868,0.0073846391
0.2,453,0.035036406,0.029588785,0.0054476207
0.2,454,0.06843329,0.06197957,0.0064537193
0.2,455,0.10130733,0.093020081,0.0082872535
0.2,456,0.13030226,0.1501122,-0.019809942
0.2,457,0.054293141,0.071589488,-0.017296348
0.2,458,0.090488698,0.082761638,0.0077270605
0.2,459,0.094888035,0.089533245,0.0053547903
0.2,460,0.050248993,0.045228622,0.0050203713
0.2,461,0.022174836,0.013090244,0.009084592
0.2,462,0.075774075,0.068494573,0.0072795024
0.2,463,0.01928538,0.0099725683,0.0093128116
0.2,464,0.013239596,0.0089056715,0.004333925
0.2,465,0.051988987,0.060550147,-0.0085611605
0.2,466,0.098755297,0.088931034,0.0098242628
0.2,467,0.023625555,0.019777605,0.0038479502
0.2,468,0.072559943,0.066712552,0.0058473904
0.2,469,0.077154774,0.069827633,0.0073271416
0.2,470,0.057236902,0.048156851,0.0090800511
0.2,471,0.048369734,0.039296979,0.0090727545
0.2,472,0.060530685,0.052178792,0.0083518928
0.2,473,0.071619124,0.078553902,-0.0069347782
0.2,474,0.056969984,0.061749373,-0.0047793892
0.2,475,0.076195663,0.070382023,0.0058136409
0.2,476,0.085629921,0.09725537,-0.011625449
0.2,477,0.0575876,0.051220067,0.0063675327
0.2,478,0.072491847,0.067814818,0.0046770294
0.2,479,0.005019951,0.0064054455,-0.0013854946
0.2,480,0.091766573,0.088147538,0.0036190352
0.2,481,0.10290915,0.095251777,0.0076573692
0.2,482,0.080581349,0.086547092,-0.005965743
0.2,483,0.033362972,0.038502088,-0.0051391164
0.2,484,0.01610644,0.049758974,-0.033652534
0.2,485,0.068617444,0.074262851,-0.0056454074
0.2,486,0.054483897,0.057157976,-0.0026740795
0.2,487,0.050495369,0.042279952,0.0082154171
0.2,488,0.067267379,0.05905085,0.0082165289
0.2,489,0.00018036586,-0.0075341528,0.0077145187
0.2,490,0.064513358,0.060492816,0.0040205423
0.2,491,0.083239712,0.076456261,0.0067834505
0.2,492,0.091983601,0.090663518,0.0013200829
0.2,493,0.019824967,0.012583255,0.0072417115
0.2,494,0.021302533,0.014933381,0.0063691526
0.2,495,0.076061437,0.078611827,-0.0025503904
0.2,496,0.039701116,0.034538606,0.0051625102
0.2,497,0.08649324,0.092011834,-0.0055185937
0.2,498,0.10483238,0.1028097,0.0020226761
0.2,499,0.05440601,0.052727828,0.0016781821
0.2,500,0.0055602888,-0.0021103637,0.0076706525
0.2,501,0.0044913462,0.0044282661,6.3080038e-05
0.2,502,0.018793275,0.062581668,-0.043788393
0.2,503,-0.028116797,-0.024706256,-0.0034105416
0.2,504,0.0097090159,0.0025957497,0.0071132661
0.2,505,0.020715442,0.038844788,-0.018129346
0.2,506,0.065413136,0.05993714,0.0054759965
0.2,507,0.035082826,0.034390718,0.00069210821
0.2,508,0.084855465,0.083075386,0.0017800785
0.2,509,0.034866934,0.027351137,0.0075157972
0.2,510,-0.024463286,-0.027702868,0.0032395826
0.2,511,-0.0012407768,0.0061054733,-0.0073462501
0.2,512,0.10615111,0.10121882,0.0049322972
0.2,513,0.1080154,0.11274877,-0.0047333669
0.2,514,0.11225461,0.10552738,0.0067272233
0.2,515,0.072265531,0.06847133,0.0037942012
0.2,516,0.04767865,0.053993163,-0.0063145127
0.2,517,0.021081262,0.022624982,-0.0015437194
0.2,518,0.084701446,0.077668746,0.0070326999
0.2,519,0.025526744,0.018013033,0.007513711
0.2,520,0.062245004,0.08845804,-0.026213036
0.2,521,0.10070991,0.094545669,0.0061642375
0.2,522,0.10072896,0.092849541,0.0078794213
0.2,523,0.030616498,0.02684211,0.003774388
0.2,524,0.019829333,0.011777261,0.0080520719
0.2,525,0.033660608,0.034051304,-0.00039069561
0.2,526,0.032203462,0.024644769,0.0075586924
0.2,527,0.058845823,0.051042897,0.0078029263
0.2,528,0.056753528,0.056703247,5.0280956e-05
0.2,529,0.049597899,0.045392437,0.0042054618
0.2,530,0.074619274,0.066926758,0.007692516
0.2,531,0.053988862,0.052084809,0.0019040533
0.2,532,0.0093190689,0.013134491,-0.0038154219
0.2,533,0.084848771,0.077285062,0.0075637094
0.2,534,0.0096094384,0.0072447906,0.0023646477
0.2,535,-0.0012725799,-0.0062733032,0.0050007232
0.2,536,0.036141078,0.026996046,0.009145032
0.2,537,0.019628152,0.012533924,0.0070942278
0.2,538,0.073009833,0.078589657,-0.0055798234
0.2,539,0.047089135,0.041392496,0.0056966389
0.2,540,0.10272128,0.10283743,-0.00011614876
0.2,541,0.091228409,0.11355896,-0.022330554
0.2,542,0.12173518,0.13363509,-0.011899917
0.2,543,0.059599695,0.05475246,0.0048472352
0.2,544,0.02939439,0.021941641,0.0074527488
0.2,545,0.033865943,0.026583841,0.0072821017
0.2,546,0.036346287,0.029037818,0.0073084692
0.2,547,0.00098611737,-0.0067405566,0.007726674
0.2,548,0.047613777,0.039809401,0.0078043761
0.2,549,0.10677409,0.1143117,-0.0075376151
0.2,550,-0.0052074932,-0.01217026,0.0069627665
0.2,551,0.09522602,0.08847343,0.0067525897
0.2,552,0.0194518,0.013645823,0.005805977
0.2,553,0.047917195,0.043566282,0.0043509134
0.2,554,0.098745576,0.09151224,0.0072333363
0.2,555,0.04406426,0.037496871,0.0065673892
0.2,556,0.10509408,0.10779773,-0.0027036533
0.2,557,0.040772017,0.049254822,-0.0084828059
0.2,558,0.027848229,0.02089744,0.006950789
0.2,559,0.079788504,0.10721009,-0.027421589
0.2,560,0.086636144,0.079888103,0.0067480415
0.2,561,0.11293482,0.1101109,0.0028239237
0.2,562,0.066591048,0.05810074,0.0084903083
0.2,563,-0.01677772,-0.021772979,0.0049952594
0.2,564,0.087876609,0.079554062,0.0083225468
0.2,565,0.066297444,0.06116259,0.0051348546
0.2,566,0.020802056,0.031314599,-0.010512544
0.2,567,0.053172881,0.051864854,0.0013080265
0.2,568,0.039995997,0.033671303,0.0063246941
0.2,569,0.029054785,0.020785202,0.0082695828
0.2,570,0.075006806,0.077406274,-0.0023994677
0.2,571,0.018282459,0.011956,0.0063264594
0.2,572,0.025644238,0.021059201,0.0045850373
0.2,573,0.014199644,0.009284245,0.0049153987
0.2,574,0.030671024,0.03093787,-0.0002668462
0.2,575,0.052333496,0.045738344,0.0065951521
0.2,576,0.11093232,0.11013371,0.00079861141
0.2,577,0.081297611,0.073675259,0.0076223524
0.2,578,0.032642752,0.026033022,0.0066097296
0.2,579,0.046230777,0.047197808,-0.00096703105
0.2,580,0.090735338,0.084731998,0.0060033399
0.2,581,0.049767203,0.047234246,0.002532957
0.2,582,0.10444409,0.098410089,0.0060340046
0.2,583,0.029057508,0.021569366,0.0074881426
0.2,584,0.059946081,0.052257256,0.0076888243
0.2,585,0.042747707,0.060231011,-0.017483304
0.2,586,-0.026504846,-0.0045979691,-0.021906877
0.2,587,0.0073302362,0.0016027226,0.0057275135
0.2,588,0.05637251,0.060006174,-0.0036336644
0.2,589,0.05326339,0.0508463,0.0024170899
0.2,590,0.088520942,0.09251411,-0.0039931677
0.2,591,0.11449665,0.11391305,0.00058359094
0.2,592,0.040239693,0.032573063,0.0076666305
0.2,593,-0.039577392,-0.045694502,0.0061171101
0.2,594,0.063303639,0.065764398,-0.002460759
0.2,595,0.093045932,0.086991598,0.0060543337
0.2,596,0.054885565,0.050921279,0.0039642862
0.2,597,0.04989671,0.044021693,0.0058750166
0.2,598,0.093622185,0.085600853,0.0080213323
0.2,599,0.048380256,0.046979224,0.0014010316
0.2,600,0.091604405,0.10108242,-0.0094780119
0.2,601,0.044390024,0.037533533,0.006856491
0.2,602,0.096246664,0.090135594,0.0061110696
0.2,603,0.040116785,0.033650526,0.0064662584
0.2,604,0.050222037,0.096611598,-0.04638956
0.2,605,0.050727659,0.066615615,-0.015887955
0.2,606,0.0077355887,0.024440131,-0.016704543
0.2,607,0.068008349,0.062472259,0.0055360907
0.2,608,0.049062295,0.043173129,0.0058891657
0.2,609,0.039644707,0.032106613,0.0075380937
0.2,610,0.011834157,0.023349823,-0.011515667
0.2,611,0.028338338,0.024507954,0.0038303839
0.2,612,0.048383307,0.053196364,-0.0048130567
0.2,613,0.081139761,0.077117048,0.0040227131
0.2,614,0.066525561,0.07181234,-0.005286779
0.2,615,0.10477534,0.095886812,0.0088885293
0.2,616,0.092469837,0.087411792,0.0050580451
0.2,617,0.035194367,0.026880211,0.0083141555
0.2,618,0.047256791,0.040608998,0.0066477931
0.2,619,0.026368705,0.026622703,-0.00025399828
0.2,620,0.11122644,0.12878601,-0.01755957
0.2,621,0.056191311,0.054127888,0.0020634232
0.2,622,0.057941544,0.055215668,0.0027258759
0.2,623,0.010677303,0.014573512,-0.0038962086
0.2,624,0.045400218,0.041268982,0.0041312365
0.2,625,0.0031792926,0.0023194837,0.00085980893
0.2,626,0.066154314,0.060037334,0.0061169802
0.2,627,0.071628529,0.069022603,0.0026059257
0.2,628,0.050680913,0.043579212,0.0071017013
0.2,629,0.10667018,0.098960322,0.0077098543
0.2,630,-0.0087241479,-0.013386253,0.0046621048
0.2,631,0.0087729026,0.0013423432,0.0074305594
0.2,632,0.012599564,0.023842871,-0.011243306
0.2,633,-7.7146477e-05,-0.004909716,0.0048325695
0.2,634,0.10295557,0.094545341,0.0084102253
0.2,635,0.10394461,0.097433552,0.006511058
0.2,636,0.052820128,0.050995364,0.0018247633
0.2,637,0.014025239,0.014290936,-0.00026569717
0.2,638,0.092735022,0.087929658,0.0048053638
0.2,639,0.070811525,0.062098891,0.008712634
0.2,640,0.050768675,0.040726296,0.010042379
0.2,641,0.047665643,0.040959814,0.0067058283
0.2,642,0.090149016,0.083238928,0.0069100881
0.2,643,0.03980884,0.046074254,-0.0062654134
0.2,644,0.019714279,0.01242296,0.0072913196
0.2,645,0.019469954,0.019031061,0.00043889343
0.2,646,0.10385803,0.099225687,0.0046323402
0.2,647,0.028044466,0.023314074,0.0047303928
0.2,648,0.050652626,0.048693479,0.0019591468
0.2,649,0.11357755,0.10351954,0.010058017
0.2,650,0.048545574,0.05185414,-0.0033085659
0.2,651,0.11915137,0.12016069,-0.0010093177
0.2,652,0.079570313,0.075443925,0.0041263885
0.2,653,0.028820313,0.035970985,-0.0071506718
0.2,654,0.14439495,0.14367843,0.00071651896
0.2,655,0.05194695,0.042842694,0.0091042562
0.2,656,0.14685946,0.13902702,0.0078324349
0.2,657,0.037170048,0.046508271,-0.0093382231
0.2,658,0.029950011,0.021675426,0.0082745847
0.2,659,0.089947525,0.084826579,0.0051209465
0.2,660,0.05478197,0.05022229,0.00455968
0.2,661,0.070725427,0.072499736,-0.0017743086
0.2,662,0.048512783,0.04835058,0.0001622036
0.2,663,0.037616216,0.029860178,0.0077560386
0.2,664,0.067097571,0.063629357,0.0034682149
0.2,665,0.10184523,0.10453039,-0.0026851668
0.2,666,0.076819574,0.071500966,0.0053186084
0.2,667,0.037300091,0.048037525,-0.010737434
0.2,668,0.078918964,0.097522216,-0.018603252
0.2,669,0.039229479,0.03357887,0.0056506089
0.2,670,0.043800626,0.038135879,0.0056647473
0.2,671,0.08644957,0.082111521,0.0043380486
0.2,672,0.12140015,0.12471932,-0.0033191758
0.2,673,0.017490002,0.011696716,0.0057932861
0.2,674,0.064640157,0.057245034,0.0073951222
0.2,675,0.05641386,0.062833036,-0.0064191758
0.2,676,0.092696447,0.084024119,0.0086723278
0.2,677,0.020836867,0.027209494,-0.006372627
0.2,678,0.10502481,0.10429395,0.00073085926
0.2,679,0.12015858,0.11944275,0.00071582456
0.2,680,0.12831332,0.1290921,-0.00077877631
0.2,681,0.064726274,0.070624944,-0.0058986693
0.2,682,0.049963472,0.041561619,0.0084018529
0.2,683,0.057476368,0.095752304,-0.038275937
0.2,684,0.12313907,0.14529863,-0.022159564
0.2,685,0.072481188,0.067972701,0.0045084871
0.2,686,0.11735573,0.13337889,-0.016023158
0.2,687,0.093915995,0.090347752,0.0035682433
0.2,688,0.081687281,0.073767696,0.0079195843
0.2,689,0.0086076525,0.015985724,-0.0073780711
0.2,690,0.088965167,0.080195093,0.008770074
0.2,691,0.012868353,0.017902912,-0.005034559
0.2,692,0.043144613,0.034719626,0.0084249872
0.2,693,0.022009157,0.015879203,0.0061299545
0.2,694,0.03452524,0.028773619,0.0057516215
0.2,695,0.11452337,0.10685669,0.0076666847
0.2,696,0.088816709,0.080544609,0.0082720994
0.2,697,0.12608422,0.12092276,0.0051614572
0.2,698,0.0067793077,-1.0089367e-05,0.006789397
0.2,699,0.098918287,0.098715819,0.00020246784
0.2,700,0.10535561,0.098259989,0.0070956245
0.2,701,0.14502655,0.15124182,-0.0062152655
0.2,702,0.074545376,0.065242063,0.009303313
0.2,703,-0.0037979362,-0.010761975,0.0069640393
0.2,704,0.15042094,0.17641802,-0.025997074
0.2,705,0.066978981,0.058674726,0.0083042549
0.2,706,0.080436712,0.073810358,0.0066263543
0.2,707,0.050226805,0.043906906,0.0063198991
0.2,708,-0.0066714997,-0.012680277,0.0060087777
0.2,709,0.055986867,0.049185755,0.0068011118
0.2,710,0.050848988,0.043003069,0.0078459186
0.2,711,0.13931333,0.13109466,0.0082186702
0.2,712,0.13470456,0.12814796,0.0065566035
0.2,713,0.020708245,0.024078195,-0.0033699498
0.2,714,0.056856375,0.050270551,0.0065858234
0.2,715,0.022166448,0.017458778,0.0047076699
0.2,716,0.086034692,0.078434758,0.0075999338
0.2,717,0.078584642,0.072637636,0.0059470057
0.2,718,0.054417011,0.055126233,-0.00070922161
0.2,719,0.11222712,0.10787914,0.0043479762
0.2,720,0.06851894,0.060750116,0.0077688246
0.2,721,0.054485451,0.056754506,-0.0022690553
0.2,722,0.043296674,0.044964193,-0.0016675189
0.2,723,0.056257791,0.063443767,-0.0071859759
0.2,724,0.033241979,0.029882607,0.0033593718
0.2,725,0.056269534,0.063812069,-0.0075425356
0.2,726,-0.015956934,-0.023308441,0.0073515064
0.2,727,0.015898991,0.0080589907,0.0078399999
0.2,728,0.14735979,0.14294738,0.0044124145
0.2,729,0.12136633,0.14060439,-0.019238058
0.2,730,0.10157516,0.093887252,0.0076879086
0.2,731,0.072183012,0.065445217,0.0067377949
0.2,732,0.073343445,0.076826852,-0.0034834062
0.2,733,0.043717409,0.053661991,-0.0099445813
0.2,734,0.065979292,0.061632709,0.0043465826
0.2,735,0.10637171,0.098920494,0.0074512187
0.2,736,0.042688855,0.045970527,-0.0032816719
0.2,737,0.054654334,0.057410193,-0.0027558583
0.2,738,0.069852679,0.078279492,-0.0084268139
0.2,739,0.0058608383,0.0050644807,0.00079635756
0.2,740,0.077251938,0.10183882,-0.024586877
0.2,741,0.048955176,0.050734732,-0.001779556
0.2,742,0.056919283,0.04940965,0.0075096327
0.2,743,0.12256493,0.11839153,0.0041734069
0.2,744,0.078715616,0.079072852,-0.00035723624
0.2,745,0.031453256,0.0265128,0.0049404559
0.2,746,0.012021464,0.0074930712,0.0045283927
0.2,747,0.07524983,0.082794751,-0.0075449207
0.2,748,0.060550157,0.054065757,0.0064843996
0.2,749,0.036821421,0.032012106,0.0048093154
0.2,750,0.094195758,0.086038876,0.0081568824
0.2,751,0.071180327,0.067487011,0.0036933153
0.2,752,0.018397569,0.016183184,0.0022143845
0.2,753,0.060985603,0.053202328,0.0077832742
0.2,754,0.069162221,0.061029182,0.0081330385
0.2,755,0.064407127,0.056234929,0.0081721978
0.2,756,0.10683912,0.13071989,-0.023880771
0.2,757,0.046263554,0.049141155,-0.0028776015
0.2,758,0.053298411,0.049063045,0.0042353657
0.2,759,0.035428784,0.036110863,-0.00068207871
0.2,760,0.08210065,0.073887484,0.008213166
0.2,761,0.060274915,0.061031782,-0.00075686668
0.2,762,0.017609164,0.0093504549,0.0082587088
0.2,763,0.027211799,0.025144577,0.0020672227
0.2,764,0.080800189,0.074918101,0.0058820878
0.2,765,0.10650602,0.099058736,0.0074472846
0.2,766,0.074078943,0.066316991,0.0077619519
0.2,767,0.086302205,0.086690881,-0.00038867589
0.2,768,0.06338973,0.055472845,0.0079168858
0.2,769,0.05732833,0.050501461,0.0068268696
0.2,770,0.10448799,0.093565255,0.010922731
0.2,771,0.075667968,0.067112745,0.0085552233
0.2,772,0.01010172,0.012223579,-0.0021218582
0.2,773,0.099638715,0.097891312,0.0017474038
0.2,774,0.073571145,0.098356741,-0.024785597
0.2,775,0.049539993,0.045892299,0.0036476942
0.2,776,0.039135829,0.032213178,0.0069226507
0.2,777,0.031204788,0.024223394,0.006981394
0.2,778,0.01749231,0.0093423682,0.0081499416
0.2,779,0.047079736,0.048079918,-0.0010001821
0.2,780,0.046532639,0.051813865,-0.005281226
0.2,781,0.08745107,0.079287573,0.0081634966
0.2,782,0.03456911,0.029547576,0.0050215338
0.2,783,0.062752065,0.057037375,0.0057146897
0.2,784,-0.0012995099,0.012843542,-0.014143052
0.2,785,0.058416287,0.050374981,0.008041306
0.2,786,0.12390968,0.12546547,-0.0015557931
0.2,787,0.027600656,0.022758097,0.0048425588
0.2,788,0.045343909,0.051565301,-0.0062213917
0.2,789,0.032097574,0.025485431,0.0066121427
0.2,790,0.056177707,0.050758846,0.0054188608
0.2,791,0.090820645,0.10695907,-0.016138423
0.2,792,0.08557073,0.078456067,0.0071146635
0.2,793,0.078682261,0.070194175,0.0084880862
0.2,794,0.12772267,0.13433725,-0.0066145814
0.2,795,0.075878448,0.07496909,0.00090935751
0.2,796,0.002365841,-0.0060258096,0.0083916506
0.2,797,0.088939576,0.090897236,-0.0019576595
0.2,798,0.026696497,0.021069157,0.00562734
0.2,799,0.089991928,0.092224374,-0.002232446
0.2,800,0.11066809,0.10384501,0.0068230782
0.2,801,0.048603805,0.060346224,-0.011742419
0.2,802,0.1109092,0.10317911,0.0077300824
0.2,803,0.051156978,0.044979953,0.0061770252
0.2,804,0.0032534827,-0.00062339288,0.0038768756
0.2,805,0.079205064,0.076608426,0.0025966385
0.2,806,0.073457521,0.065987395,0.0074701261
0.2,807,0.058145132,0.069621669,-0.011476537
0.2,808,0.016557981,0.012145872,0.0044121084
0.2,809,0.035006592,0.027505345,0.0075012472
0.2,810,0.016665158,0.037620425,-0.020955267
0.2,811,0.10201404,0.094735604,0.0072784394
0.2,812,0.13575285,0.12680666,0.0089461875
0.2,813,0.098718133,0.093538858,0.0051792753
0.2,814,0.041799628,0.036249503,0.0055501256
0.2,815,0.089149419,0.085805705,0.0033437141
0.2,816,0.04422568,0.040513527,0.0037121526
0.2,817,0.066686186,0.065220433,0.0014657523
0.2,818,0.077910769,0.078312788,-0.00040201927
0.2,819,0.049992599,0.042348992,0.0076436065
0.2,820,0.10085663,0.10551362,-0.0046569931
0.2,821,0.08382693,0.075635402,0.008191528
0.2,822,0.058180787,0.053165121,0.0050156662
0.2,823,0.084244722,0.080112653,0.0041320682
0.2,824,0.079329179,0.074209794,0.0051193847
0.2,825,0.025099583,0.017598731,0.0075008521
0.2,826,0.070039338,0.063071965,0.0069673738
0.2,827,-0.0040432447,-0.010643808,0.006600563
0.2,828,0.011450861,0.010829673,0.00062118791
0.2,829,0.014358581,0.010865905,0.003492676
0.2,830,0.035488402,0.028724159,0.0067642429
0.2,831,0.062589226,0.062054206,0.00053502083
0.2,832,0.055064687,0.046523746,0.0085409412
0.2,833,0.033375383,0.027540105,0.0058352785
0.2,834,0.11810534,0.11333741,0.0047679282
0.2,835,0.064613865,0.061310492,0.0033033737
0.2,836,0.071781004,0.078822485,-0.007041481
0.2,837,0.040066409,0.033183697,0.006882712
0.2,838,0.019289176,0.01969094,-0.00040176377
0.2,839,0.010358881,0.0032550117,0.0071038693
0.2,840,0.062520108,0.055330604,0.0071895037
0.2,841,0.011181397,0.0038841099,0.0072972873
0.2,842,0.078497753,0.077207296,0.0012904568
0.2,843,0.071158844,0.061024844,0.010134
0.2,844,0.082646407,0.077005534,0.0056408727
0.2,845,-0.005047974,0.0011742938,-0.0062222678
0.2,846,0.082151473,0.086799708,-0.0046482347
0.2,847,0.011854485,0.0043751139,0.0074793714
0.2,848,0.084236352,0.085493336,-0.0012569835
0.2,849,0.034475339,0.026957645,0.0075176939
0.2,850,0.093494694,0.10273944,-0.0092447504
0.2,851,0.017535089,0.034460141,-0.016925051
0.2,852,0.049919413,0.043027401,0.006892012
0.2,853,0.011922039,0.0103612,0.0015608389
0.2,854,0.060403215,0.055588387,0.0048148285
0.2,855,0.096836849,0.1003495,-0.003512651
0.2,856,0.0046642318,-0.0014320407,0.0060962725
0.2,857,0.047481417,0.039188438,0.0082929791
0.2,858,0.012095815,0.0089199278,0.003175887
0.2,859,0.023451177,0.048777554,-0.025326377
0.2,860,0.059404415,0.062048767,-0.0026443514
0.2,861,0.045564762,0.05026223,-0.0046974682
0.2,862,0.099801978,0.1156128,-0.015810825
0.2,863,0.038805432,0.03051054,0.0082948918
0.2,864,0.12313878,0.11650119,0.0066375898
0.2,865,0.10196225,0.094193513,0.0077687415
0.2,866,0.044413389,0.03912864,0.0052847493
0.2,867,-0.010312632,-0.018018926,0.0077062947
0.2,868,0.046938831,0.047110473,-0.00017164223
0.2,869,0.068914283,0.060081536,0.0088327469
0.2,870,0.069668557,0.062512509,0.0071560481
0.2,871,-0.0068035965,-0.0035213215,-0.003282275
0.2,872,0.11512332,0.13027184,-0.015148513
0.2,873,0.10171389,0.10131469,0.00039919549
0.2,874,0.079899513,0.075083763,0.0048157501
0.2,875,0.13236385,0.12607167,0.0062921785
0.2,876,0.055543188,0.063948457,-0.0084052692
0.2,877,0.057533574,0.061575185,-0.0040416111
0.2,878,0.057479843,0.051024222,0.0064556213
0.2,879,0.050138657,0.041855715,0.008282942
0.2,880,-0.023304949,-0.02546239,0.0021574416
0.2,881,-0.0041279092,0.00080653837,-0.0049344476
0.2,882,-0.013074893,-0.020972322,0.0078974284
0.2,883,0.055980931,0.052536924,0.0034440067
0.2,884,0.087368613,0.080760893,0.0066077199
0.2,885,0.080231031,0.072066108,0.0081649226
0.2,886,0.039282509,0.031465499,0.0078170093
0.2,887,0.073508551,0.065192703,0.008315848
0.2,888,0.062879511,0.085426609,-0.022547098
0.2,889,0.068638554,0.063195356,0.0054431972
0.2,890,0.10323123,0.097001217,0.0062300081
0.2,891,0.06429244,0.058083005,0.0062094349
0.2,892,0.15584246,0.15020353,0.0056389253
0.2,893,0.12238755,0.11434099,0.0080465586
0.2,894,0.020197599,0.01804287,0.0021547289
0.2,895,0.073840734,0.069898179,0.0039425544
0.2,896,0.042885015,0.047067976,-0.0041829611
0.2,897,0.072549912,0.068054162,0.0044957497
0.2,898,0.090204063,0.094139452,-0.0039353886
0.2,899,0.041021975,0.032960237,0.0080617378
0.2,900,0.023460064,0.01566333,0.0077967343
0.2,901,0.038422441,0.056909504,-0.018487063
0.2,902,0.065766821,0.068392121,-0.0026253
0.2,903,0.062419693,0.061009904,0.001409789
0.2,904,0.072467329,0.10931579,-0.036848463
0.2,905,0.051610948,0.050261507,0.0013494408
0.2,906,0.049935212,0.04378248,0.0061527316
0.2,907,0.091700613,0.088830969,0.0028696443
0.2,908,-0.0072003981,-0.014092952,0.0068925543
0.2,909,0.065672885,0.092706663,-0.027033778
0.2,910,0.078895539,0.070531926,0.0083636125
0.2,911,0.072042737,0.085136933,-0.013094196
0.2,912,0.12077783,0.11165229,0.0091255421
0.2,913,-0.00056794378,-0.0075501089,0.0069821651
0.2,914,0.042509726,0.041961482,0.00054824357
0.2,915,0.057967594,0.050025413,0.0079421812
0.2,916,0.075009896,0.079748713,-0.0047388167
0.2,917,0.025278048,0.016594207,0.0086838408
0.2,918,0.027003827,0.043627693,-0.016623866
0.2,919,0.089667822,0.082822714,0.0068451089
0.2,920,-0.011320725,-0.018978938,0.0076582133
0.2,921,0.014788689,0.0098899267,0.0048987622
0.2,922,0.066865397,0.057716723,0.0091486737
0.2,923,0.090822461,0.084159439,0.0066630213
0.2,924,0.038477251,0.040468688,-0.0019914368
0.2,925,-0.021436378,-0.026285371,0.0048489928
0.2,926,0.066821539,0.069399061,-0.0025775215
0.2,927,0.063221225,0.055537206,0.0076840188
0.2,928,0.048524655,0.043306451,0.0052182038
0.2,929,0.087472152,0.078768674,0.0087034781
0.2,930,0.057461223,0.052166999,0.0052942247
0.2,931,0.088564694,0.084202394,0.0043622994
0.2,932,0.00040147672,0.019651647,-0.01925017
0.2,933,0.0052227785,-0.0033156307,0.0085384093
0.2,934,0.058061711,0.050767933,0.0072937787
0.2,935,0.12575305,0.11816665,0.0075864077
0.2,936,0.022701136,0.015372691,0.0073284444
0.2,937,0.076946105,0.076830549,0.00011555639
0.2,938,0.060018084,0.057663759,0.0023543248
0.2,939,0.11173694,0.12074684,-0.0090099001
0.2,940,0.16483121,0.17835916,-0.013527957
0.2,941,0.10177715,0.094352329,0.0074248177
0.2,942,0.081823277,0.098347139,-0.016523862
0.2,943,0.05221544,0.04483752,0.0073779204
0.2,944,-0.0016583224,-0.0099478463,0.0082895239
0.2,945,0.044734244,0.037049641,0.007684603
0.2,946,0.11340966,0.10404599,0.0093636624
0.2,947,0.036367297,0.037020774,-0.00065347753
0.2,948,0.12514916,0.11704412,0.0081050435
0.2,949,0.085330126,0.077907555,0.0074225709
0.2,950,0.071400794,0.065201626,0.0061991674
0.2,951,0.086923375,0.08518716,0.0017362147
0.2,952,0.065776892,0.076636482,-0.01085959
0.2,953,0.08379553,0.077472282,0.0063232481
0.2,954,0.071591938,0.067454509,0.0041374295
0.2,955,0.051726499,0.051421093,0.00030540599
0.2,956,0.048359208,0.066652265,-0.018293057
0.2,957,0.043945911,0.068500311,-0.0245544
0.2,958,0.017099163,0.018055848,-0.00095668497
0.2,959,0.023333673,0.029724437,-0.0063907632
0.2,960,0.090606096,0.093823462,-0.0032173661
0.2,961,0.043765612,0.043257524,0.00050808747
0.2,962,0.12468486,0.13990708,-0.015222217
0.2,963,0.051352023,0.044120936,0.0072310866
0.2,964,0.06958002,0.073117691,-0.0035376712
0.2,965,0.0512738,0.04352188,0.0077519209
0.2,966,0.096390281,0.10228515,-0.0058948665
0.2,967,0.034946456,0.027795471,0.0071509854
0.2,968,0.060321554,0.074532037,-0.014210483
0.2,969,0.024497443,0.019721138,0.004776305
0.2,970,0.069140318,0.060912524,0.008227794
0.2,971,0.049946213,0.040589921,0.0093562923
0.2,972,0.014123918,0.009246713,0.0048772053
0.2,973,0.064073767,0.06176026,0.0023135063
0.2,974,0.024384888,0.02660054,-0.0022156522
0.2,975,0.085990671,0.077989914,0.0080007572
0.2,976,0.063056968,0.055180155,0.0078768132
0.2,977,0.089007338,0.081896554,0.0071107845
0.2,978,0.088467725,0.11886173,-0.030394003
0.2,979,0.033160668,0.025774343,0.0073863253
0.2,980,0.025269647,0.036676179,-0.011406532
0.2,981,0.09057472,0.090057587,0.00051713332
0.2,982,0.13369176,0.13038455,0.0033072052
0.2,983,0.044328706,0.040462941,0.0038657653
0.2,984,0.028367837,0.033373871,-0.0050060334
0.2,985,-0.0049922738,0.00060418216,-0.005596456
0.2,986,0.036985137,0.029089752,0.0078953849
0.2,987,0.066919057,0.059563691,0.0073553664
0.2,988,0.080879116,0.075551244,0.0053278726
0.2,989,0.040568345,0.032722212,0.0078461335
0.2,990,0.047057756,0.05795919,-0.010901434
0.2,991,0.00065697596,-0.0064854627,0.0071424387
0.2,992,0.024927849,0.02372309,0.001204759
0.2,993,0.063751298,0.067759395,-0.0040080968
0.2,994,-0.008700524,-0.0061068093,-0.0025937147
0.2,995,0.097424386,0.10512068,-0.0076962953
0.2,996,0.090852456,0.10184309,-0.010990637
0.2,997,0.091151885,0.08832739,0.0028244944
0.2,998,0.054712067,0.047750712,0.0069613551
0.2,999,0.029999812,0.022184556,0.0078152559
0.3,0,0.046717391,0.03889215,0.0078252404
0.3,1,0.067918028,0.062025231,0.0058927971
0.3,2,0.0050620088,0.00090217243,0.0041598364
0.3,3,0.053957001,0.047518551,0.0064384506
0.3,4,0.031441538,0.032162322,-0.00072078473
0.3,5,0.004918272,0.00084212433,0.0040761477
0.3,6,0.029852319,0.036644089,-0.0067917694
0.3,7,0.10476269,0.12232465,-0.01756196
0.3,8,0.056915537,0.057674955,-0.00075941745
0.3,9,0.027822839,0.021278059,0.0065447797
0.3,10,0.041393693,0.060954454,-0.019560761
0.3,11,0.059549062,0.055260156,0.0042889056
0.3,12,0.069740934,0.067740766,0.0020001686
0.3,13,0.09209972,0.084015052,0.0080846684
0.3,14,0.038037052,0.031018006,0.0070190463
0.3,15,0.028887732,0.024251085,0.0046366473
0.3,16,0.086354306,0.076942137,0.0094121695
0.3,17,0.076818142,0.068117237,0.0087009052
0.3,18,0.035276713,0.054597689,-0.019320976
0.3,19,0.058338634,0.070766518,-0.012427884
0.3,20,0.10646979,0.1161006,-0.0096308144
0.3,21,0.071634644,0.064352105,0.0072825391
0.3,22,0.12593499,0.11950709,0.0064278998
0.3,23,0.11282527,0.12047835,-0.0076530869
0.3,24,0.047605529,0.045099864,0.0025056647
0.3,25,-0.0097015544,0.0079204085,-0.017621963
0.3,26,0.031002034,0.026570719,0.004431315
0.3,27,0.0378992,0.031068224,0.0068309758
0.3,28,0.11317992,0.10446233,0.0087175927
0.3,29,0.01500973,0.0081885127,0.0068212172
0.3,30,-0.015247221,0.0093217984,-0.024569019
0.3,31,0.038114325,0.031161861,0.0069524644
0.3,32,0.034594341,0.045668308,-0.011073966
0.3,33,0.040049011,0.035920652,0.0041283587
0.3,34,0.10036146,0.10559606,-0.0052345979
0.3,35,0.088300008,0.082766929,0.005533079
0.3,36,0.079141815,0.072212288,0.0069295273
0.3,37,0.084463216,0.077518418,0.0069447982
0.3,38,0.13669514,0.15568643,-0.018991289
0.3,39,0.06106021,0.076396654,-0.015336444
0.3,40,0.07593932,0.07786163,-0.0019223101
0.3,41,0.038891778,0.036050607,0.002841171
0.3,42,0.11199723,0.10780619,0.0041910392
0.3,43,0.051951095,0.049966816,0.0019842791
0.3,44,0.10065845,0.095829731,0.0048287213
0.3,45,0.03406723,0.046147775,-0.012080545
0.3,46,0.050056344,0.051491182,-0.0014348384
0.3,47,0.076440053,0.068257752,0.0081823011
0.3,48,0.032847375,0.02866593,0.0041814453
0.3,49,0.033881537,0.030124007,0.0037575306
0.3,50,0.057420617,0.059958426,-0.0025378093
0.3,51,0.050658543,0.044794933,0.00586361
0.3,52,0.014153641,0.01180459,0.0023490507
0.3,53,0.12107122,0.12259432,-0.0015230967
0.3,54,0.075712752,0.069733181,0.0059795708
0.3,55,0.017635282,0.014024934,0.0036103482
0.3,56,0.038996228,0.050606641,-0.011610413
0.3,57,0.10713779,0.09993144,0.0072063535
0.3,58,0.097157422,0.10449016,-0.0073327349
0.3,59,0.035634625,0.048576654,-0.01294203
0.3,60,0.080387274,0.073082695,0.0073045789
0.3,61,0.058922023,0.055203441,0.0037185821
0.3,62,0.089099068,0.082336073,0.0067629956
0.3,63,0.050808379,0.047870452,0.0029379268
0.3,64,0.099046818,0.090572032,0.0084747863
0.3,65,0.013761703,0.008964801,0.0047969024
0.3,66,0.083512741,0.082043079,0.001469662
0.3,67,0.053313752,0.044537364,0.0087763884
0.3,68,0.060821879,0.052086681,0.0087351981
0.3,69,0.10061174,0.092144615,0.0084671242
0.3,70,0.071662156,0.073581435,-0.0019192786
0.3,71,0.052469413,0.047484944,0.0049844696
0.3,72,0.083154839,0.075242762,0.0079120766
0.3,73,0.07376366,0.072016564,0.0017470961
0.3,74,0.031980781,0.025881634,0.0060991477
0.3,75,0.027620124,0.022682433,0.0049376904
0.3,76,0.093827093,0.08799149,0.0058356024
0.3,77,0.15289924,0.15377557,-0.00087632915
0.3,78,0.10218291,0.093110293,0.0090726143
0.3,79,0.11703235,0.12978503,-0.012752675
0.3,80,0.011949564,0.0053280805,0.006621483
0.3,81,0.096246957,0.11523558,-0.018988623
0.3,82,0.012462722,0.011890482,0.00057223934
0.3,83,0.06108165,0.057296405,0.0037852456
0.3,84,0.038087439,0.038294327,-0.00020688805
0.3,85,0.09503785,0.089266885,0.0057709653
0.3,86,0.074464284,0.076301606,-0.0018373225
0.3,87,0.1103857,0.12210079,-0.011715088
0.3,88,0.021757757,0.018737897,0.0030198603
0.3,89,0.063726624,0.064302412,-0.00057578814
0.3,90,0.048369022,0.040302004,0.0080670184
0.3,91,0.050238274,0.043524587,0.006713687
0.3,92,0.02166981,0.025450543,-0.0037807322
0.3,93,0.06166197,0.059712704,0.0019492661
0.3,94,0.081293762,0.11436635,-0.033072589
0.3,95,0.027150899,0.03292207,-0.0057711711
0.3,96,0.047877341,0.043060337,0.0048170037
0.3,97,0.046984996,0.048890443,-0.0019054466
0.3,98,0.05331775,0.055021787,-0.0017040373
0.3,99,0.077616414,0.071727413,0.0058890012
0.3,100,0.083050844,0.07967608,0.0033747645
0.3,101,0.071249514,0.11500306,-0.043753547
0.3,102,0.034206781,0.02751756,0.0066892216
0.3,103,0.047558427,0.041155886,0.006402541
0.3,104,0.072672572,0.066052695,0.0066198772
0.3,105,0.095677036,0.088789179,0.0068878575
0.3,106,0.074881105,0.070348932,0.0045321728
0.3,107,0.082503233,0.080558459,0.0019447742
0.3,108,-0.0027467253,0.054629961,-0.057376686
0.3,109,0.1507753,0.1448187,0.0059565978
0.3,110,0.073337206,0.067000292,0.0063369142
0.3,111,0.087244745,0.084546694,0.002698051
0.3,112,0.04206677,0.040447955,0.0016188151
0.3,113,0.12103127,0.11366549,0.007365774
0.3,114,0.10362163,0.095471568,0.0081500653
0.3,115,0.1102556,0.10508766,0.005167942
0.3,116,0.089886664,0.081791392,0.0080952724
0.3,117,0.018342793,0.036211083,-0.017868291
0.3,118,0.01850564,0.0086593811,0.0098462587
0.3,119,0.041461832,0.038431903,0.0030299294
0.3,120,0.049461532,0.042253383,0.0072081492
0.3,121,0.00075616587,-0.001586953,0.0023431189
0.3,122,0.062844234,0.064600956,-0.001756722
0.3,123,0.04330857,0.053048261,-0.0097396917
0.3,124,0.059660957,0.053387699,0.0062732587
0.3,125,0.051453701,0.044485804,0.0069678966
0.3,126,0.10382191,0.10105105,0.0027708628
0.3,127,0.090288879,0.1031571,-0.01286822
0.3,128,0.10591974,0.11640102,-0.010481282
0.3,129,-0.041904881,-0.048202362,0.006297481
0.3,130,0.12654099,0.14753071,-0.020989723
0.3,131,0.062224089,0.055185778,0.0070383115
0.3,132,0.066635829,0.076379931,-0.0097441023
0.3,133,0.099942783,0.089806208,0.010136575
0.3,134,0.1155396,0.10686396,0.008675639
0.3,135,0.072942643,0.067104585,0.0058380576
0.3,136,0.026345193,0.029698262,-0.0033530688
0.3,137,0.026285045,0.017518635,0.0087664099
0.3,138,0.12546783,0.16310312,-0.037635295
0.3,139,0.096345013,0.089913573,0.0064314404
0.3,140,0.087519179,0.090029449,-0.0025102699
0.3,141,0.054665099,0.059349234,-0.0046841342
0.3,142,0.04792207,0.072480501,-0.024558431
0.3,143,0.052367566,0.076883332,-0.024515767
0.3,144,0.05328464,0.044197392,0.0090872482
0.3,145,0.12271021,0.11581825,0.0068919629
0.3,146,0.071186166,0.073180357,-0.0019941905
0.3,147,0.059440809,0.052979882,0.0064609267
0.3,148,0.090049528,0.088965535,0.0010839931
0.3,149,0.072654064,0.066108685,0.0065453789
0.3,150,0.096502005,0.088152589,0.0083494156
0.3,151,0.082266466,0.073966581,0.0082998849
0.3,152,0.055976751,0.058584399,-0.0026076484
0.3,153,-0.038074917,-0.04454585,0.0064709328
0.3,154,0.051702248,0.063268434,-0.011566186
0.3,155,0.062278312,0.053729796,0.008548516
0.3,156,0.047041948,0.047229849,-0.00018790122
0.3,157,0.11542091,0.11015606,0.0052648546
0.3,158,0.055681993,0.054950986,0.00073100753
0.3,159,0.04310051,0.049765414,-0.0066649035
0.3,160,0.031593461,0.033198319,-0.0016048587
0.3,161,0.10904526,0.10225046,0.0067947985
0.3,162,-0.025698751,-0.027127431,0.0014286801
0.3,163,-0.0032444538,0.0090385234,-0.012282977
0.3,164,0.030188113,0.030696234,-0.0005081204
0.3,165,0.06126381,0.059719393,0.0015444172
0.3,166,0.081087674,0.072786761,0.008300913
0.3,167,0.05415237,0.047060346,0.0070920249
0.3,168,0.12546961,0.12182995,0.0036396615
0.3,169,0.0048968599,0.00028312966,0.0046137302
0.3,170,0.061498835,0.054270566,0.0072282686
0.3,171,0.1126891,0.13739513,-0.024706032
0.3,172,0.076416273,0.06852286,0.0078934132
0.3,173,0.085557611,0.091700442,-0.0061428319
0.3,174,0.09284306,0.087313044,0.0055300165
0.3,175,0.052614409,0.043763698,0.0088507104
0.3,176,0.13328557,0.12525507,0.0080304991
0.3,177,0.086709341,0.08682914,-0.0001197986
0.3,178,0.084919876,0.081123483,0.003796393
0.3,179,0.056624007,0.048409683,0.0082143243
0.3,180,0.049214033,0.041631959,0.0075820735
0.3,181,0.04846345,0.044604231,0.0038592191
0.3,182,0.13933197,0.12889492,0.010437046
0.3,183,0.04809248,0.048905192,-0.00081271142
0.3,184,0.074022482,0.066602509,0.0074199733
0.3,185,0.057952116,0.058600471,-0.00064835541
0.3,186,0.088533185,0.12336116,-0.034827978
0.3,187,0.10966338,0.10123669,0.0084266864
0.3,188,0.13776164,0.12989976,0.0078618818
0.3,189,0.015136508,0.02378394,-0.0086474311
0.3,190,0.11331937,0.10426703,0.0090523402
0.3,191,0.06244533,0.073246838,-0.010801507
0.3,192,0.030922799,0.025024413,0.0058983863
0.3,193,0.13880448,0.13377121,0.0050332715
0.3,194,0.053537745,0.045343495,0.0081942497
0.3,195,0.093610881,0.086376211,0.00723467
0.3,196,0.065343885,0.05720525,0.008138635
0.3,197,0.056410335,0.047975525,0.0084348101
0.3,198,0.061288121,0.058950184,0.0023379371
0.3,199,0.12429055,0.13875915,-0.014468601
0.3,200,-0.029485177,-0.030005187,0.00052001072
0.3,201,0.052596912,0.065287412,-0.012690499
0.3,202,0.067850394,0.10784035,-0.039989957
0.3,203,0.036434722,0.028671697,0.007763025
0.3,204,0.075015386,0.066486151,0.0085292352
0.3,205,0.075780454,0.072084939,0.003695515
0.3,206,0.050672755,0.047468582,0.003204173
0.3,207,0.056330902,0.048720665,0.0076102365
0.3,208,0.055881228,0.06532336,-0.0094421319
0.3,209,0.071404251,0.066300258,0.0051039937
0.3,210,0.059796561,0.056770223,0.0030263388
0.3,211,0.087896661,0.080135414,0.0077612477
0.3,212,0.013901468,0.0078137486,0.0060877195
0.3,213,0.054116511,0.055338941,-0.00122243
0.3,214,0.033975162,0.051099794,-0.017124633
0.3,215,-0.011213021,-0.011466076,0.0002530558
0.3,216,0.11292741,0.12358831,-0.010660893
0.3,217,-0.0048794394,-0.0058536357,0.00097419632
0.3,218,0.089612973,0.082577509,0.0070354647
0.3,219,0.050646841,0.044179977,0.0064668642
0.3,220,0.078953138,0.080267765,-0.0013146266
0.3,221,0.06842795,0.060366748,0.0080612024
0.3,222,0.063224608,0.05900211,0.0042224985
0.3,223,0.044927817,0.05349116,-0.0085633436
0.3,224,0.11485408,0.10782166,0.0070324225
0.3,225,0.083989846,0.076355192,0.0076346534
0.3,226,0.061289725,0.054360247,0.0069294784
0.3,227,0.10069427,0.10411561,-0.0034213405
0.3,228,0.02868201,0.022658297,0.0060237127
0.3,229,0.075391264,0.069188566,0.0062026981
0.3,230,0.11221605,0.11060091,0.001615139
0.3,231,0.04050333,0.038769117,0.0017342129
0.3,232,0.010859763,0.0030408323,0.0078189302
0.3,233,-0.017274607,-0.018350953,0.0010763462
0.3,234,0.030437682,0.026822072,0.0036156095
0.3,235,0.094346652,0.086286372,0.00806028
0.3,236,0.096013046,0.096678608,-0.00066556181
0.3,237,0.045460137,0.03993292,0.005527217
0.3,238,0.090299643,0.088849164,0.0014504797
0.3,239,0.046878484,0.046416593,0.00046189086
0.3,240,0.080047222,0.073017628,0.0070295935
0.3,241,0.070418873,0.063902777,0.0065160962
0.3,242,0.015000923,0.0085637464,0.0064371762
0.3,243,0.017013887,0.025860668,-0.0088467815
0.3,244,0.053330161,0.076776885,-0.023446724
0.3,245,0.023104201,0.019883244,0.0032209572
0.3,246,-0.008076756,-0.015777511,0.0077007549
0.3,247,0.016160946,0.0088779489,0.0072829976
0.3,248,0.078557808,0.090153898,-0.01159609
0.3,249,0.043131717,0.044346727,-0.0012150105
0.3,250,0.090914,0.087190107,0.0037238926
0.3,251,0.071241451,0.06583064,0.0054108108
0.3,252,0.090273454,0.092454136,-0.0021806819
0.3,253,0.055415999,0.058013374,-0.0025973749
0.3,254,0.1104022,0.10649712,0.0039050817
0.3,255,0.043879328,0.053328473,-0.0094491447
0.3,256,0.019402314,0.01123799,0.0081643233
0.3,257,0.011150989,0.012724017,-0.0015730281
0.3,258,0.028072634,0.02034699,0.0077256442
0.3,259,-0.017524342,-0.019617734,0.0020933918
0.3,260,0.047498097,0.041138245,0.0063598524
0.3,261,0.041049023,0.037139412,0.0039096108
0.3,262,0.044480861,0.036426749,0.0080541116
0.3,263,0.074511395,0.07323139,0.0012800042
0.3,264,0.084637999,0.083006997,0.0016310024
0.3,265,0.032517119,0.065734718,-0.033217599
0.3,266,0.046982724,0.039575726,0.0074069978
0.3,267,0.015562953,0.016434408,-0.0008714552
0.3,268,0.036354935,0.041496746,-0.0051418111
0.3,269,0.012166736,0.0054737466,0.0066929892
0.3,270,0.03072763,0.024323475,0.006404155
0.3,271,0.077235499,0.071439449,0.0057960505
0.3,272,0.038045901,0.031285207,0.0067606945
0.3,273,0.05326596,0.063228973,-0.009963013
0.3,274,0.058033124,0.051383154,0.0066499702
0.3,275,0.04365405,0.035601402,0.0080526487
0.3,276,0.082079916,0.08491424,-0.0028343242
0.3,277,0.081734282,0.073705397,0.0080288848
0.3,278,0.073006673,0.064250562,0.008756111
0.3,279,0.035831579,0.065679856,-0.029848277
0.3,280,0.048260512,0.067760637,-0.019500125
0.3,281,0.022436612,0.019309282,0.0031273301
0.3,282,0.065074848,0.082859341,-0.017784493
0.3,283,0.043307141,0.037259514,0.006047627
0.3,284,0.053623372,0.049040006,0.0045833661
0.3,285,0.097419557,0.09556478,0.0018547774
0.3,286,0.04924525,0.045268757,0.0039764931
0.3,287,0.054836232,0.063471234,-0.0086350016
0.3,288,0.046552927,0.039997898,0.0065550295
0.3,289,0.10735805,0.10545168,0.0019063664
0.3,290,0.050311859,0.045190129,0.0051217305
0.3,291,0.068823132,0.066677998,0.0021451337
0.3,292,0.064132394,0.07274764,-0.008615246
0.3,293,0.071497568,0.089406495,-0.017908927
0.3,294,0.043542549,0.060479921,-0.016937372
0.3,295,0.089914012,0.081713103,0.0082009094
0.3,296,0.040576342,0.042926615,-0.002350273
0.3,297,0.042286376,0.037189,0.0050973752
0.3,298,0.12698702,0.12521181,0.0017752106
0.3,299,0.10107091,0.10790764,-0.0068367252
0.3,300,0.065234194,0.085444839,-0.020210645
0.3,301,0.036931382,0.028315923,0.0086154589
0.3,302,0.024828285,0.019380252,0.0054480326
0.3,303,0.088200821,0.11365071,-0.02544989
0.3,304,0.038961564,0.039179219,-0.00021765512
0.3,305,0.052309678,0.048294532,0.0040151455
0.3,306,0.037686737,0.028676554,0.0090101837
0.3,307,0.070054227,0.063364951,0.0066892754
0.3,308,0.067141497,0.058120416,0.0090210808
0.3,309,0.056608001,0.073604883,-0.016996882
0.3,310,0.13003896,0.13356513,-0.0035261798
0.3,311,0.074990969,0.073991105,0.00099986385
0.3,312,-0.0065547624,-0.013916957,0.0073621946
0.3,313,0.042447613,0.048065837,-0.0056182242
0.3,314,0.048965452,0.053699675,-0.0047342228
0.3,315,0.085346471,0.087375493,-0.0020290216
0.3,316,0.090310505,0.081668411,0.0086420945
0.3,317,0.14264168,0.14103114,0.0016105366
0.3,318,0.070137666,0.082107266,-0.0119696
0.3,319,0.09684363,0.089022563,0.0078210668
0.3,320,0.043819693,0.034742421,0.0090772715
0.3,321,0.12252827,0.11299555,0.0095327241
0.3,322,0.054914498,0.059498403,-0.0045839052
0.3,323,0.080500827,0.072598796,0.00790203
0.3,324,0.045277012,0.060274877,-0.014997865
0.3,325,-0.020898973,-0.017407922,-0.0034910516
0.3,326,0.022325018,0.050780083,-0.028455065
0.3,327,0.088614982,0.082666647,0.0059483346
0.3,328,0.044223369,0.035275143,0.0089482258
0.3,329,0.071386922,0.068723427,0.0026634954
0.3,330,0.031138386,0.038890104,-0.0077517182
0.3,331,0.13443034,0.12614613,0.0082842151
0.3,332,0.07080667,0.12880327,-0.057996599
0.3,333,0.057442178,0.056881794,0.00056038396
0.3,334,0.023844182,0.017343397,0.0065007849
0.3,335,0.084685317,0.084332943,0.00035237421
0.3,336,0.063444255,0.074179243,-0.010734987
0.3,337,0.10211149,0.096526687,0.0055848073
0.3,338,0.07027419,0.063049489,0.0072247013
0.3,339,0.04750056,0.040833339,0.0066672206
0.3,340,0.10741715,0.10308867,0.0043284762
0.3,341,0.034494973,0.026059686,0.0084352865
0.3,342,0.083340477,0.084634452,-0.0012939745
0.3,343,0.064973133,0.07967839,-0.014705257
0.3,344,0.061906167,0.060792412,0.0011137548
0.3,345,0.10175832,0.099728312,0.0020300056
0.3,346,0.077875939,0.070969472,0.0069064675
0.3,347,0.085538205,0.078985392,0.006552813
0.3,348,0.11785965,0.11421398,0.0036456706
0.3,349,0.030346047,0.025575276,0.0047707715
0.3,350,0.087703759,0.083725562,0.0039781969
0.3,351,0.049212126,0.055472397,-0.0062602712
0.3,352,0.032164217,0.024881439,0.0072827786
0.3,353,0.024014484,0.017153274,0.0068612095
0.3,354,-0.014727248,-0.019963562,0.0052363139
0.3,355,0.052886696,0.044769161,0.0081175353
0.3,356,0.047213291,0.041559714,0.0056535769
0.3,357,0.062755332,0.063925594,-0.0011702619
0.3,358,0.07967255,0.071306826,0.0083657236
0.3,359,0.082270214,0.087075681,-0.0048054671
0.3,360,0.10766383,0.15728235,-0.049618524
0.3,361,0.12048932,0.11398834,0.0065009832
0.3,362,0.11262175,0.11273242,-0.00011066852
0.3,363,0.03464308,0.026125279,0.0085178006
0.3,364,0.073355248,0.085750843,-0.012395596
0.3,365,0.080881461,0.0749338,0.0059476602
0.3,366,0.078930074,0.070953957,0.0079761177
0.3,367,0.097065354,0.092652334,0.0044130202
0.3,368,-0.014417845,-0.021151796,0.006733951
0.3,369,0.047904197,0.039861527,0.0080426703
0.3,370,0.082607581,0.099260911,-0.01665333
0.3,371,0.043096211,0.037385225,0.0057109863
0.3,372,0.065203345,0.07692223,-0.011718885
0.3,373,0.076753243,0.067571202,0.0091820402
0.3,374,0.068469811,0.060849117,0.0076206935
0.3,375,0.00083797349,-0.0040823221,0.0049202956
0.3,376,0.044685645,0.036223216,0.0084624289
0.3,377,0.12154269,0.11415302,0.0073896699
0.3,378,0.076938373,0.092118716,-0.015180343
0.3,379,0.094047978,0.12548774,-0.031439763
0.3,380,0.02831091,0.022188936,0.0061219744
0.3,381,0.053379266,0.046097221,0.0072820447
0.3,382,0.033700182,0.040726193,-0.0070260112
0.3,383,0.058851619,0.052524042,0.0063275767
0.3,384,0.10372225,0.11279612,-0.009073868
0.3,385,0.11723228,0.10903158,0.0082007012
0.3,386,0.029522767,0.02180791,0.007714857
0.3,387,0.061434841,0.066472487,-0.0050376464
0.3,388,0.05295513,0.053518991,-0.00056386089
0.3,389,0.045457415,0.03753128,0.0079261344
0.3,390,0.11934078,0.11325012,0.0060906599
0.3,391,0.076033948,0.081004401,-0.0049704532
0.3,392,0.10479476,0.095388006,0.0094067588
0.3,393,0.068654637,0.063035382,0.005619255
0.3,394,-0.038245399,-0.018309217,-0.019936181
0.3,395,0.080220712,0.072344851,0.0078758614
0.3,396,0.0090472351,0.012357851,-0.0033106162
0.3,397,0.10410261,0.096199932,0.0079026747
0.3,398,0.048526012,0.042250265,0.0062757473
0.3,399,0.026219469,0.02351691,0.0027025589
0.3,400,0.014447348,0.046235052,-0.031787703
0.3,401,0.0085700324,0.00309738,0.0054726524
0.3,402,0.036811366,0.033158693,0.0036526735
0.3,403,0.14664199,0.16678256,-0.02014057
0.3,404,0.07836494,0.07103332,0.00733162
0.3,405,0.10958093,0.1060207,0.0035602272
0.3,406,0.03614768,0.028262269,0.0078854106
0.3,407,0.066656835,0.058902929,0.0077539068
0.3,408,0.051014437,0.065763846,-0.014749409
0.3,409,0.072766051,0.10625306,-0.03348701
0.3,410,0.050775866,0.042901579,0.0078742876
0.3,411,0.0667309,0.061024418,0.0057064822
0.3,412,-0.050952619,-0.058948348,0.007995729
0.3,413,0.031022705,0.026352683,0.0046700224
0.3,414,0.080303109,0.080193493,0.00010961552
0.3,415,0.10271344,0.098467265,0.0042461723
0.3,416,0.054090766,0.07188035,-0.017789584
0.3,417,0.049489566,0.044047442,0.0054421248
0.3,418,0.087828112,0.087426018,0.0004020949
0.3,419,0.038404304,0.040370769,-0.001966465
0.3,420,0.050259829,0.045469379,0.0047904499
0.3,421,0.065446031,0.062773737,0.0026722948
0.3,422,0.050005003,0.04410267,0.0059023324
0.3,423,0.0081074404,0.0088579016,-0.00075046115
0.3,424,0.044338869,0.048093603,-0.0037547338
0.3,425,0.057472924,0.066908286,-0.0094353622
0.3,426,0.032020213,0.027128066,0.0048921468
0.3,427,0.057796118,0.054962383,0.0028337347
0.3,428,0.042993606,0.042859756,0.00013385002
0.3,429,0.068273848,0.066292247,0.0019816008
0.3,430,0.10098661,0.096727069,0.0042595365
0.3,431,0.057427362,0.054936374,0.0024909877
0.3,432,0.046136982,0.038674286,0.0074626962
0.3,433,0.046511725,0.042032693,0.0044790317
0.3,434,0.058806172,0.074686056,-0.015879883
0.3,435,0.082184762,0.075697745,0.0064870171
0.3,436,0.0068690848,0.0031307786,0.0037383062
0.3,437,0.020152756,0.021013423,-0.00086066691
0.3,438,0.098158865,0.090346232,0.0078126335
0.3,439,0.095592902,0.088114012,0.0074788893
0.3,440,0.076184392,0.069311805,0.0068725873
0.3,441,0.078448221,0.07688499,0.0015632311
0.3,442,0.14492523,0.14756319,-0.0026379548
0.3,443,0.085989557,0.11679431,-0.030804755
0.3,444,0.022150498,0.015171755,0.0069787435
0.3,445,0.14529305,0.13785878,0.0074342728
0.3,446,0.060121998,0.051839173,0.008282825
0.3,447,0.057658573,0.054908441,0.0027501318
0.3,448,0.122553,0.12233545,0.00021755157
0.3,449,0.043316492,0.064432797,-0.021116305
0.3,450,0.05086431,0.044521702,0.0063426085
0.3,451,0.087418545,0.081583119,0.0058354256
0.3,452,0.10183488,0.094510502,0.007324377
0.3,453,0.035007342,0.02960318,0.0054041618
0.3,454,0.068350318,0.061934055,0.0064162636
0.3,455,0.10121032,0.093027794,0.0081825261
0.3,456,0.13030787,0.15009685,-0.01978898
0.3,457,0.054232636,0.071596604,-0.017363968
0.3,458,0.090433096,0.08274874,0.0076843565
0.3,459,0.094760502,0.089499273,0.0052612289
0.3,460,0.050147498,0.045223387,0.0049241109
0.3,461,0.021919182,0.012998001,0.0089211808
0.3,462,0.075598103,0.068452956,0.0071451473
0.3,463,0.019214308,0.0099786898,0.0092356183
0.3,464,0.013126098,0.0088341771,0.0042919206
0.3,465,0.052002155,0.060523109,-0.0085209541
0.3,466,0.098475992,0.088854947,0.009621045
0.3,467,0.023612305,0.019852657,0.0037596476
0.3,468,0.072442841,0.066710614,0.005732227
0.3,469,0.077036077,0.069780201,0.0072558755
0.3,470,0.057125758,0.048227323,0.0088984344
0.3,471,0.048292188,0.039288681,0.0090035078
0.3,472,0.06036074,0.052154668,0.008206072
0.3,473,0.071545396,0.078506253,-0.0069608579
0.3,474,0.056864348,0.061793801,-0.0049294532
0.3,475,0.076169943,0.070454964,0.0057149792
0.3,476,0.085561006,0.097296897,-0.011735891
0.3,477,0.057588852,0.051352111,0.0062367412
0.3,478,0.072270286,0.067707457,0.0045628289
0.3,479,0.0050976421,0.0065332533,-0.0014356112
0.3,480,0.091748795,0.088150937,0.0035978586
0.3,481,0.10293557,0.095324593,0.0076109798
0.3,482,0.080474611,0.086529967,-0.0060553559
0.3,483,0.033243936,0.038466936,-0.0052230003
0.3,484,0.016008441,0.049672022,-0.033663581
0.3,485,0.0683769,0.074123902,-0.0057470019
0.3,486,0.054343199,0.057160044,-0.0028168444
0.3,487,0.050422579,0.042334457,0.0080881224
0.3,488,0.067200395,0.059077528,0.008122867
0.3,489,3.5412786e-05,-0.0075948516,0.0076302644
0.3,490,0.064403807,0.060503675,0.0039001321
0.3,491,0.083015149,0.076315292,0.0066998569
0.3,492,0.091879229,0.090699882,0.0011793473
0.3,493,0.019664041,0.012573145,0.0070908966
0.3,494,0.021276365,0.014949958,0.0063264067
0.3,495,0.07583587,0.078577359,-0.0027414884
0.3,496,0.039711481,0.034662382,0.0050490989
0.3,497,0.086285516,0.09195261,-0.0056670948
0.3,498,0.10474761,0.1027891,0.0019585144
0.3,499,0.054400009,0.052796718,0.0016032912
0.3,500,0.0054745318,-0.0021112469,0.0075857787
0.3,501,0.0042294679,0.0043427831,-0.00011331518
0.3,502,0.018626959,0.062553891,-0.043926932
0.3,503,-0.028194753,-0.024725242,-0.0034695103
0.3,504,0.0096422604,0.0026662205,0.0069760399
0.3,505,0.020680803,0.038878702,-0.018197898
0.3,506,0.06530489,0.059923314,0.0053815761
0.3,507,0.035084626,0.034407713,0.00067691251
0.3,508,0.084849445,0.08316293,0.0016865149
0.3,509,0.034594453,0.027227049,0.0073674035
0.3,510,-0.024558306,-0.027663076,0.0031047704
0.3,511,-0.0013624674,0.006115884,-0.0074783514
0.3,512,0.10602572,0.10122593,0.0047997871
0.3,513,0.107929,0.11280769,-0.0048786892
0.3,514,0.11201924,0.10542578,0.0065934657
0.3,515,0.072141459,0.06845436,0.0036870993
0.3,516,0.047522344,0.053981678,-0.0064593344
0.3,517,0.02098263,0.022617807,-0.0016351765
0.3,518,0.084554277,0.077602238,0.0069520393
0.3,519,0.0254226,0.017980096,0.0074425038
0.3,520,0.062046629,0.088373892,-0.026327263
0.3,521,0.10055104,0.094468032,0.0060830049
0.3,522,0.1006087,0.092805483,0.0078032152
0.3,523,0.030604555,0.026873623,0.0037309322
0.3,524,0.019790216,0.011794875,0.0079953408
0.3,525,0.033406832,0.033897451,-0.00049061993
0.3,526,0.032292657,0.024763045,0.0075296123
0.3,527,0.058783479,0.051079633,0.0077038461
0.3,528,0.056585891,0.056504841,8.1049955e-05
0.3,529,0.049516891,0.045475136,0.0040417548
0.3,530,0.074498204,0.066873051,0.0076251535
0.3,531,0.053892651,0.052103732,0.0017889194
0.3,532,0.0092626507,0.013098374,-0.0038357229
0.3,533,0.084823349,0.077312705,0.0075106442
0.3,534,0.0095025185,0.0072641566,0.002238362
0.3,535,-0.0012586305,-0.0061508895,0.0048922589
0.3,536,0.036094308,0.027132268,0.0089620397
0.3,537,0.019501986,0.01254649,0.0069554953
0.3,538,0.072951859,0.078670928,-0.0057190684
0.3,539,0.047044785,0.041415889,0.0056288953
0.3,540,0.10267775,0.10291511,-0.00023735576
0.3,541,0.091169526,0.11344789,-0.022278366
0.3,542,0.12167955,0.13367597,-0.011996421
0.3,543,0.0595266,0.054738802,0.0047877975
0.3,544,0.029266848,0.02188951,0.0073773379
0.3,545,0.033748718,0.026567083,0.0071816343
0.3,546,0.036190563,0.028988736,0.0072018267
0.3,547,0.00080894491,-0.0067539101,0.007562855
0.3,548,0.047490736,0.039798763,0.0076919733
0.3,549,0.10666745,0.11438138,-0.0077139246
0.3,550,-0.0052581478,-0.012114374,0.0068562265
0.3,551,0.095012077,0.088373019,0.0066390583
0.3,552,0.019464409,0.01367859,0.0057858188
0.3,553,0.047843674,0.043589083,0.0042545917
0.3,554,0.09862895,0.091507954,0.0071209962
0.3,555,0.043967898,0.037512146,0.0064557521
0.3,556,0.1049482,0.10776214,-0.0028139345
0.3,557,0.040753582,0.049297312,-0.0085437305
0.3,558,0.027753181,0.020862095,0.0068910861
0.3,559,0.079592994,0.10711931,-0.027526315
0.3,560,0.086569629,0.079899226,0.0066704031
0.3,561,0.11278709,0.11005835,0.002728739
0.3,562,0.066421049,0.058041649,0.0083793998
0.3,563,-0.016771024,-0.021661897,0.0048908739
0.3,564,0.087614037,0.07948821,0.0081258272
0.3,565,0.066242637,0.061218927,0.0050237103
0.3,566,0.020657346,0.031295402,-0.010638056
0.3,567,0.053033669,0.051771333,0.0012623357
0.3,568,0.039899892,0.033696614,0.0062032778
0.3,569,0.029018485,0.020858371,0.0081601146
0.3,570,0.07486559,0.077359032,-0.0024934426
0.3,571,0.018236808,0.012034902,0.0062019061
0.3,572,0.02555777,0.021111253,0.0044465165
0.3,573,0.014125955,0.0092291524,0.0048968024
0.3,574,0.030526554,0.030895322,-0.00036876779
0.3,575,0.052154314,0.045697833,0.006456481
0.3,576,0.11096248,0.11015569,0.00080679519
0.3,577,0.081227221,0.073622718,0.0076045029
0.3,578,0.032570683,0.026072594,0.006498089
0.3,579,0.046190161,0.047183956,-0.00099379512
0.3,580,0.090667625,0.084755172,0.0059124524
0.3,581,0.049715577,0.047229321,0.0024862569
0.3,582,0.10433545,0.098435186,0.0059002655
0.3,583,0.029036124,0.02162692,0.0074092039
0.3,584,0.05986946,0.052258707,0.0076107529
0.3,585,0.042704751,0.060240313,-0.017535562
0.3,586,-0.026580276,-0.0045146981,-0.022065578
0.3,587,0.0072222424,0.0015855408,0.0056367015
0.3,588,0.056192761,0.05994122,-0.0037484596
0.3,589,0.053272165,0.050848551,0.0024236138
0.3,590,0.088303455,0.092426427,-0.0041229713
0.3,591,0.11426595,0.11380187,0.00046408423
0.3,592,0.040158171,0.032602815,0.0075553559
0.3,593,-0.039685563,-0.045676115,0.005990552
0.3,594,0.063272161,0.065834211,-0.00256205
0.3,595,0.093046402,0.087063231,0.0059831709
0.3,596,0.054740491,0.05092864,0.0038118505
0.3,597,0.049748262,0.043949863,0.0057983993
0.3,598,0.093467336,0.085556086,0.0079112506
0.3,599,0.048352551,0.047011736,0.0013408151
0.3,600,0.091535313,0.10107792,-0.0095426099
0.3,601,0.044335689,0.037555158,0.0067805314
0.3,602,0.09615965,0.090114225,0.0060454248
0.3,603,0.040156992,0.033729029,0.0064279631
0.3,604,0.050230196,0.096691387,-0.046461191
0.3,605,0.050514251,0.0665606,-0.016046349
0.3,606,0.0076084061,0.024501252,-0.016892846
0.3,607,0.067923305,0.062510097,0.0054132081
0.3,608,0.049005696,0.043199405,0.0058062901
0.3,609,0.039504187,0.032087335,0.0074168521
0.3,610,0.011775578,0.023361602,-0.011586023
0.3,611,0.028267607,0.024493015,0.0037745923
0.3,612,0.048231659,0.053140112,-0.004908453
0.3,613,0.081205623,0.077173091,0.0040325319
0.3,614,0.066454619,0.071854527,-0.0053999082
0.3,615,0.1046448,0.09589668,0.0087481195
0.3,616,0.092384337,0.08743032,0.0049540172
0.3,617,0.03503433,0.026828239,0.0082060905
0.3,618,0.047094464,0.040574914,0.0065195497
0.3,619,0.026228284,0.026583244,-0.00035496004
0.3,620,0.11125796,0.12889485,-0.017636891
0.3,621,0.056067345,0.054078628,0.0019887169
0.3,622,0.057947035,0.055344981,0.0026020531
0.3,623,0.010578897,0.014607132,-0.0040282351
0.3,624,0.045234028,0.041233887,0.0040001402
0.3,625,0.0030321919,0.0023426541,0.00068953776
0.3,626,0.066081338,0.060086483,0.005994855
0.3,627,0.071573893,0.069037793,0.0025361002
0.3,628,0.050535094,0.043562678,0.0069724157
0.3,629,0.10656229,0.09898296,0.0075793271
0.3,630,-0.0087765398,-0.013354172,0.0045776326
0.3,631,0.0087914304,0.0013771059,0.0074143245
0.3,632,0.012587822,0.023939228,-0.011351407
0.3,633,-0.00018147317,-0.0049244934,0.0047430203
0.3,634,0.10267151,0.094434606,0.0082369021
0.3,635,0.10380438,0.097351939,0.0064524409
0.3,636,0.052839566,0.05108322,0.0017563455
0.3,637,0.013941251,0.014262961,-0.00032170979
0.3,638,0.092636193,0.087912452,0.0047237416
0.3,639,0.070775527,0.062190319,0.0085852074
0.3,640,0.050513601,0.040623164,0.009890437
0.3,641,0.047655577,0.041015918,0.006639659
0.3,642,0.09006742,0.083231407,0.0068360121
0.3,643,0.039659854,0.046040934,-0.0063810798
0.3,644,0.019696784,0.012485375,0.007211409
0.3,645,0.019297227,0.018968862,0.00032836438
0.3,646,0.10375226,0.099214202,0.0045380561
0.3,647,0.027906555,0.023293307,0.0046132478
0.3,648,0.050605879,0.04869541,0.0019104693
0.3,649,0.11341785,0.10346733,0.0099505225
0.3,650,0.048391816,0.051754622,-0.0033628052
0.3,651,0.11903137,0.12019815,-0.0011667786
0.3,652,0.07950871,0.075420119,0.0040885912
0.3,653,0.028449107,0.035811309,-0.0073622013
0.3,654,0.14429668,0.14365285,0.00064383024
0.3,655,0.051924572,0.042933918,0.0089906538
0.3,656,0.14669679,0.13901614,0.0076806569
0.3,657,0.037081653,0.046489689,-0.0094080364
0.3,658,0.02984961,0.021613959,0.0082356512
0.3,659,0.089788491,0.084874812,0.0049136791
0.3,660,0.054647826,0.050181328,0.004466498
0.3,661,0.070670449,0.072621739,-0.0019512899
0.3,662,0.048433362,0.048412575,2.0786691e-05
0.3,663,0.0375346,0.029865279,0.0076693211
0.3,664,0.067021121,0.063655802,0.0033653187
0.3,665,0.10169175,0.1044634,-0.0027716482
0.3,666,0.076751155,0.071586222,0.0051649333
0.3,667,0.037121078,0.048018643,-0.010897565
0.3,668,0.078821218,0.097570093,-0.018748875
0.3,669,0.039209313,0.033564924,0.0056443884
0.3,670,0.04381437,0.038252573,0.0055617968
0.3,671,0.086377508,0.082226943,0.0041505647
0.3,672,0.12119044,0.12464228,-0.0034518414
0.3,673,0.017497318,0.01176507,0.005732248
0.3,674,0.064617822,0.057325205,0.0072926167
0.3,675,0.05628726,0.062825875,-0.0065386145
0.3,676,0.092676601,0.084048785,0.0086278155
0.3,677,0.020792838,0.027208755,-0.006415917
0.3,678,0.10496978,0.10429404,0.00067574059
0.3,679,0.11996845,0.11925415,0.00071430689
0.3,680,0.12821143,0.12909728,-0.0008858483
0.3,681,0.064558195,0.070571662,-0.0060134666
0.3,682,0.049995823,0.041628839,0.0083669836
0.3,683,0.057410575,0.095724224,-0.038313649
0.3,684,0.12304381,0.14537635,-0.022332545
0.3,685,0.07254013,0.068046578,0.004493552
0.3,686,0.11735209,0.13348611,-0.016134025
0.3,687,0.093815033,0.090289545,0.0035254879
0.3,688,0.081613251,0.07376773,0.0078455207
0.3,689,0.0085114518,0.015935877,-0.0074244247
0.3,690,0.088819952,0.080113178,0.0087067739
0.3,691,0.012771398,0.017871272,-0.0050998734
0.3,692,0.043030305,0.034719171,0.0083111345
0.3,693,0.021914516,0.015847434,0.0060670823
0.3,694,0.034471883,0.028794605,0.0056772777
0.3,695,0.11455908,0.10690554,0.0076535426
0.3,696,0.088758252,0.080558207,0.0082000453
0.3,697,0.12584383,0.120815,0.005028822
0.3,698,0.0066565578,-2.469457e-05,0.0066812524
0.3,699,0.098838287,0.098678999,0.00015928836
0.3,700,0.10532797,0.098307344,0.0070206267
0.3,701,0.14490794,0.15117793,-0.0062699917
0.3,702,0.07437874,0.065208072,0.0091706673
0.3,703,-0.0039223893,-0.010808734,0.0068863445
0.3,704,0.15042094,0.17650888,-0.026087936
0.3,705,0.066888032,0.058685817,0.0082022148
0.3,706,0.080468602,0.073879496,0.0065891058
0.3,707,0.050159162,0.043906373,0.0062527888
0.3,708,-0.0067606517,-0.012684672,0.00592402
0.3,709,0.055816867,0.049145304,0.0066715633
0.3,710,0.050883421,0.04308214,0.0078012811
0.3,711,0.1392489,0.13117945,0.0080694498
0.3,712,0.13456442,0.12813109,0.0064333367
0.3,713,0.020616407,0.024120207,-0.0035038001
0.3,714,0.056796557,0.050275957,0.0065206005
0.3,715,0.021888279,0.01738398,0.0045042996
0.3,716,0.085991714,0.078444047,0.0075476669
0.3,717,0.078477347,0.072599126,0.0058782207
0.3,718,0.054184773,0.055085072,-0.00090029823
0.3,719,0.11213406,0.10787836,0.0042556994
0.3,720,0.068573557,0.060835826,0.0077377305
0.3,721,0.054423369,0.056796899,-0.0023735304
0.3,722,0.043130487,0.044922867,-0.0017923799
0.3,723,0.056000162,0.06330494,-0.0073047784
0.3,724,0.033318159,0.030028884,0.0032892744
0.3,725,0.056134248,0.063749419,-0.0076151708
0.3,726,-0.016071144,-0.023284825,0.0072136806
0.3,727,0.015770898,0.008003173,0.0077677254
0.3,728,0.14711457,0.14276874,0.0043458258
0.3,729,0.12115879,0.14048633,-0.019327541
0.3,730,0.10151456,0.093903369,0.0076111872
0.3,731,0.07208763,0.06542953,0.0066581007
0.3,732,0.073076617,0.076638827,-0.0035622106
0.3,733,0.04357886,0.053611046,-0.010032185
0.3,734,0.065808361,0.061659637,0.0041487235
0.3,735,0.10620807,0.098885508,0.0073225585
0.3,736,0.042579711,0.04593615,-0.0033564395
0.3,737,0.0546444,0.057459968,-0.0028155682
0.3,738,0.069699505,0.078307722,-0.0086082171
0.3,739,0.0057698034,0.0050915192,0.00067828411
0.3,740,0.07719133,0.10192563,-0.0247343
0.3,741,0.048928579,0.050771033,-0.001842454
0.3,742,0.056776699,0.049351003,0.007425696
0.3,743,0.1224653,0.11835345,0.0041118542
0.3,744,0.078629407,0.079058267,-0.00042885999
0.3,745,0.031328878,0.026485489,0.0048433886
0.3,746,0.011947557,0.0075004955,0.0044470613
0.3,747,0.075054664,0.082773305,-0.0077186403
0.3,748,0.060502571,0.054104513,0.0063980581
0.3,749,0.03672542,0.031972047,0.0047533733
0.3,750,0.09400202,0.085987172,0.0080148481
0.3,751,0.071103093,0.06750226,0.0036008325
0.3,752,0.018495225,0.016348676,0.0021465492
0.3,753,0.0609325,0.053243358,0.0076891417
0.3,754,0.069037167,0.061002311,0.0080348563
0.3,755,0.064258212,0.056209049,0.0080491636
0.3,756,0.10679194,0.13063646,-0.023844516
0.3,757,0.046199985,0.049208787,-0.003008802
0.3,758,0.053332452,0.049128739,0.0042037134
0.3,759,0.035329943,0.036094622,-0.00076467911
0.3,760,0.081924102,0.073823989,0.0081001133
0.3,761,0.060214573,0.061072038,-0.00085746487
0.3,762,0.01747589,0.0093504586,0.0081254311
0.3,763,0.027165181,0.025135611,0.0020295696
0.3,764,0.080633473,0.074896022,0.0057374512
0.3,765,0.10653299,0.099172932,0.0073600583
0.3,766,0.074059576,0.066359444,0.0077001316
0.3,767,0.086209623,0.086609428,-0.00039980519
0.3,768,0.063279069,0.055486452,0.0077926171
0.3,769,0.057346217,0.05060946,0.0067367563
0.3,770,0.10444949,0.093640186,0.0108093
0.3,771,0.07552462,0.06714915,0.0083754702
0.3,772,0.010064456,0.012238013,-0.0021735562
0.3,773,0.09955358,0.097814938,0.0017386429
0.3,774,0.073433949,0.098420893,-0.024986945
0.3,775,0.049392562,0.045819719,0.0035728429
0.3,776,0.03897063,0.032188113,0.0067825172
0.3,777,0.031040692,0.02420246,0.006838232
0.3,778,0.0173841,0.0093254128,0.0080586873
0.3,779,0.046871221,0.047971763,-0.0011005414
0.3,780,0.0463342,0.051719575,-0.005385375
0.3,781,0.087530836,0.079407241,0.008123595
0.3,782,0.034552087,0.029618502,0.004933585
0.3,783,0.062641419,0.057070831,0.0055705883
0.3,784,-0.0012556055,0.012876711,-0.014132317
0.3,785,0.058344693,0.050383732,0.007960961
0.3,786,0.12391625,0.12563255,-0.0017162996
0.3,787,0.027438589,0.022736279,0.0047023104
0.3,788,0.045219706,0.051529509,-0.0063098034
0.3,789,0.032003652,0.025503128,0.0065005246
0.3,790,0.056001673,0.050667524,0.0053341492
0.3,791,0.090703149,0.1069323,-0.01622915
0.3,792,0.085516347,0.078492911,0.0070234353
0.3,793,0.078492889,0.070142628,0.0083502614
0.3,794,0.1275903,0.13436328,-0.0067729826
0.3,795,0.075744474,0.074876461,0.00086801244
0.3,796,0.0022902971,-0.0059620526,0.0082523497
0.3,797,0.088843123,0.090902503,-0.0020593797
0.3,798,0.026692682,0.021211323,0.0054813586
0.3,799,0.090025112,0.092291227,-0.0022661146
0.3,800,0.1105583,0.10380029,0.0067580013
0.3,801,0.04850273,0.060322687,-0.011819957
0.3,802,0.11076949,0.10311232,0.0076571757
0.3,803,0.051028823,0.04497215,0.0060566737
0.3,804,0.0032810013,-0.00051100481,0.0037920061
0.3,805,0.079085794,0.076639389,0.0024464042
0.3,806,0.073184724,0.065893613,0.0072911116
0.3,807,0.057884806,0.069540626,-0.01165582
0.3,808,0.016488081,0.012169442,0.0043186388
0.3,809,0.034841984,0.027472121,0.0073698633
0.3,810,0.016708538,0.037653405,-0.020944867
0.3,811,0.10204402,0.094833311,0.0072107044
0.3,812,0.13562542,0.12681316,0.0088122553
0.3,813,0.098591587,0.093588397,0.0050031905
0.3,814,0.041706103,0.036242187,0.0054639166
0.3,815,0.089047535,0.085801397,0.0032461383
0.3,816,0.044136546,0.04055624,0.0035803065
0.3,817,0.066575667,0.06523609,0.0013395773
0.3,818,0.077815399,0.078298694,-0.00048329493
0.3,819,0.049921511,0.042330011,0.0075914995
0.3,820,0.1008407,0.10549521,-0.0046545032
0.3,821,0.083664485,0.075577092,0.0080873928
0.3,822,0.057959822,0.053024552,0.0049352702
0.3,823,0.084097252,0.080076691,0.0040205604
0.3,824,0.079280654,0.074211063,0.005069591
0.3,825,0.025002987,0.017669197,0.0073337894
0.3,826,0.069873461,0.06309095,0.0067825114
0.3,827,-0.0041681881,-0.010693147,0.006524959
0.3,828,0.011319764,0.010763225,0.0005565384
0.3,829,0.014235648,0.010831591,0.0034040564
0.3,830,0.035420925,0.028818102,0.0066028233
0.3,831,0.062476062,0.062041794,0.00043426885
0.3,832,0.055012333,0.04656035,0.0084519825
0.3,833,0.033398022,0.027595466,0.0058025551
0.3,834,0.11808938,0.11339122,0.0046981561
0.3,835,0.064384249,0.061175425,0.0032088245
0.3,836,0.071647751,0.078778375,-0.007130624
0.3,837,0.039908236,0.03309802,0.0068102165
0.3,838,0.019163699,0.019776636,-0.00061293628
0.3,839,0.010192892,0.003151954,0.0070409384
0.3,840,0.062471222,0.055370101,0.0071011211
0.3,841,0.011081772,0.0038967955,0.0071849762
0.3,842,0.078407233,0.077242872,0.0011643612
0.3,843,0.071031385,0.061067846,0.0099635392
0.3,844,0.082546827,0.077025188,0.005521639
0.3,845,-0.0051781876,0.0011350138,-0.0063132015
0.3,846,0.082004378,0.086737536,-0.0047331581
0.3,847,0.01185374,0.0044367783,0.0074169615
0.3,848,0.084245541,0.085562822,-0.0013172808
0.3,849,0.034437127,0.026983461,0.0074536666
0.3,850,0.093442568,0.10272311,-0.0092805435
0.3,851,0.017301413,0.034342198,-0.017040785
0.3,852,0.049881464,0.04308436,0.006797104
0.3,853,0.01176475,0.010309998,0.0014547522
0.3,854,0.060222301,0.055516656,0.0047056451
0.3,855,0.096823075,0.10040977,-0.0035866978
0.3,856,0.0045005421,-0.0013998625,0.0059004046
0.3,857,0.04743834,0.039248619,0.0081897207
0.3,858,0.011889776,0.0088164512,0.0030733253
0.3,859,0.023330495,0.048704567,-0.025374071
0.3,860,0.059307133,0.062014738,-0.002707605
0.3,861,0.045446333,0.050249345,-0.0048030111
0.3,862,0.099789784,0.11565883,-0.015869046
0.3,863,0.038813873,0.030563859,0.0082500131
0.3,864,0.12300274,0.11653707,0.006465671
0.3,865,0.10184517,0.094161601,0.0076835644
0.3,866,0.044310408,0.039098154,0.0052122536
0.3,867,-0.010436841,-0.018029124,0.0075922834
0.3,868,0.046980386,0.047153668,-0.0001732821
0.3,869,0.068904718,0.060214747,0.0086899707
0.3,870,0.06946504,0.062410991,0.0070540495
0.3,871,-0.0068882609,-0.0035290383,-0.0033592227
0.3,872,0.11507813,0.13027427,-0.015196138
0.3,873,0.10154705,0.1013316,0.00021544686
0.3,874,0.079772056,0.075068895,0.004703161
0.3,875,0.13218513,0.12603818,0.00614695
0.3,876,0.055376719,0.063910732,-0.0085340137
0.3,877,0.057475914,0.061650758,-0.0041748439
0.3,878,0.057447822,0.051042485,0.0064053371
0.3,879,0.049927761,0.041765566,0.0081621952
0.3,880,-0.023341735,-0.025436846,0.0020951102
0.3,881,-0.0042240788,0.00072889525,-0.0049529741
0.3,882,-0.01310727,-0.020862962,0.0077556927
0.3,883,0.055861027,0.0524798,0.0033812269
0.3,884,0.087204395,0.080718218,0.0064861769
0.3,885,0.080130866,0.072035333,0.0080955326
0.3,886,0.03916586,0.031452536,0.0077133231
0.3,887,0.073375868,0.065136123,0.0082397443
0.3,888,0.062767667,0.085355685,-0.022588018
0.3,889,0.06857553,0.063234138,0.0053413925
0.3,890,0.10333483,0.097132413,0.0062024127
0.3,891,0.064100084,0.05799468,0.0061054043
0.3,892,0.15573212,0.15015642,0.0055757008
0.3,893,0.12219061,0.11434175,0.0078488585
0.3,894,0.020068823,0.0180309,0.0020379237
0.3,895,0.073774672,0.070000476,0.0037741953
0.3,896,0.042774217,0.047014552,-0.0042403348
0.3,897,0.072457391,0.068081423,0.0043759681
0.3,898,0.090084691,0.094156175,-0.0040714841
0.3,899,0.04106756,0.033120955,0.0079466047
0.3,900,0.023324715,0.015583086,0.0077416289
0.3,901,0.038359188,0.057008919,-0.018649731
0.3,902,0.065574226,0.068355141,-0.0027809148
0.3,903,0.062378723,0.061094329,0.0012843935
0.3,904,0.072311751,0.10932918,-0.037017425
0.3,905,0.051618834,0.050304336,0.0013144976
0.3,906,0.049989585,0.043869698,0.0061198879
0.3,907,0.091511846,0.088742562,0.0027692843
0.3,908,-0.0072651228,-0.014098382,0.0068332595
0.3,909,0.065657611,0.092639189,-0.026981578
0.3,910,0.078845333,0.070526006,0.0083193262
0.3,911,0.071864425,0.085040948,-0.013176523
0.3,912,0.12066709,0.11165544,0.0090116416
0.3,913,-0.00071908226,-0.0075659171,0.0068468349
0.3,914,0.042430649,0.04201839,0.00041225875
0.3,915,0.057896944,0.050036529,0.0078604141
0.3,916,0.074981021,0.079773361,-0.0047923399
0.3,917,0.025145572,0.016536288,0.0086092839
0.3,918,0.026856345,0.043616116,-0.016759772
0.3,919,0.089571033,0.082770167,0.0068008658
0.3,920,-0.01143827,-0.019000581,0.0075623108
0.3,921,0.014580699,0.0098235154,0.0047571834
0.3,922,0.066810061,0.057735289,0.0090747717
0.3,923,0.090767405,0.084181641,0.0065857632
0.3,924,0.038395322,0.040495136,-0.002099814
0.3,925,-0.021542068,-0.026303959,0.0047618913
0.3,926,0.066777106,0.069408219,-0.0026311131
0.3,927,0.063139653,0.055554473,0.0075851798
0.3,928,0.048368831,0.043245744,0.0051230865
0.3,929,0.087282854,0.078733702,0.0085491523
0.3,930,0.057312744,0.052209778,0.0051029666
0.3,931,0.088587909,0.084242957,0.0043449519
0.3,932,0.00036683184,0.01974798,-0.019381148
0.3,933,0.0051950949,-0.003298317,0.0084934118
0.3,934,0.057960223,0.050825635,0.0071345884
0.3,935,0.12555958,0.11804844,0.0075111447
0.3,936,0.022503344,0.015337171,0.0071661728
0.3,937,0.076875091,0.076854767,2.0324037e-05
0.3,938,0.059958143,0.057718906,0.0022392362
0.3,939,0.11151914,0.12069074,-0.0091715983
0.3,940,0.16477018,0.17834292,-0.013572744
0.3,941,0.10156716,0.094271563,0.0072955917
0.3,942,0.081791081,0.098296443,-0.016505363
0.3,943,0.052087482,0.044856236,0.0072312461
0.3,944,-0.0017254097,-0.0099821277,0.008256718
0.3,945,0.044631531,0.037059056,0.0075724753
0.3,946,0.11327081,0.10405609,0.0092147132
0.3,947,0.036283893,0.037080221,-0.00079632818
0.3,948,0.12507085,0.11706476,0.0080060898
0.3,949,0.085297593,0.07801864,0.0072789527
0.3,950,0.071285062,0.065296893,0.0059881696
0.3,951,0.086932608,0.085195129,0.0017374783
0.3,952,0.065615184,0.076561438,-0.010946254
0.3,953,0.083593484,0.077370621,0.0062228632
0.3,954,0.071354797,0.067430178,0.0039246195
0.3,955,0.051612656,0.051362901,0.00024975474
0.3,956,0.048206784,0.066651491,-0.018444707
0.3,957,0.043778141,0.06848874,-0.0247106
0.3,958,0.017002955,0.018112175,-0.0011092205
0.3,959,0.023297093,0.029750508,-0.0064534149
0.3,960,0.090527148,0.09384873,-0.0033215824
0.3,961,0.043636208,0.043197648,0.00043856092
0.3,962,0.12457369,0.13986575,-0.01529206
0.3,963,0.051266767,0.04412552,0.0071412468
0.3,964,0.069552314,0.073204957,-0.0036526438
0.3,965,0.051127994,0.04347922,0.0076487742
0.3,966,0.096328459,0.10234611,-0.0060176545
0.3,967,0.03476049,0.027742123,0.0070183675
0.3,968,0.060245741,0.074587255,-0.014341515
0.3,969,0.024401539,0.01973805,0.0046634889
0.3,970,0.068866672,0.060778185,0.0080884876
0.3,971,0.049993747,0.040700702,0.009293045
0.3,972,0.014112923,0.0093194177,0.0047935049
0.3,973,0.063939446,0.06176919,0.002170256
0.3,974,0.024249036,0.026596095,-0.0023470593
0.3,975,0.085769537,0.077887937,0.0078815998
0.3,976,0.063013388,0.055214643,0.0077987451
0.3,977,0.088883972,0.081955395,0.006928577
0.3,978,0.088332429,0.11889325,-0.030560819
0.3,979,0.03311017,0.025801172,0.0073089978
0.3,980,0.025177189,0.036632671,-0.011455482
0.3,981,0.090448403,0.090056355,0.00039204786
0.3,982,0.13360221,0.13041418,0.0031880333
0.3,983,0.044223619,0.040471943,0.0037516758
0.3,984,0.02825355,0.033287711,-0.0050341616
0.3,985,-0.0051288099,0.00057398597,-0.0057027959
0.3,986,0.03677498,0.029029547,0.0077454327
0.3,987,0.066628463,0.059412375,0.0072160878
0.3,988,0.080803344,0.07556217,0.005241174
0.3,989,0.040591574,0.032735711,0.0078558632
0.3,990,0.04705724,0.058138596,-0.011081356
0.3,991,0.00052444863,-0.0065074677,0.0070319163
0.3,992,0.024861289,0.023645523,0.0012157658
0.3,993,0.063660363,0.067751601,-0.0040912375
0.3,994,-0.0088235515,-0.0061547634,-0.0026687881
0.3,995,0.097488207,0.10519292,-0.0077047092
0.3,996,0.090819805,0.10192654,-0.01110674
0.3,997,0.091024099,0.088336386,0.0026877138
0.3,998,0.054588819,0.047718417,0.0068704016
0.3,999,0.029946594,0.022198793,0.0077478011
