path,period,strategy,wealth
0,0,rebalanced,1
0,1,rebalanced,0.75
0,2,rebalanced,1.125
0,3,rebalanced,1.6875
0,4,rebalanced,1.265625
0,5,rebalanced,0.94921875
0,6,rebalanced,1.4238281
0,7,rebalanced,1.0678711
0,8,rebalanced,0.80090332
0,9,rebalanced,1.201355
0,10,rebalanced,0.90101624
0,11,rebalanced,1.3515244
0,12,rebalanced,1.0136433
0,13,rebalanced,1.5204649
0,14,rebalanced,1.1403487
0,15,rebalanced,1.710523
0,16,rebalanced,2.5657845
0,17,rebalanced,1.9243384
0,18,rebalanced,1.4432538
0,19,rebalanced,1.0824403
0,20,rebalanced,1.6236605
0,21,rebalanced,2.4354908
0,22,rebalanced,1.8266181
0,23,rebalanced,1.3699636
0,24,rebalanced,1.0274727
0,25,rebalanced,0.7706045
0,26,rebalanced,0.57795338
0,27,rebalanced,0.43346503
0,28,rebalanced,0.32509877
0,29,rebalanced,0.48764816
0,30,rebalanced,0.36573612
0,31,rebalanced,0.27430209
0,32,rebalanced,0.41145314
0,33,rebalanced,0.30858985
0,34,rebalanced,0.46288478
0,35,rebalanced,0.69432717
0,36,rebalanced,1.0414907
0,37,rebalanced,0.78111806
0,38,rebalanced,1.1716771
0,39,rebalanced,1.7575156
0,40,rebalanced,2.6362735
0,41,rebalanced,3.9544102
0,42,rebalanced,2.9658076
0,43,rebalanced,2.2243557
0,44,rebalanced,1.6682668
0,45,rebalanced,2.5024002
0,46,rebalanced,1.8768001
0,47,rebalanced,2.8152002
0,48,rebalanced,4.2228003
0,49,rebalanced,3.1671003
0,50,rebalanced,2.3753252
0,51,rebalanced,3.5629878
0,52,rebalanced,5.3444817
0,53,rebalanced,8.0167225
0,54,rebalanced,6.0125419
0,55,rebalanced,9.0188128
0,56,rebalanced,6.7641096
0,57,rebalanced,10.146164
0,58,rebalanced,15.219247
0,59,rebalanced,11.414435
0,60,rebalanced,17.121652
0,61,rebalanced,12.841239
0,62,rebalanced,9.6309295
0,63,rebalanced,14.446394
0,64,rebalanced,21.669591
0,65,rebalanced,32.504387
0,66,rebalanced,24.37829
0,67,rebalanced,18.283718
0,68,rebalanced,13.712788
0,69,rebalanced,10.284591
0,70,rebalanced,7.7134434
0,71,rebalanced,11.570165
0,72,rebalanced,8.6776239
0,73,rebalanced,6.5082179
0,74,rebalanced,4.8811634
0,75,rebalanced,7.3217451
0,76,rebalanced,5.4913088
0,77,rebalanced,4.1184816
0,78,rebalanced,3.0888612
0,79,rebalanced,4.6332918
0,80,rebalanced,3.4749689
0,81,rebalanced,5.2124533
0,82,rebalanced,3.90934
0,83,rebalanced,5.86401
0,84,rebalanced,8.796015
0,85,rebalanced,13.194022
0,86,rebalanced,19.791034
0,87,rebalanced,14.843275
0,88,rebalanced,11.132456
0,89,rebalanced,8.3493423
0,90,rebalanced,6.2620068
0,91,rebalanced,4.6965051
0,92,rebalanced,7.0447576
0,93,rebalanced,5.2835682
0,94,rebalanced,7.9253523
0,95,rebalanced,5.9440142
0,96,rebalanced,8.9160213
0,97,rebalanced,13.374032
0,98,rebalanced,10.030524
0,99,rebalanced,7.522893
0,100,rebalanced,11.28434
1,0,rebalanced,1
1,1,rebalanced,1.5
1,2,rebalanced,1.125
1,3,rebalanced,0.84375
1,4,rebalanced,1.265625
1,5,rebalanced,1.8984375
1,6,rebalanced,1.4238281
1,7,rebalanced,1.0678711
1,8,rebalanced,0.80090332
1,9,rebalanced,1.201355
1,10,rebalanced,0.90101624
1,11,rebalanced,0.67576218
1,12,rebalanced,1.0136433
1,13,rebalanced,0.76023245
1,14,rebalanced,0.57017434
1,15,rebalanced,0.8552615
1,16,rebalanced,0.64144613
1,17,rebalanced,0.96216919
1,18,rebalanced,1.4432538
1,19,rebalanced,1.0824403
1,20,rebalanced,0.81183026
1,21,rebalanced,0.60887269
1,22,rebalanced,0.91330904
1,23,rebalanced,0.68498178
1,24,rebalanced,1.0274727
1,25,rebalanced,1.541209
1,26,rebalanced,1.1559068
1,27,rebalanced,0.86693006
1,28,rebalanced,1.3003951
1,29,rebalanced,0.97529632
1,30,rebalanced,1.4629445
1,31,rebalanced,2.1944167
1,32,rebalanced,1.6458125
1,33,rebalanced,2.4687188
1,34,rebalanced,1.8515391
1,35,rebalanced,2.7773087
1,36,rebalanced,2.0829815
1,37,rebalanced,3.1244722
1,38,rebalanced,4.6867084
1,39,rebalanced,3.5150313
1,40,rebalanced,5.2725469
1,41,rebalanced,7.9088204
1,42,rebalanced,5.9316153
1,43,rebalanced,4.4487115
1,44,rebalanced,3.3365336
1,45,rebalanced,5.0048004
1,46,rebalanced,7.5072006
1,47,rebalanced,5.6304004
1,48,rebalanced,4.2228003
1,49,rebalanced,6.3342005
1,50,rebalanced,4.7506504
1,51,rebalanced,7.1259756
1,52,rebalanced,5.3444817
1,53,rebalanced,4.0083613
1,54,rebalanced,3.0062709
1,55,rebalanced,2.2547032
1,56,rebalanced,3.3820548
1,57,rebalanced,2.5365411
1,58,rebalanced,3.8048117
1,59,rebalanced,2.8536087
1,60,rebalanced,2.1402066
1,61,rebalanced,3.2103098
1,62,rebalanced,2.4077324
1,63,rebalanced,1.8057993
1,64,rebalanced,1.3543495
1,65,rebalanced,2.0315242
1,66,rebalanced,1.5236431
1,67,rebalanced,1.1427324
1,68,rebalanced,0.85704927
1,69,rebalanced,1.2855739
1,70,rebalanced,0.96418043
1,71,rebalanced,0.72313532
1,72,rebalanced,1.084703
1,73,rebalanced,1.6270545
1,74,rebalanced,2.4405817
1,75,rebalanced,1.8304363
1,76,rebalanced,1.3728272
1,77,rebalanced,1.0296204
1,78,rebalanced,1.5444306
1,79,rebalanced,1.158323
1,80,rebalanced,1.7374844
1,81,rebalanced,1.3031133
1,82,rebalanced,1.95467
1,83,rebalanced,1.4660025
1,84,rebalanced,2.1990037
1,85,rebalanced,1.6492528
1,86,rebalanced,2.4738792
1,87,rebalanced,1.8554094
1,88,rebalanced,1.3915571
1,89,rebalanced,1.0436678
1,90,rebalanced,0.78275084
1,91,rebalanced,0.58706313
1,92,rebalanced,0.8805947
1,93,rebalanced,0.66044603
1,94,rebalanced,0.99066904
1,95,rebalanced,0.74300178
1,96,rebalanced,1.1145027
1,97,rebalanced,1.671754
1,98,rebalanced,2.507631
1,99,rebalanced,3.7614465
1,100,rebalanced,5.6421698
2,0,rebalanced,1
2,1,rebalanced,1.5
2,2,rebalanced,2.25
2,3,rebalanced,1.6875
2,4,rebalanced,2.53125
2,5,rebalanced,1.8984375
2,6,rebalanced,1.4238281
2,7,rebalanced,1.0678711
2,8,rebalanced,1.6018066
2,9,rebalanced,2.40271
2,10,rebalanced,3.6040649
2,11,rebalanced,5.4060974
2,12,rebalanced,8.1091461
2,13,rebalanced,6.0818596
2,14,rebalanced,4.5613947
2,15,rebalanced,3.421046
2,16,rebalanced,2.5657845
2,17,rebalanced,1.9243384
2,18,rebalanced,1.4432538
2,19,rebalanced,2.1648807
2,20,rebalanced,3.247321
2,21,rebalanced,2.4354908
2,22,rebalanced,3.6532362
2,23,rebalanced,2.7399271
2,24,rebalanced,4.1098907
2,25,rebalanced,3.082418
2,26,rebalanced,2.3118135
2,27,rebalanced,3.4677203
2,28,rebalanced,5.2015804
2,29,rebalanced,7.8023706
2,30,rebalanced,11.703556
2,31,rebalanced,8.7776669
2,32,rebalanced,6.5832502
2,33,rebalanced,4.9374376
2,34,rebalanced,3.7030782
2,35,rebalanced,5.5546173
2,36,rebalanced,4.165963
2,37,rebalanced,3.1244722
2,38,rebalanced,4.6867084
2,39,rebalanced,3.5150313
2,40,rebalanced,5.2725469
2,41,rebalanced,7.9088204
2,42,rebalanced,11.863231
2,43,rebalanced,8.8974229
2,44,rebalanced,13.346134
2,45,rebalanced,10.009601
2,46,rebalanced,15.014401
2,47,rebalanced,11.260801
2,48,rebalanced,16.891201
2,49,rebalanced,12.668401
2,50,rebalanced,9.5013008
2,51,rebalanced,14.251951
2,52,rebalanced,21.377927
2,53,rebalanced,16.033445
2,54,rebalanced,24.050168
2,55,rebalanced,36.075251
2,56,rebalanced,54.112877
2,57,rebalanced,81.169315
2,58,rebalanced,60.876987
2,59,rebalanced,45.65774
2,60,rebalanced,34.243305
2,61,rebalanced,51.364957
2,62,rebalanced,77.047436
2,63,rebalanced,115.57115
2,64,rebalanced,86.678366
2,65,rebalanced,65.008774
2,66,rebalanced,97.513161
2,67,rebalanced,146.26974
2,68,rebalanced,109.70231
2,69,rebalanced,164.55346
2,70,rebalanced,246.83019
2,71,rebalanced,370.24528
2,72,rebalanced,277.68396
2,73,rebalanced,208.26297
2,74,rebalanced,156.19723
2,75,rebalanced,117.14792
2,76,rebalanced,87.860942
2,77,rebalanced,65.895706
2,78,rebalanced,98.843559
2,79,rebalanced,74.132669
2,80,rebalanced,111.199
2,81,rebalanced,166.79851
2,82,rebalanced,125.09888
2,83,rebalanced,93.82416
2,84,rebalanced,70.36812
2,85,rebalanced,52.77609
2,86,rebalanced,39.582067
2,87,rebalanced,29.686551
2,88,rebalanced,44.529826
2,89,rebalanced,33.397369
2,90,rebalanced,50.096054
2,91,rebalanced,75.144081
2,92,rebalanced,56.358061
2,93,rebalanced,42.268546
2,94,rebalanced,31.701409
2,95,rebalanced,47.552114
2,96,rebalanced,35.664085
2,97,rebalanced,26.748064
2,98,rebalanced,20.061048
2,99,rebalanced,30.091572
2,100,rebalanced,45.137358
3,0,rebalanced,1
3,1,rebalanced,1.5
3,2,rebalanced,2.25
3,3,rebalanced,3.375
3,4,rebalanced,5.0625
3,5,rebalanced,3.796875
3,6,rebalanced,2.8476562
3,7,rebalanced,2.1357422
3,8,rebalanced,1.6018066
3,9,rebalanced,1.201355
3,10,rebalanced,0.90101624
3,11,rebalanced,1.3515244
3,12,rebalanced,1.0136433
3,13,rebalanced,0.76023245
3,14,rebalanced,1.1403487
3,15,rebalanced,1.710523
3,16,rebalanced,2.5657845
3,17,rebalanced,1.9243384
3,18,rebalanced,2.8865076
3,19,rebalanced,4.3297614
3,20,rebalanced,3.247321
3,21,rebalanced,2.4354908
3,22,rebalanced,3.6532362
3,23,rebalanced,2.7399271
3,24,rebalanced,2.0549453
3,25,rebalanced,1.541209
3,26,rebalanced,2.3118135
3,27,rebalanced,3.4677203
3,28,rebalanced,5.2015804
3,29,rebalanced,7.8023706
3,30,rebalanced,11.703556
3,31,rebalanced,17.555334
3,32,rebalanced,13.1665
3,33,rebalanced,19.749751
3,34,rebalanced,29.624626
3,35,rebalanced,22.218469
3,36,rebalanced,33.327704
3,37,rebalanced,49.991556
3,38,rebalanced,74.987334
3,39,rebalanced,112.481
3,40,rebalanced,84.360751
3,41,rebalanced,126.54113
3,42,rebalanced,94.905845
3,43,rebalanced,142.35877
3,44,rebalanced,213.53815
3,45,rebalanced,320.30723
3,46,rebalanced,480.46084
3,47,rebalanced,360.34563
3,48,rebalanced,540.51844
3,49,rebalanced,405.38883
3,50,rebalanced,608.08325
3,51,rebalanced,912.12487
3,52,rebalanced,1368.1873
3,53,rebalanced,1026.1405
3,54,rebalanced,769.60536
3,55,rebalanced,577.20402
3,56,rebalanced,432.90302
3,57,rebalanced,649.35452
3,58,rebalanced,487.01589
3,59,rebalanced,730.52384
3,60,rebalanced,1095.7858
3,61,rebalanced,1643.6786
3,62,rebalanced,1232.759
3,63,rebalanced,1849.1385
3,64,rebalanced,2773.7077
3,65,rebalanced,4160.5616
3,66,rebalanced,6240.8423
3,67,rebalanced,9361.2635
3,68,rebalanced,14041.895
3,69,rebalanced,21062.843
3,70,rebalanced,15797.132
3,71,rebalanced,11847.849
3,72,rebalanced,8885.8868
3,73,rebalanced,13328.83
3,74,rebalanced,9996.6227
3,75,rebalanced,7497.467
3,76,rebalanced,11246.201
3,77,rebalanced,16869.301
3,78,rebalanced,25303.951
3,79,rebalanced,37955.927
3,80,rebalanced,28466.945
3,81,rebalanced,21350.209
3,82,rebalanced,32025.313
3,83,rebalanced,24018.985
3,84,rebalanced,18014.239
3,85,rebalanced,27021.358
3,86,rebalanced,20266.019
3,87,rebalanced,15199.514
3,88,rebalanced,11399.635
3,89,rebalanced,8549.7266
3,90,rebalanced,6412.2949
3,91,rebalanced,9618.4424
3,92,rebalanced,14427.664
3,93,rebalanced,10820.748
3,94,rebalanced,8115.5608
3,95,rebalanced,12173.341
3,96,rebalanced,9130.0058
3,97,rebalanced,6847.5044
3,98,rebalanced,10271.257
3,99,rebalanced,15406.885
3,100,rebalanced,11555.164
4,0,rebalanced,1
4,1,rebalanced,1.5
4,2,rebalanced,2.25
4,3,rebalanced,3.375
4,4,rebalanced,5.0625
4,5,rebalanced,7.59375
4,6,rebalanced,11.390625
4,7,rebalanced,17.085938
4,8,rebalanced,12.814453
4,9,rebalanced,9.6108398
4,10,rebalanced,7.2081299
4,11,rebalanced,5.4060974
4,12,rebalanced,4.0545731
4,13,rebalanced,3.0409298
4,14,rebalanced,2.2806973
4,15,rebalanced,3.421046
4,16,rebalanced,2.5657845
4,17,rebalanced,1.9243384
4,18,rebalanced,1.4432538
4,19,rebalanced,1.0824403
4,20,rebalanced,0.81183026
4,21,rebalanced,1.2177454
4,22,rebalanced,0.91330904
4,23,rebalanced,0.68498178
4,24,rebalanced,0.51373633
4,25,rebalanced,0.38530225
4,26,rebalanced,0.57795338
4,27,rebalanced,0.43346503
4,28,rebalanced,0.65019755
4,29,rebalanced,0.97529632
4,30,rebalanced,0.73147224
4,31,rebalanced,1.0972084
4,32,rebalanced,1.6458125
4,33,rebalanced,1.2343594
4,34,rebalanced,1.8515391
4,35,rebalanced,2.7773087
4,36,rebalanced,2.0829815
4,37,rebalanced,3.1244722
4,38,rebalanced,2.3433542
4,39,rebalanced,3.5150313
4,40,rebalanced,5.2725469
4,41,rebalanced,7.9088204
4,42,rebalanced,11.863231
4,43,rebalanced,17.794846
4,44,rebalanced,13.346134
4,45,rebalanced,20.019202
4,46,rebalanced,15.014401
4,47,rebalanced,22.521602
4,48,rebalanced,16.891201
4,49,rebalanced,25.336802
4,50,rebalanced,38.005203
4,51,rebalanced,57.007805
4,52,rebalanced,85.511707
4,53,rebalanced,128.26756
4,54,rebalanced,96.20067
4,55,rebalanced,72.150503
4,56,rebalanced,54.112877
4,57,rebalanced,40.584658
4,58,rebalanced,60.876987
4,59,rebalanced,45.65774
4,60,rebalanced,34.243305
4,61,rebalanced,25.682479
4,62,rebalanced,38.523718
4,63,rebalanced,57.785577
4,64,rebalanced,86.678366
4,65,rebalanced,130.01755
4,66,rebalanced,97.513161
4,67,rebalanced,146.26974
4,68,rebalanced,219.40461
4,69,rebalanced,164.55346
4,70,rebalanced,246.83019
4,71,rebalanced,185.12264
4,72,rebalanced,277.68396
4,73,rebalanced,416.52595
4,74,rebalanced,312.39446
4,75,rebalanced,234.29584
4,76,rebalanced,351.44377
4,77,rebalanced,527.16565
4,78,rebalanced,395.37424
4,79,rebalanced,296.53068
4,80,rebalanced,444.79602
4,81,rebalanced,333.59701
4,82,rebalanced,250.19776
4,83,rebalanced,187.64832
4,84,rebalanced,140.73624
4,85,rebalanced,211.10436
4,86,rebalanced,316.65654
4,87,rebalanced,474.98481
4,88,rebalanced,356.23861
4,89,rebalanced,534.35791
4,90,rebalanced,801.53686
4,91,rebalanced,601.15265
4,92,rebalanced,450.86449
4,93,rebalanced,676.29673
4,94,rebalanced,1014.4451
4,95,rebalanced,1521.6676
4,96,rebalanced,1141.2507
4,97,rebalanced,1711.8761
4,98,rebalanced,2567.8141
4,99,rebalanced,3851.7212
4,100,rebalanced,5777.5818
5,0,rebalanced,1
5,1,rebalanced,0.75
5,2,rebalanced,1.125
5,3,rebalanced,0.84375
5,4,rebalanced,0.6328125
5,5,rebalanced,0.47460938
5,6,rebalanced,0.35595703
5,7,rebalanced,0.26696777
5,8,rebalanced,0.20022583
5,9,rebalanced,0.30033875
5,10,rebalanced,0.22525406
5,11,rebalanced,0.33788109
5,12,rebalanced,0.25341082
5,13,rebalanced,0.19005811
5,14,rebalanced,0.28508717
5,15,rebalanced,0.21381538
5,16,rebalanced,0.16036153
5,17,rebalanced,0.2405423
5,18,rebalanced,0.18040672
5,19,rebalanced,0.13530504
5,20,rebalanced,0.10147878
5,21,rebalanced,0.076109087
5,22,rebalanced,0.11416363
5,23,rebalanced,0.085622722
5,24,rebalanced,0.12843408
5,25,rebalanced,0.19265113
5,26,rebalanced,0.14448834
5,27,rebalanced,0.21673252
5,28,rebalanced,0.32509877
5,29,rebalanced,0.24382408
5,30,rebalanced,0.18286806
5,31,rebalanced,0.27430209
5,32,rebalanced,0.41145314
5,33,rebalanced,0.30858985
5,34,rebalanced,0.23144239
5,35,rebalanced,0.34716358
5,36,rebalanced,0.52074537
5,37,rebalanced,0.78111806
5,38,rebalanced,1.1716771
5,39,rebalanced,0.87875782
5,40,rebalanced,0.65906837
5,41,rebalanced,0.49430127
5,42,rebalanced,0.74145191
5,43,rebalanced,1.1121779
5,44,rebalanced,0.8341334
5,45,rebalanced,0.62560005
5,46,rebalanced,0.93840007
5,47,rebalanced,1.4076001
5,48,rebalanced,2.1114002
5,49,rebalanced,1.5835501
5,50,rebalanced,2.3753252
5,51,rebalanced,1.7814939
5,52,rebalanced,2.6722408
5,53,rebalanced,2.0041806
5,54,rebalanced,3.0062709
5,55,rebalanced,4.5094064
5,56,rebalanced,3.3820548
5,57,rebalanced,2.5365411
5,58,rebalanced,1.9024058
5,59,rebalanced,2.8536087
5,60,rebalanced,4.2804131
5,61,rebalanced,6.4206197
5,62,rebalanced,9.6309295
5,63,rebalanced,7.2231971
5,64,rebalanced,5.4173979
5,65,rebalanced,4.0630484
5,66,rebalanced,6.0945726
5,67,rebalanced,9.1418589
5,68,rebalanced,13.712788
5,69,rebalanced,10.284591
5,70,rebalanced,7.7134434
5,71,rebalanced,11.570165
5,72,rebalanced,8.6776239
5,73,rebalanced,6.5082179
5,74,rebalanced,4.8811634
5,75,rebalanced,3.6608726
5,76,rebalanced,2.7456544
5,77,rebalanced,4.1184816
5,78,rebalanced,6.1777225
5,79,rebalanced,4.6332918
5,80,rebalanced,6.9499378
5,81,rebalanced,10.424907
5,82,rebalanced,7.81868
5,83,rebalanced,5.86401
5,84,rebalanced,8.796015
5,85,rebalanced,13.194022
5,86,rebalanced,19.791034
5,87,rebalanced,14.843275
5,88,rebalanced,22.264913
5,89,rebalanced,16.698685
5,90,rebalanced,25.048027
5,91,rebalanced,37.572041
5,92,rebalanced,56.358061
5,93,rebalanced,84.537091
5,94,rebalanced,63.402818
5,95,rebalanced,47.552114
5,96,rebalanced,35.664085
5,97,rebalanced,53.496128
5,98,rebalanced,80.244192
5,99,rebalanced,120.36629
5,100,rebalanced,90.274716
6,0,rebalanced,1
6,1,rebalanced,1.5
6,2,rebalanced,2.25
6,3,rebalanced,3.375
6,4,rebalanced,2.53125
6,5,rebalanced,1.8984375
6,6,rebalanced,2.8476562
6,7,rebalanced,2.1357422
6,8,rebalanced,1.6018066
6,9,rebalanced,2.40271
6,10,rebalanced,1.8020325
6,11,rebalanced,1.3515244
6,12,rebalanced,1.0136433
6,13,rebalanced,1.5204649
6,14,rebalanced,1.1403487
6,15,rebalanced,1.710523
6,16,rebalanced,1.2828923
6,17,rebalanced,1.9243384
6,18,rebalanced,2.8865076
6,19,rebalanced,2.1648807
6,20,rebalanced,3.247321
6,21,rebalanced,2.4354908
6,22,rebalanced,3.6532362
6,23,rebalanced,2.7399271
6,24,rebalanced,4.1098907
6,25,rebalanced,6.164836
6,26,rebalanced,9.247254
6,27,rebalanced,6.9354405
6,28,rebalanced,5.2015804
6,29,rebalanced,7.8023706
6,30,rebalanced,5.8517779
6,31,rebalanced,4.3888334
6,32,rebalanced,3.2916251
6,33,rebalanced,4.9374376
6,34,rebalanced,7.4061564
6,35,rebalanced,5.5546173
6,36,rebalanced,4.165963
6,37,rebalanced,3.1244722
6,38,rebalanced,2.3433542
6,39,rebalanced,1.7575156
6,40,rebalanced,2.6362735
6,41,rebalanced,1.9772051
6,42,rebalanced,2.9658076
6,43,rebalanced,2.2243557
6,44,rebalanced,3.3365336
6,45,rebalanced,2.5024002
6,46,rebalanced,1.8768001
6,47,rebalanced,1.4076001
6,48,rebalanced,1.0557001
6,49,rebalanced,1.5835501
6,50,rebalanced,1.1876626
6,51,rebalanced,1.7814939
6,52,rebalanced,2.6722408
6,53,rebalanced,2.0041806
6,54,rebalanced,1.5031355
6,55,rebalanced,2.2547032
6,56,rebalanced,1.6910274
6,57,rebalanced,1.2682706
6,58,rebalanced,1.9024058
6,59,rebalanced,2.8536087
6,60,rebalanced,2.1402066
6,61,rebalanced,1.6051549
6,62,rebalanced,2.4077324
6,63,rebalanced,1.8057993
6,64,rebalanced,1.3543495
6,65,rebalanced,1.0157621
6,66,rebalanced,0.76182157
6,67,rebalanced,0.57136618
6,68,rebalanced,0.42852463
6,69,rebalanced,0.64278695
6,70,rebalanced,0.96418043
6,71,rebalanced,1.4462706
6,72,rebalanced,1.084703
6,73,rebalanced,1.6270545
6,74,rebalanced,2.4405817
6,75,rebalanced,3.6608726
6,76,rebalanced,5.4913088
6,77,rebalanced,8.2369633
6,78,rebalanced,6.1777225
6,79,rebalanced,4.6332918
6,80,rebalanced,6.9499378
6,81,rebalanced,10.424907
6,82,rebalanced,15.63736
6,83,rebalanced,11.72802
6,84,rebalanced,17.59203
6,85,rebalanced,13.194022
6,86,rebalanced,9.8955168
6,87,rebalanced,14.843275
6,88,rebalanced,22.264913
6,89,rebalanced,16.698685
6,90,rebalanced,25.048027
6,91,rebalanced,37.572041
6,92,rebalanced,56.358061
6,93,rebalanced,84.537091
6,94,rebalanced,126.80564
6,95,rebalanced,95.104228
6,96,rebalanced,71.328171
6,97,rebalanced,106.99226
6,98,rebalanced,80.244192
6,99,rebalanced,60.183144
6,100,rebalanced,90.274716
7,0,rebalanced,1
7,1,rebalanced,0.75
7,2,rebalanced,1.125
7,3,rebalanced,1.6875
7,4,rebalanced,1.265625
7,5,rebalanced,1.8984375
7,6,rebalanced,2.8476562
7,7,rebalanced,2.1357422
7,8,rebalanced,3.2036133
7,9,rebalanced,4.8054199
7,10,rebalanced,3.6040649
7,11,rebalanced,2.7030487
7,12,rebalanced,4.0545731
7,13,rebalanced,6.0818596
7,14,rebalanced,9.1227894
7,15,rebalanced,13.684184
7,16,rebalanced,20.526276
7,17,rebalanced,15.394707
7,18,rebalanced,23.092061
7,19,rebalanced,17.319045
7,20,rebalanced,25.978568
7,21,rebalanced,19.483926
7,22,rebalanced,29.225889
7,23,rebalanced,43.838834
7,24,rebalanced,32.879125
7,25,rebalanced,24.659344
7,26,rebalanced,36.989016
7,27,rebalanced,27.741762
7,28,rebalanced,41.612643
7,29,rebalanced,62.418965
7,30,rebalanced,46.814223
7,31,rebalanced,70.221335
7,32,rebalanced,52.666001
7,33,rebalanced,78.999002
7,34,rebalanced,118.4985
7,35,rebalanced,88.873877
7,36,rebalanced,66.655408
7,37,rebalanced,49.991556
7,38,rebalanced,74.987334
7,39,rebalanced,112.481
7,40,rebalanced,84.360751
7,41,rebalanced,126.54113
7,42,rebalanced,189.81169
7,43,rebalanced,142.35877
7,44,rebalanced,213.53815
7,45,rebalanced,320.30723
7,46,rebalanced,480.46084
7,47,rebalanced,360.34563
7,48,rebalanced,540.51844
7,49,rebalanced,810.77766
7,50,rebalanced,608.08325
7,51,rebalanced,456.06244
7,52,rebalanced,684.09365
7,53,rebalanced,513.07024
7,54,rebalanced,384.80268
7,55,rebalanced,288.60201
7,56,rebalanced,432.90302
7,57,rebalanced,324.67726
7,58,rebalanced,243.50795
7,59,rebalanced,365.26192
7,60,rebalanced,273.94644
7,61,rebalanced,410.91966
7,62,rebalanced,616.37949
7,63,rebalanced,462.28462
7,64,rebalanced,693.42693
7,65,rebalanced,520.07019
7,66,rebalanced,780.10529
7,67,rebalanced,1170.1579
7,68,rebalanced,877.61845
7,69,rebalanced,658.21384
7,70,rebalanced,987.32076
7,71,rebalanced,740.49057
7,72,rebalanced,1110.7359
7,73,rebalanced,833.05189
7,74,rebalanced,624.78892
7,75,rebalanced,937.18338
7,76,rebalanced,702.88753
7,77,rebalanced,527.16565
7,78,rebalanced,790.74847
7,79,rebalanced,593.06136
7,80,rebalanced,889.59203
7,81,rebalanced,1334.388
7,82,rebalanced,1000.791
7,83,rebalanced,750.59328
7,84,rebalanced,1125.8899
7,85,rebalanced,844.41744
7,86,rebalanced,1266.6262
7,87,rebalanced,949.96962
7,88,rebalanced,1424.9544
7,89,rebalanced,1068.7158
7,90,rebalanced,801.53686
7,91,rebalanced,1202.3053
7,92,rebalanced,1803.4579
7,93,rebalanced,1352.5935
7,94,rebalanced,1014.4451
7,95,rebalanced,1521.6676
7,96,rebalanced,2282.5015
7,97,rebalanced,3423.7522
7,98,rebalanced,2567.8141
7,99,rebalanced,1925.8606
7,100,rebalanced,1444.3955
8,0,rebalanced,1
8,1,rebalanced,0.75
8,2,rebalanced,1.125
8,3,rebalanced,1.6875
8,4,rebalanced,1.265625
8,5,rebalanced,0.94921875
8,6,rebalanced,1.4238281
8,7,rebalanced,1.0678711
8,8,rebalanced,0.80090332
8,9,rebalanced,0.60067749
8,10,rebalanced,0.45050812
8,11,rebalanced,0.33788109
8,12,rebalanced,0.50682163
8,13,rebalanced,0.38011622
8,14,rebalanced,0.57017434
8,15,rebalanced,0.42763075
8,16,rebalanced,0.64144613
8,17,rebalanced,0.96216919
8,18,rebalanced,0.72162689
8,19,rebalanced,0.54122017
8,20,rebalanced,0.40591513
8,21,rebalanced,0.60887269
8,22,rebalanced,0.91330904
8,23,rebalanced,1.3699636
8,24,rebalanced,2.0549453
8,25,rebalanced,3.082418
8,26,rebalanced,4.623627
8,27,rebalanced,3.4677203
8,28,rebalanced,5.2015804
8,29,rebalanced,3.9011853
8,30,rebalanced,2.925889
8,31,rebalanced,4.3888334
8,32,rebalanced,3.2916251
8,33,rebalanced,2.4687188
8,34,rebalanced,3.7030782
8,35,rebalanced,2.7773087
8,36,rebalanced,2.0829815
8,37,rebalanced,1.5622361
8,38,rebalanced,1.1716771
8,39,rebalanced,1.7575156
8,40,rebalanced,2.6362735
8,41,rebalanced,3.9544102
8,42,rebalanced,2.9658076
8,43,rebalanced,2.2243557
8,44,rebalanced,3.3365336
8,45,rebalanced,2.5024002
8,46,rebalanced,3.7536003
8,47,rebalanced,2.8152002
8,48,rebalanced,4.2228003
8,49,rebalanced,6.3342005
8,50,rebalanced,9.5013008
8,51,rebalanced,7.1259756
8,52,rebalanced,10.688963
8,53,rebalanced,16.033445
8,54,rebalanced,12.025084
8,55,rebalanced,18.037626
8,56,rebalanced,27.056438
8,57,rebalanced,20.292329
8,58,rebalanced,30.438493
8,59,rebalanced,45.65774
8,60,rebalanced,68.48661
8,61,rebalanced,102.72991
8,62,rebalanced,77.047436
8,63,rebalanced,115.57115
8,64,rebalanced,86.678366
8,65,rebalanced,65.008774
8,66,rebalanced,48.756581
8,67,rebalanced,36.567436
8,68,rebalanced,54.851153
8,69,rebalanced,82.27673
8,70,rebalanced,61.707547
8,71,rebalanced,92.561321
8,72,rebalanced,138.84198
8,73,rebalanced,208.26297
8,74,rebalanced,156.19723
8,75,rebalanced,234.29584
8,76,rebalanced,175.72188
8,77,rebalanced,263.58282
8,78,rebalanced,395.37424
8,79,rebalanced,593.06136
8,80,rebalanced,444.79602
8,81,rebalanced,333.59701
8,82,rebalanced,250.19776
8,83,rebalanced,375.29664
8,84,rebalanced,562.94496
8,85,rebalanced,422.20872
8,86,rebalanced,633.31308
8,87,rebalanced,474.98481
8,88,rebalanced,712.47721
8,89,rebalanced,1068.7158
8,90,rebalanced,1603.0737
8,91,rebalanced,1202.3053
8,92,rebalanced,901.72897
8,93,rebalanced,1352.5935
8,94,rebalanced,2028.8902
8,95,rebalanced,3043.3353
8,96,rebalanced,4565.0029
8,97,rebalanced,3423.7522
8,98,rebalanced,2567.8141
8,99,rebalanced,3851.7212
8,100,rebalanced,5777.5818
9,0,rebalanced,1
9,1,rebalanced,1.5
9,2,rebalanced,1.125
9,3,rebalanced,1.6875
9,4,rebalanced,2.53125
9,5,rebalanced,1.8984375
9,6,rebalanced,1.4238281
9,7,rebalanced,1.0678711
9,8,rebalanced,0.80090332
9,9,rebalanced,0.60067749
9,10,rebalanced,0.90101624
9,11,rebalanced,0.67576218
9,12,rebalanced,0.50682163
9,13,rebalanced,0.38011622
9,14,rebalanced,0.57017434
9,15,rebalanced,0.42763075
9,16,rebalanced,0.32072306
9,17,rebalanced,0.4810846
9,18,rebalanced,0.36081345
9,19,rebalanced,0.54122017
9,20,rebalanced,0.81183026
9,21,rebalanced,0.60887269
9,22,rebalanced,0.91330904
9,23,rebalanced,0.68498178
9,24,rebalanced,1.0274727
9,25,rebalanced,0.7706045
9,26,rebalanced,0.57795338
9,27,rebalanced,0.43346503
9,28,rebalanced,0.65019755
9,29,rebalanced,0.97529632
9,30,rebalanced,0.73147224
9,31,rebalanced,0.54860418
9,32,rebalanced,0.41145314
9,33,rebalanced,0.30858985
9,34,rebalanced,0.23144239
9,35,rebalanced,0.17358179
9,36,rebalanced,0.26037269
9,37,rebalanced,0.19527952
9,38,rebalanced,0.14645964
9,39,rebalanced,0.10984473
9,40,rebalanced,0.16476709
9,41,rebalanced,0.12357532
9,42,rebalanced,0.092681489
9,43,rebalanced,0.069511117
9,44,rebalanced,0.10426667
9,45,rebalanced,0.078200006
9,46,rebalanced,0.058650005
9,47,rebalanced,0.087975007
9,48,rebalanced,0.065981255
9,49,rebalanced,0.049485941
9,50,rebalanced,0.037114456
9,51,rebalanced,0.027835842
9,52,rebalanced,0.020876882
9,53,rebalanced,0.015657661
9,54,rebalanced,0.011743246
9,55,rebalanced,0.0088074344
9,56,rebalanced,0.013211152
9,57,rebalanced,0.0099083637
9,58,rebalanced,0.0074312728
9,59,rebalanced,0.011146909
9,60,rebalanced,0.0083601819
9,61,rebalanced,0.012540273
9,62,rebalanced,0.018810409
9,63,rebalanced,0.028215614
9,64,rebalanced,0.042323421
9,65,rebalanced,0.031742566
9,66,rebalanced,0.047613848
9,67,rebalanced,0.035710386
9,68,rebalanced,0.053565579
9,69,rebalanced,0.080348369
9,70,rebalanced,0.12052255
9,71,rebalanced,0.090391915
9,72,rebalanced,0.067793936
9,73,rebalanced,0.050845452
9,74,rebalanced,0.038134089
9,75,rebalanced,0.057201134
9,76,rebalanced,0.085801701
9,77,rebalanced,0.064351276
9,78,rebalanced,0.096526913
9,79,rebalanced,0.14479037
9,80,rebalanced,0.21718555
9,81,rebalanced,0.32577833
9,82,rebalanced,0.24433375
9,83,rebalanced,0.36650062
9,84,rebalanced,0.54975094
9,85,rebalanced,0.8246264
9,86,rebalanced,1.2369396
9,87,rebalanced,1.8554094
9,88,rebalanced,1.3915571
9,89,rebalanced,2.0873356
9,90,rebalanced,3.1310034
9,91,rebalanced,2.3482525
9,92,rebalanced,3.5223788
9,93,rebalanced,5.2835682
9,94,rebalanced,7.9253523
9,95,rebalanced,5.9440142
9,96,rebalanced,8.9160213
9,97,rebalanced,13.374032
9,98,rebalanced,20.061048
9,99,rebalanced,15.045786
9,100,rebalanced,11.28434
10,0,rebalanced,1
10,1,rebalanced,1.5
10,2,rebalanced,2.25
10,3,rebalanced,1.6875
10,4,rebalanced,2.53125
10,5,rebalanced,1.8984375
10,6,rebalanced,2.8476562
10,7,rebalanced,2.1357422
10,8,rebalanced,3.2036133
10,9,rebalanced,2.40271
10,10,rebalanced,3.6040649
10,11,rebalanced,5.4060974
10,12,rebalanced,8.1091461
10,13,rebalanced,12.163719
10,14,rebalanced,9.1227894
10,15,rebalanced,13.684184
10,16,rebalanced,20.526276
10,17,rebalanced,15.394707
10,18,rebalanced,11.54603
10,19,rebalanced,8.6595227
10,20,rebalanced,6.4946421
10,21,rebalanced,4.8709815
10,22,rebalanced,3.6532362
10,23,rebalanced,5.4798542
10,24,rebalanced,4.1098907
10,25,rebalanced,3.082418
10,26,rebalanced,2.3118135
10,27,rebalanced,1.7338601
10,28,rebalanced,1.3003951
10,29,rebalanced,0.97529632
10,30,rebalanced,1.4629445
10,31,rebalanced,2.1944167
10,32,rebalanced,3.2916251
10,33,rebalanced,4.9374376
10,34,rebalanced,3.7030782
10,35,rebalanced,5.5546173
10,36,rebalanced,4.165963
10,37,rebalanced,6.2489445
10,38,rebalanced,4.6867084
10,39,rebalanced,7.0300626
10,40,rebalanced,10.545094
10,41,rebalanced,7.9088204
10,42,rebalanced,11.863231
10,43,rebalanced,17.794846
10,44,rebalanced,13.346134
10,45,rebalanced,10.009601
10,46,rebalanced,7.5072006
10,47,rebalanced,11.260801
10,48,rebalanced,8.4456007
10,49,rebalanced,12.668401
10,50,rebalanced,19.002602
10,51,rebalanced,28.503902
10,52,rebalanced,21.377927
10,53,rebalanced,16.033445
10,54,rebalanced,24.050168
10,55,rebalanced,18.037626
10,56,rebalanced,27.056438
10,57,rebalanced,20.292329
10,58,rebalanced,15.219247
10,59,rebalanced,22.82887
10,60,rebalanced,17.121652
10,61,rebalanced,25.682479
10,62,rebalanced,38.523718
10,63,rebalanced,28.892789
10,64,rebalanced,43.339183
10,65,rebalanced,32.504387
10,66,rebalanced,48.756581
10,67,rebalanced,73.134871
10,68,rebalanced,109.70231
10,69,rebalanced,164.55346
10,70,rebalanced,123.41509
10,71,rebalanced,185.12264
10,72,rebalanced,138.84198
10,73,rebalanced,104.13149
10,74,rebalanced,156.19723
10,75,rebalanced,234.29584
10,76,rebalanced,351.44377
10,77,rebalanced,263.58282
10,78,rebalanced,197.68712
10,79,rebalanced,296.53068
10,80,rebalanced,444.79602
10,81,rebalanced,333.59701
10,82,rebalanced,500.39552
10,83,rebalanced,375.29664
10,84,rebalanced,281.47248
10,85,rebalanced,211.10436
10,86,rebalanced,316.65654
10,87,rebalanced,237.4924
10,88,rebalanced,356.23861
10,89,rebalanced,267.17895
10,90,rebalanced,400.76843
10,91,rebalanced,300.57632
10,92,rebalanced,225.43224
10,93,rebalanced,169.07418
10,94,rebalanced,126.80564
10,95,rebalanced,190.20846
10,96,rebalanced,285.31268
10,97,rebalanced,427.96902
10,98,rebalanced,320.97677
10,99,rebalanced,240.73258
10,100,rebalanced,361.09886
11,0,rebalanced,1
11,1,rebalanced,1.5
11,2,rebalanced,1.125
11,3,rebalanced,0.84375
11,4,rebalanced,1.265625
11,5,rebalanced,0.94921875
11,6,rebalanced,1.4238281
11,7,rebalanced,2.1357422
11,8,rebalanced,3.2036133
11,9,rebalanced,2.40271
11,10,rebalanced,1.8020325
11,11,rebalanced,2.7030487
11,12,rebalanced,2.0272865
11,13,rebalanced,3.0409298
11,14,rebalanced,2.2806973
11,15,rebalanced,3.421046
11,16,rebalanced,5.131569
11,17,rebalanced,3.8486768
11,18,rebalanced,5.7730152
11,19,rebalanced,4.3297614
11,20,rebalanced,6.4946421
11,21,rebalanced,4.8709815
11,22,rebalanced,7.3064723
11,23,rebalanced,5.4798542
11,24,rebalanced,8.2197813
11,25,rebalanced,12.329672
11,26,rebalanced,18.494508
11,27,rebalanced,13.870881
11,28,rebalanced,20.806322
11,29,rebalanced,15.604741
11,30,rebalanced,23.407112
11,31,rebalanced,17.555334
11,32,rebalanced,13.1665
11,33,rebalanced,19.749751
11,34,rebalanced,29.624626
11,35,rebalanced,44.436939
11,36,rebalanced,33.327704
11,37,rebalanced,24.995778
11,38,rebalanced,18.746833
11,39,rebalanced,14.060125
11,40,rebalanced,21.090188
11,41,rebalanced,15.817641
11,42,rebalanced,11.863231
11,43,rebalanced,8.8974229
11,44,rebalanced,6.6730672
11,45,rebalanced,10.009601
11,46,rebalanced,7.5072006
11,47,rebalanced,11.260801
11,48,rebalanced,8.4456007
11,49,rebalanced,6.3342005
11,50,rebalanced,9.5013008
11,51,rebalanced,7.1259756
11,52,rebalanced,10.688963
11,53,rebalanced,8.0167225
11,54,rebalanced,6.0125419
11,55,rebalanced,9.0188128
11,56,rebalanced,6.7641096
11,57,rebalanced,5.0730822
11,58,rebalanced,7.6096233
11,59,rebalanced,5.7072175
11,60,rebalanced,4.2804131
11,61,rebalanced,6.4206197
11,62,rebalanced,9.6309295
11,63,rebalanced,14.446394
11,64,rebalanced,21.669591
11,65,rebalanced,32.504387
11,66,rebalanced,24.37829
11,67,rebalanced,18.283718
11,68,rebalanced,27.425577
11,69,rebalanced,20.569182
11,70,rebalanced,30.853774
11,71,rebalanced,23.14033
11,72,rebalanced,17.355248
11,73,rebalanced,26.032872
11,74,rebalanced,39.049307
11,75,rebalanced,29.286981
11,76,rebalanced,21.965235
11,77,rebalanced,16.473927
11,78,rebalanced,12.355445
11,79,rebalanced,9.2665837
11,80,rebalanced,13.899876
11,81,rebalanced,20.849813
11,82,rebalanced,15.63736
11,83,rebalanced,11.72802
11,84,rebalanced,17.59203
11,85,rebalanced,13.194022
11,86,rebalanced,19.791034
11,87,rebalanced,29.686551
11,88,rebalanced,44.529826
11,89,rebalanced,33.397369
11,90,rebalanced,50.096054
11,91,rebalanced,75.144081
11,92,rebalanced,112.71612
11,93,rebalanced,169.07418
11,94,rebalanced,126.80564
11,95,rebalanced,95.104228
11,96,rebalanced,142.65634
11,97,rebalanced,213.98451
11,98,rebalanced,320.97677
11,99,rebalanced,481.46515
11,100,rebalanced,722.19773
12,0,rebalanced,1
12,1,rebalanced,0.75
12,2,rebalanced,0.5625
12,3,rebalanced,0.84375
12,4,rebalanced,1.265625
12,5,rebalanced,0.94921875
12,6,rebalanced,0.71191406
12,7,rebalanced,1.0678711
12,8,rebalanced,0.80090332
12,9,rebalanced,0.60067749
12,10,rebalanced,0.45050812
12,11,rebalanced,0.33788109
12,12,rebalanced,0.50682163
12,13,rebalanced,0.38011622
12,14,rebalanced,0.57017434
12,15,rebalanced,0.8552615
12,16,rebalanced,1.2828923
12,17,rebalanced,0.96216919
12,18,rebalanced,1.4432538
12,19,rebalanced,1.0824403
12,20,rebalanced,0.81183026
12,21,rebalanced,0.60887269
12,22,rebalanced,0.45665452
12,23,rebalanced,0.68498178
12,24,rebalanced,0.51373633
12,25,rebalanced,0.7706045
12,26,rebalanced,0.57795338
12,27,rebalanced,0.86693006
12,28,rebalanced,0.65019755
12,29,rebalanced,0.97529632
12,30,rebalanced,0.73147224
12,31,rebalanced,0.54860418
12,32,rebalanced,0.82290627
12,33,rebalanced,1.2343594
12,34,rebalanced,0.92576956
12,35,rebalanced,0.69432717
12,36,rebalanced,1.0414907
12,37,rebalanced,1.5622361
12,38,rebalanced,1.1716771
12,39,rebalanced,0.87875782
12,40,rebalanced,0.65906837
12,41,rebalanced,0.98860255
12,42,rebalanced,0.74145191
12,43,rebalanced,1.1121779
12,44,rebalanced,0.8341334
12,45,rebalanced,1.2512001
12,46,rebalanced,0.93840007
12,47,rebalanced,0.70380006
12,48,rebalanced,0.52785004
12,49,rebalanced,0.79177506
12,50,rebalanced,0.5938313
12,51,rebalanced,0.44537347
12,52,rebalanced,0.66806021
12,53,rebalanced,0.50104516
12,54,rebalanced,0.37578387
12,55,rebalanced,0.2818379
12,56,rebalanced,0.42275685
12,57,rebalanced,0.31706764
12,58,rebalanced,0.47560146
12,59,rebalanced,0.71340219
12,60,rebalanced,0.53505164
12,61,rebalanced,0.80257746
12,62,rebalanced,0.60193309
12,63,rebalanced,0.45144982
12,64,rebalanced,0.67717473
12,65,rebalanced,1.0157621
12,66,rebalanced,0.76182157
12,67,rebalanced,0.57136618
12,68,rebalanced,0.42852463
12,69,rebalanced,0.64278695
12,70,rebalanced,0.96418043
12,71,rebalanced,0.72313532
12,72,rebalanced,0.54235149
12,73,rebalanced,0.40676362
12,74,rebalanced,0.30507271
12,75,rebalanced,0.22880454
12,76,rebalanced,0.1716034
12,77,rebalanced,0.12870255
12,78,rebalanced,0.19305383
12,79,rebalanced,0.28958074
12,80,rebalanced,0.21718555
12,81,rebalanced,0.32577833
12,82,rebalanced,0.24433375
12,83,rebalanced,0.18325031
12,84,rebalanced,0.27487547
12,85,rebalanced,0.4123132
12,86,rebalanced,0.6184698
12,87,rebalanced,0.46385235
12,88,rebalanced,0.34788926
12,89,rebalanced,0.5218339
12,90,rebalanced,0.78275084
12,91,rebalanced,0.58706313
12,92,rebalanced,0.8805947
12,93,rebalanced,0.66044603
12,94,rebalanced,0.49533452
12,95,rebalanced,0.74300178
12,96,rebalanced,1.1145027
12,97,rebalanced,0.835877
12,98,rebalanced,1.2538155
12,99,rebalanced,1.8807233
12,100,rebalanced,2.8210849
13,0,rebalanced,1
13,1,rebalanced,0.75
13,2,rebalanced,1.125
13,3,rebalanced,0.84375
13,4,rebalanced,0.6328125
13,5,rebalanced,0.94921875
13,6,rebalanced,0.71191406
13,7,rebalanced,1.0678711
13,8,rebalanced,1.6018066
13,9,rebalanced,2.40271
13,10,rebalanced,3.6040649
13,11,rebalanced,2.7030487
13,12,rebalanced,2.0272865
13,13,rebalanced,3.0409298
13,14,rebalanced,2.2806973
13,15,rebalanced,3.421046
13,16,rebalanced,2.5657845
13,17,rebalanced,1.9243384
13,18,rebalanced,1.4432538
13,19,rebalanced,2.1648807
13,20,rebalanced,3.247321
13,21,rebalanced,2.4354908
13,22,rebalanced,1.8266181
13,23,rebalanced,2.7399271
13,24,rebalanced,4.1098907
13,25,rebalanced,6.164836
13,26,rebalanced,9.247254
13,27,rebalanced,6.9354405
13,28,rebalanced,10.403161
13,29,rebalanced,7.8023706
13,30,rebalanced,11.703556
13,31,rebalanced,17.555334
13,32,rebalanced,13.1665
13,33,rebalanced,19.749751
13,34,rebalanced,29.624626
13,35,rebalanced,44.436939
13,36,rebalanced,66.655408
13,37,rebalanced,99.983112
13,38,rebalanced,74.987334
13,39,rebalanced,112.481
13,40,rebalanced,84.360751
13,41,rebalanced,126.54113
13,42,rebalanced,94.905845
13,43,rebalanced,142.35877
13,44,rebalanced,213.53815
13,45,rebalanced,160.15361
13,46,rebalanced,120.11521
13,47,rebalanced,90.086407
13,48,rebalanced,67.564805
13,49,rebalanced,50.673604
13,50,rebalanced,38.005203
13,51,rebalanced,57.007805
13,52,rebalanced,85.511707
13,53,rebalanced,128.26756
13,54,rebalanced,96.20067
13,55,rebalanced,144.30101
13,56,rebalanced,108.22575
13,57,rebalanced,162.33863
13,58,rebalanced,243.50795
13,59,rebalanced,365.26192
13,60,rebalanced,547.89288
13,61,rebalanced,821.83932
13,62,rebalanced,1232.759
13,63,rebalanced,924.56923
13,64,rebalanced,693.42693
13,65,rebalanced,1040.1404
13,66,rebalanced,780.10529
13,67,rebalanced,585.07897
13,68,rebalanced,438.80923
13,69,rebalanced,658.21384
13,70,rebalanced,987.32076
13,71,rebalanced,740.49057
13,72,rebalanced,1110.7359
13,73,rebalanced,1666.1038
13,74,rebalanced,2499.1557
13,75,rebalanced,1874.3668
13,76,rebalanced,2811.5501
13,77,rebalanced,4217.3252
13,78,rebalanced,3162.9939
13,79,rebalanced,4744.4908
13,80,rebalanced,3558.3681
13,81,rebalanced,5337.5522
13,82,rebalanced,4003.1641
13,83,rebalanced,3002.3731
13,84,rebalanced,4503.5597
13,85,rebalanced,6755.3395
13,86,rebalanced,10133.009
13,87,rebalanced,15199.514
13,88,rebalanced,22799.271
13,89,rebalanced,17099.453
13,90,rebalanced,12824.59
13,91,rebalanced,9618.4424
13,92,rebalanced,14427.664
13,93,rebalanced,21641.495
13,94,rebalanced,16231.122
13,95,rebalanced,12173.341
13,96,rebalanced,18260.012
13,97,rebalanced,13695.009
13,98,rebalanced,20542.513
13,99,rebalanced,15406.885
13,100,rebalanced,23110.327
14,0,rebalanced,1
14,1,rebalanced,0.75
14,2,rebalanced,1.125
14,3,rebalanced,0.84375
14,4,rebalanced,0.6328125
14,5,rebalanced,0.47460938
14,6,rebalanced,0.71191406
14,7,rebalanced,0.53393555
14,8,rebalanced,0.80090332
14,9,rebalanced,1.201355
14,10,rebalanced,0.90101624
14,11,rebalanced,0.67576218
14,12,rebalanced,1.0136433
14,13,rebalanced,1.5204649
14,14,rebalanced,2.2806973
14,15,rebalanced,1.710523
14,16,rebalanced,2.5657845
14,17,rebalanced,3.8486768
14,18,rebalanced,5.7730152
14,19,rebalanced,8.6595227
14,20,rebalanced,12.989284
14,21,rebalanced,19.483926
14,22,rebalanced,14.612945
14,23,rebalanced,21.919417
14,24,rebalanced,16.439563
14,25,rebalanced,24.659344
14,26,rebalanced,18.494508
14,27,rebalanced,27.741762
14,28,rebalanced,41.612643
14,29,rebalanced,31.209482
14,30,rebalanced,46.814223
14,31,rebalanced,35.110668
14,32,rebalanced,26.333001
14,33,rebalanced,39.499501
14,34,rebalanced,59.249252
14,35,rebalanced,88.873877
14,36,rebalanced,133.31082
14,37,rebalanced,199.96622
14,38,rebalanced,149.97467
14,39,rebalanced,112.481
14,40,rebalanced,168.7215
14,41,rebalanced,126.54113
14,42,rebalanced,189.81169
14,43,rebalanced,142.35877
14,44,rebalanced,213.53815
14,45,rebalanced,160.15361
14,46,rebalanced,240.23042
14,47,rebalanced,360.34563
14,48,rebalanced,270.25922
14,49,rebalanced,202.69442
14,50,rebalanced,304.04162
14,51,rebalanced,456.06244
14,52,rebalanced,342.04683
14,53,rebalanced,256.53512
14,54,rebalanced,192.40134
14,55,rebalanced,288.60201
14,56,rebalanced,216.45151
14,57,rebalanced,324.67726
14,58,rebalanced,487.01589
14,59,rebalanced,365.26192
14,60,rebalanced,547.89288
14,61,rebalanced,821.83932
14,62,rebalanced,616.37949
14,63,rebalanced,462.28462
14,64,rebalanced,346.71346
14,65,rebalanced,520.07019
14,66,rebalanced,390.05265
14,67,rebalanced,585.07897
14,68,rebalanced,877.61845
14,69,rebalanced,658.21384
14,70,rebalanced,987.32076
14,71,rebalanced,740.49057
14,72,rebalanced,555.36793
14,73,rebalanced,833.05189
14,74,rebalanced,624.78892
14,75,rebalanced,468.59169
14,76,rebalanced,702.88753
14,77,rebalanced,527.16565
14,78,rebalanced,790.74847
14,79,rebalanced,593.06136
14,80,rebalanced,889.59203
14,81,rebalanced,1334.388
14,82,rebalanced,1000.791
14,83,rebalanced,1501.1866
14,84,rebalanced,2251.7798
14,85,rebalanced,3377.6698
14,86,rebalanced,5066.5046
14,87,rebalanced,3799.8785
14,88,rebalanced,2849.9089
14,89,rebalanced,2137.4316
14,90,rebalanced,3206.1475
14,91,rebalanced,2404.6106
14,92,rebalanced,3606.9159
14,93,rebalanced,2705.1869
14,94,rebalanced,4057.7804
14,95,rebalanced,3043.3353
14,96,rebalanced,2282.5015
14,97,rebalanced,1711.8761
14,98,rebalanced,1283.9071
14,99,rebalanced,962.9303
14,100,rebalanced,1444.3955
15,0,rebalanced,1
15,1,rebalanced,0.75
15,2,rebalanced,1.125
15,3,rebalanced,0.84375
15,4,rebalanced,1.265625
15,5,rebalanced,1.8984375
15,6,rebalanced,2.8476562
15,7,rebalanced,2.1357422
15,8,rebalanced,3.2036133
15,9,rebalanced,2.40271
15,10,rebalanced,1.8020325
15,11,rebalanced,2.7030487
15,12,rebalanced,4.0545731
15,13,rebalanced,3.0409298
15,14,rebalanced,4.5613947
15,15,rebalanced,6.842092
15,16,rebalanced,5.131569
15,17,rebalanced,7.6973535
15,18,rebalanced,5.7730152
15,19,rebalanced,8.6595227
15,20,rebalanced,6.4946421
15,21,rebalanced,9.7419631
15,22,rebalanced,14.612945
15,23,rebalanced,10.959708
15,24,rebalanced,16.439563
15,25,rebalanced,12.329672
15,26,rebalanced,18.494508
15,27,rebalanced,27.741762
15,28,rebalanced,20.806322
15,29,rebalanced,15.604741
15,30,rebalanced,23.407112
15,31,rebalanced,35.110668
15,32,rebalanced,26.333001
15,33,rebalanced,39.499501
15,34,rebalanced,29.624626
15,35,rebalanced,22.218469
15,36,rebalanced,16.663852
15,37,rebalanced,24.995778
15,38,rebalanced,37.493667
15,39,rebalanced,28.12025
15,40,rebalanced,21.090188
15,41,rebalanced,15.817641
15,42,rebalanced,23.726461
15,43,rebalanced,17.794846
15,44,rebalanced,26.692269
15,45,rebalanced,40.038403
15,46,rebalanced,30.028802
15,47,rebalanced,45.043204
15,48,rebalanced,33.782403
15,49,rebalanced,25.336802
15,50,rebalanced,19.002602
15,51,rebalanced,28.503902
15,52,rebalanced,21.377927
15,53,rebalanced,32.06689
15,54,rebalanced,24.050168
15,55,rebalanced,36.075251
15,56,rebalanced,54.112877
15,57,rebalanced,81.169315
15,58,rebalanced,60.876987
15,59,rebalanced,91.31548
15,60,rebalanced,68.48661
15,61,rebalanced,51.364957
15,62,rebalanced,77.047436
15,63,rebalanced,57.785577
15,64,rebalanced,43.339183
15,65,rebalanced,65.008774
15,66,rebalanced,97.513161
15,67,rebalanced,146.26974
15,68,rebalanced,219.40461
15,69,rebalanced,329.10692
15,70,rebalanced,493.66038
15,71,rebalanced,740.49057
15,72,rebalanced,1110.7359
15,73,rebalanced,833.05189
15,74,rebalanced,624.78892
15,75,rebalanced,468.59169
15,76,rebalanced,702.88753
15,77,rebalanced,527.16565
15,78,rebalanced,790.74847
15,79,rebalanced,1186.1227
15,80,rebalanced,1779.1841
15,81,rebalanced,2668.7761
15,82,rebalanced,2001.5821
15,83,rebalanced,3002.3731
15,84,rebalanced,4503.5597
15,85,rebalanced,6755.3395
15,86,rebalanced,10133.009
15,87,rebalanced,15199.514
15,88,rebalanced,11399.635
15,89,rebalanced,8549.7266
15,90,rebalanced,12824.59
15,91,rebalanced,19236.885
15,92,rebalanced,28855.327
15,93,rebalanced,43282.991
15,94,rebalanced,32462.243
15,95,rebalanced,24346.682
15,96,rebalanced,18260.012
15,97,rebalanced,27390.018
15,98,rebalanced,20542.513
15,99,rebalanced,15406.885
15,100,rebalanced,11555.164
16,0,rebalanced,1
16,1,rebalanced,1.5
16,2,rebalanced,2.25
16,3,rebalanced,3.375
16,4,rebalanced,5.0625
16,5,rebalanced,3.796875
16,6,rebalanced,2.8476562
16,7,rebalanced,2.1357422
16,8,rebalanced,3.2036133
16,9,rebalanced,4.8054199
16,10,rebalanced,3.6040649
16,11,rebalanced,2.7030487
16,12,rebalanced,2.0272865
16,13,rebalanced,3.0409298
16,14,rebalanced,4.5613947
16,15,rebalanced,3.421046
16,16,rebalanced,2.5657845
16,17,rebalanced,1.9243384
16,18,rebalanced,1.4432538
16,19,rebalanced,2.1648807
16,20,rebalanced,1.6236605
16,21,rebalanced,2.4354908
16,22,rebalanced,1.8266181
16,23,rebalanced,1.3699636
16,24,rebalanced,1.0274727
16,25,rebalanced,0.7706045
16,26,rebalanced,0.57795338
16,27,rebalanced,0.86693006
16,28,rebalanced,0.65019755
16,29,rebalanced,0.48764816
16,30,rebalanced,0.36573612
16,31,rebalanced,0.27430209
16,32,rebalanced,0.41145314
16,33,rebalanced,0.30858985
16,34,rebalanced,0.23144239
16,35,rebalanced,0.17358179
16,36,rebalanced,0.26037269
16,37,rebalanced,0.39055903
16,38,rebalanced,0.29291927
16,39,rebalanced,0.21968946
16,40,rebalanced,0.16476709
16,41,rebalanced,0.24715064
16,42,rebalanced,0.18536298
16,43,rebalanced,0.27804447
16,44,rebalanced,0.4170667
16,45,rebalanced,0.62560005
16,46,rebalanced,0.93840007
16,47,rebalanced,0.70380006
16,48,rebalanced,0.52785004
16,49,rebalanced,0.79177506
16,50,rebalanced,1.1876626
16,51,rebalanced,1.7814939
16,52,rebalanced,2.6722408
16,53,rebalanced,2.0041806
16,54,rebalanced,1.5031355
16,55,rebalanced,1.1273516
16,56,rebalanced,1.6910274
16,57,rebalanced,1.2682706
16,58,rebalanced,0.95120292
16,59,rebalanced,1.4268044
16,60,rebalanced,2.1402066
16,61,rebalanced,1.6051549
16,62,rebalanced,2.4077324
16,63,rebalanced,3.6115986
16,64,rebalanced,5.4173979
16,65,rebalanced,8.1260968
16,66,rebalanced,12.189145
16,67,rebalanced,9.1418589
16,68,rebalanced,13.712788
16,69,rebalanced,20.569182
16,70,rebalanced,15.426887
16,71,rebalanced,11.570165
16,72,rebalanced,8.6776239
16,73,rebalanced,6.5082179
16,74,rebalanced,4.8811634
16,75,rebalanced,3.6608726
16,76,rebalanced,5.4913088
16,77,rebalanced,8.2369633
16,78,rebalanced,12.355445
16,79,rebalanced,18.533167
16,80,rebalanced,27.799751
16,81,rebalanced,41.699627
16,82,rebalanced,62.54944
16,83,rebalanced,93.82416
16,84,rebalanced,140.73624
16,85,rebalanced,105.55218
16,86,rebalanced,79.164135
16,87,rebalanced,118.7462
16,88,rebalanced,89.059652
16,89,rebalanced,133.58948
16,90,rebalanced,200.38422
16,91,rebalanced,150.28816
16,92,rebalanced,225.43224
16,93,rebalanced,338.14836
16,94,rebalanced,507.22255
16,95,rebalanced,380.41691
16,96,rebalanced,285.31268
16,97,rebalanced,213.98451
16,98,rebalanced,160.48838
16,99,rebalanced,240.73258
16,100,rebalanced,180.54943
17,0,rebalanced,1
17,1,rebalanced,0.75
17,2,rebalanced,0.5625
17,3,rebalanced,0.421875
17,4,rebalanced,0.6328125
17,5,rebalanced,0.47460938
17,6,rebalanced,0.71191406
17,7,rebalanced,0.53393555
17,8,rebalanced,0.80090332
17,9,rebalanced,0.60067749
17,10,rebalanced,0.45050812
17,11,rebalanced,0.33788109
17,12,rebalanced,0.50682163
17,13,rebalanced,0.76023245
17,14,rebalanced,0.57017434
17,15,rebalanced,0.42763075
17,16,rebalanced,0.64144613
17,17,rebalanced,0.4810846
17,18,rebalanced,0.36081345
17,19,rebalanced,0.27061009
17,20,rebalanced,0.20295756
17,21,rebalanced,0.30443635
17,22,rebalanced,0.22832726
17,23,rebalanced,0.34249089
17,24,rebalanced,0.25686817
17,25,rebalanced,0.38530225
17,26,rebalanced,0.57795338
17,27,rebalanced,0.86693006
17,28,rebalanced,1.3003951
17,29,rebalanced,1.9505926
17,30,rebalanced,1.4629445
17,31,rebalanced,1.0972084
17,32,rebalanced,1.6458125
17,33,rebalanced,2.4687188
17,34,rebalanced,1.8515391
17,35,rebalanced,2.7773087
17,36,rebalanced,4.165963
17,37,rebalanced,6.2489445
17,38,rebalanced,4.6867084
17,39,rebalanced,7.0300626
17,40,rebalanced,10.545094
17,41,rebalanced,7.9088204
17,42,rebalanced,5.9316153
17,43,rebalanced,4.4487115
17,44,rebalanced,3.3365336
17,45,rebalanced,5.0048004
17,46,rebalanced,3.7536003
17,47,rebalanced,2.8152002
17,48,rebalanced,2.1114002
17,49,rebalanced,3.1671003
17,50,rebalanced,2.3753252
17,51,rebalanced,3.5629878
17,52,rebalanced,2.6722408
17,53,rebalanced,2.0041806
17,54,rebalanced,3.0062709
17,55,rebalanced,4.5094064
17,56,rebalanced,6.7641096
17,57,rebalanced,5.0730822
17,58,rebalanced,7.6096233
17,59,rebalanced,5.7072175
17,60,rebalanced,8.5608262
17,61,rebalanced,6.4206197
17,62,rebalanced,4.8154648
17,63,rebalanced,7.2231971
17,64,rebalanced,5.4173979
17,65,rebalanced,8.1260968
17,66,rebalanced,6.0945726
17,67,rebalanced,4.5709294
17,68,rebalanced,3.4281971
17,69,rebalanced,2.5711478
17,70,rebalanced,3.8567217
17,71,rebalanced,2.8925413
17,72,rebalanced,4.3388119
17,73,rebalanced,3.2541089
17,74,rebalanced,2.4405817
17,75,rebalanced,1.8304363
17,76,rebalanced,1.3728272
17,77,rebalanced,2.0592408
17,78,rebalanced,3.0888612
17,79,rebalanced,4.6332918
17,80,rebalanced,3.4749689
17,81,rebalanced,5.2124533
17,82,rebalanced,3.90934
17,83,rebalanced,5.86401
17,84,rebalanced,8.796015
17,85,rebalanced,6.5970112
17,86,rebalanced,4.9477584
17,87,rebalanced,7.4216376
17,88,rebalanced,5.5662282
17,89,rebalanced,8.3493423
17,90,rebalanced,6.2620068
17,91,rebalanced,4.6965051
17,92,rebalanced,3.5223788
17,93,rebalanced,5.2835682
17,94,rebalanced,3.9626762
17,95,rebalanced,2.9720071
17,96,rebalanced,2.2290053
17,97,rebalanced,1.671754
17,98,rebalanced,2.507631
17,99,rebalanced,3.7614465
17,100,rebalanced,5.6421698
18,0,rebalanced,1
18,1,rebalanced,1.5
18,2,rebalanced,1.125
18,3,rebalanced,1.6875
18,4,rebalanced,1.265625
18,5,rebalanced,1.8984375
18,6,rebalanced,1.4238281
18,7,rebalanced,1.0678711
18,8,rebalanced,0.80090332
18,9,rebalanced,1.201355
18,10,rebalanced,0.90101624
18,11,rebalanced,1.3515244
18,12,rebalanced,1.0136433
18,13,rebalanced,1.5204649
18,14,rebalanced,2.2806973
18,15,rebalanced,1.710523
18,16,rebalanced,1.2828923
18,17,rebalanced,0.96216919
18,18,rebalanced,0.72162689
18,19,rebalanced,1.0824403
18,20,rebalanced,1.6236605
18,21,rebalanced,1.2177454
18,22,rebalanced,1.8266181
18,23,rebalanced,1.3699636
18,24,rebalanced,1.0274727
18,25,rebalanced,0.7706045
18,26,rebalanced,0.57795338
18,27,rebalanced,0.43346503
18,28,rebalanced,0.65019755
18,29,rebalanced,0.48764816
18,30,rebalanced,0.73147224
18,31,rebalanced,0.54860418
18,32,rebalanced,0.82290627
18,33,rebalanced,1.2343594
18,34,rebalanced,0.92576956
18,35,rebalanced,0.69432717
18,36,rebalanced,1.0414907
18,37,rebalanced,0.78111806
18,38,rebalanced,1.1716771
18,39,rebalanced,0.87875782
18,40,rebalanced,0.65906837
18,41,rebalanced,0.98860255
18,42,rebalanced,0.74145191
18,43,rebalanced,1.1121779
18,44,rebalanced,1.6682668
18,45,rebalanced,1.2512001
18,46,rebalanced,1.8768001
18,47,rebalanced,1.4076001
18,48,rebalanced,2.1114002
18,49,rebalanced,3.1671003
18,50,rebalanced,4.7506504
18,51,rebalanced,7.1259756
18,52,rebalanced,5.3444817
18,53,rebalanced,8.0167225
18,54,rebalanced,6.0125419
18,55,rebalanced,9.0188128
18,56,rebalanced,13.528219
18,57,rebalanced,10.146164
18,58,rebalanced,7.6096233
18,59,rebalanced,11.414435
18,60,rebalanced,17.121652
18,61,rebalanced,12.841239
18,62,rebalanced,19.261859
18,63,rebalanced,14.446394
18,64,rebalanced,10.834796
18,65,rebalanced,8.1260968
18,66,rebalanced,6.0945726
18,67,rebalanced,9.1418589
18,68,rebalanced,6.8563942
18,69,rebalanced,5.1422956
18,70,rebalanced,3.8567217
18,71,rebalanced,2.8925413
18,72,rebalanced,4.3388119
18,73,rebalanced,3.2541089
18,74,rebalanced,4.8811634
18,75,rebalanced,3.6608726
18,76,rebalanced,2.7456544
18,77,rebalanced,4.1184816
18,78,rebalanced,3.0888612
18,79,rebalanced,2.3166459
18,80,rebalanced,3.4749689
18,81,rebalanced,5.2124533
18,82,rebalanced,7.81868
18,83,rebalanced,11.72802
18,84,rebalanced,17.59203
18,85,rebalanced,26.388045
18,86,rebalanced,19.791034
18,87,rebalanced,14.843275
18,88,rebalanced,11.132456
18,89,rebalanced,16.698685
18,90,rebalanced,12.524014
18,91,rebalanced,18.78602
18,92,rebalanced,28.17903
18,93,rebalanced,42.268546
18,94,rebalanced,63.402818
18,95,rebalanced,95.104228
18,96,rebalanced,71.328171
18,97,rebalanced,53.496128
18,98,rebalanced,80.244192
18,99,rebalanced,60.183144
18,100,rebalanced,45.137358
19,0,rebalanced,1
19,1,rebalanced,1.5
19,2,rebalanced,2.25
19,3,rebalanced,1.6875
19,4,rebalanced,2.53125
19,5,rebalanced,1.8984375
19,6,rebalanced,1.4238281
19,7,rebalanced,1.0678711
19,8,rebalanced,1.6018066
19,9,rebalanced,1.201355
19,10,rebalanced,1.8020325
19,11,rebalanced,1.3515244
19,12,rebalanced,2.0272865
19,13,rebalanced,3.0409298
19,14,rebalanced,2.2806973
19,15,rebalanced,1.710523
19,16,rebalanced,1.2828923
19,17,rebalanced,1.9243384
19,18,rebalanced,2.8865076
19,19,rebalanced,4.3297614
19,20,rebalanced,6.4946421
19,21,rebalanced,4.8709815
19,22,rebalanced,3.6532362
19,23,rebalanced,2.7399271
19,24,rebalanced,4.1098907
19,25,rebalanced,6.164836
19,26,rebalanced,9.247254
19,27,rebalanced,6.9354405
19,28,rebalanced,5.2015804
19,29,rebalanced,3.9011853
19,30,rebalanced,5.8517779
19,31,rebalanced,8.7776669
19,32,rebalanced,6.5832502
19,33,rebalanced,4.9374376
19,34,rebalanced,7.4061564
19,35,rebalanced,11.109235
19,36,rebalanced,8.331926
19,37,rebalanced,6.2489445
19,38,rebalanced,4.6867084
19,39,rebalanced,3.5150313
19,40,rebalanced,2.6362735
19,41,rebalanced,3.9544102
19,42,rebalanced,5.9316153
19,43,rebalanced,8.8974229
19,44,rebalanced,13.346134
19,45,rebalanced,10.009601
19,46,rebalanced,7.5072006
19,47,rebalanced,11.260801
19,48,rebalanced,8.4456007
19,49,rebalanced,6.3342005
19,50,rebalanced,9.5013008
19,51,rebalanced,14.251951
19,52,rebalanced,10.688963
19,53,rebalanced,8.0167225
19,54,rebalanced,6.0125419
19,55,rebalanced,4.5094064
19,56,rebalanced,3.3820548
19,57,rebalanced,2.5365411
19,58,rebalanced,1.9024058
19,59,rebalanced,1.4268044
19,60,rebalanced,1.0701033
19,61,rebalanced,1.6051549
19,62,rebalanced,1.2038662
19,63,rebalanced,0.90289964
19,64,rebalanced,0.67717473
19,65,rebalanced,1.0157621
19,66,rebalanced,0.76182157
19,67,rebalanced,1.1427324
19,68,rebalanced,0.85704927
19,69,rebalanced,1.2855739
19,70,rebalanced,1.9283609
19,71,rebalanced,1.4462706
19,72,rebalanced,2.169406
19,73,rebalanced,1.6270545
19,74,rebalanced,1.2202909
19,75,rebalanced,1.8304363
19,76,rebalanced,2.7456544
19,77,rebalanced,4.1184816
19,78,rebalanced,3.0888612
19,79,rebalanced,2.3166459
19,80,rebalanced,3.4749689
19,81,rebalanced,2.6062267
19,82,rebalanced,3.90934
19,83,rebalanced,5.86401
19,84,rebalanced,8.796015
19,85,rebalanced,6.5970112
19,86,rebalanced,9.8955168
19,87,rebalanced,14.843275
19,88,rebalanced,22.264913
19,89,rebalanced,33.397369
19,90,rebalanced,25.048027
19,91,rebalanced,18.78602
19,92,rebalanced,28.17903
19,93,rebalanced,42.268546
19,94,rebalanced,63.402818
19,95,rebalanced,95.104228
19,96,rebalanced,142.65634
19,97,rebalanced,213.98451
19,98,rebalanced,160.48838
19,99,rebalanced,120.36629
19,100,rebalanced,180.54943
20,0,rebalanced,1
20,1,rebalanced,0.75
20,2,rebalanced,0.5625
20,3,rebalanced,0.421875
20,4,rebalanced,0.31640625
20,5,rebalanced,0.23730469
20,6,rebalanced,0.17797852
20,7,rebalanced,0.26696777
20,8,rebalanced,0.40045166
20,9,rebalanced,0.60067749
20,10,rebalanced,0.45050812
20,11,rebalanced,0.67576218
20,12,rebalanced,0.50682163
20,13,rebalanced,0.38011622
20,14,rebalanced,0.57017434
20,15,rebalanced,0.42763075
20,16,rebalanced,0.32072306
20,17,rebalanced,0.4810846
20,18,rebalanced,0.36081345
20,19,rebalanced,0.54122017
20,20,rebalanced,0.81183026
20,21,rebalanced,0.60887269
20,22,rebalanced,0.91330904
20,23,rebalanced,0.68498178
20,24,rebalanced,1.0274727
20,25,rebalanced,0.7706045
20,26,rebalanced,1.1559068
20,27,rebalanced,1.7338601
20,28,rebalanced,1.3003951
20,29,rebalanced,0.97529632
20,30,rebalanced,0.73147224
20,31,rebalanced,0.54860418
20,32,rebalanced,0.82290627
20,33,rebalanced,0.6171797
20,34,rebalanced,0.92576956
20,35,rebalanced,0.69432717
20,36,rebalanced,0.52074537
20,37,rebalanced,0.39055903
20,38,rebalanced,0.58583855
20,39,rebalanced,0.87875782
20,40,rebalanced,1.3181367
20,41,rebalanced,1.9772051
20,42,rebalanced,2.9658076
20,43,rebalanced,2.2243557
20,44,rebalanced,3.3365336
20,45,rebalanced,2.5024002
20,46,rebalanced,1.8768001
20,47,rebalanced,2.8152002
20,48,rebalanced,2.1114002
20,49,rebalanced,1.5835501
20,50,rebalanced,2.3753252
20,51,rebalanced,3.5629878
20,52,rebalanced,2.6722408
20,53,rebalanced,2.0041806
20,54,rebalanced,3.0062709
20,55,rebalanced,4.5094064
20,56,rebalanced,3.3820548
20,57,rebalanced,5.0730822
20,58,rebalanced,3.8048117
20,59,rebalanced,5.7072175
20,60,rebalanced,4.2804131
20,61,rebalanced,3.2103098
20,62,rebalanced,2.4077324
20,63,rebalanced,1.8057993
20,64,rebalanced,1.3543495
20,65,rebalanced,2.0315242
20,66,rebalanced,3.0472863
20,67,rebalanced,4.5709294
20,68,rebalanced,3.4281971
20,69,rebalanced,2.5711478
20,70,rebalanced,1.9283609
20,71,rebalanced,1.4462706
20,72,rebalanced,2.169406
20,73,rebalanced,3.2541089
20,74,rebalanced,4.8811634
20,75,rebalanced,7.3217451
20,76,rebalanced,10.982618
20,77,rebalanced,16.473927
20,78,rebalanced,24.71089
20,79,rebalanced,37.066335
20,80,rebalanced,27.799751
20,81,rebalanced,20.849813
20,82,rebalanced,15.63736
20,83,rebalanced,23.45604
20,84,rebalanced,17.59203
20,85,rebalanced,13.194022
20,86,rebalanced,19.791034
20,87,rebalanced,29.686551
20,88,rebalanced,22.264913
20,89,rebalanced,33.397369
20,90,rebalanced,25.048027
20,91,rebalanced,37.572041
20,92,rebalanced,56.358061
20,93,rebalanced,42.268546
20,94,rebalanced,31.701409
20,95,rebalanced,23.776057
20,96,rebalanced,35.664085
20,97,rebalanced,26.748064
20,98,rebalanced,40.122096
20,99,rebalanced,60.183144
20,100,rebalanced,90.274716
21,0,rebalanced,1
21,1,rebalanced,0.75
21,2,rebalanced,0.5625
21,3,rebalanced,0.84375
21,4,rebalanced,0.6328125
21,5,rebalanced,0.94921875
21,6,rebalanced,1.4238281
21,7,rebalanced,1.0678711
21,8,rebalanced,0.80090332
21,9,rebalanced,1.201355
21,10,rebalanced,1.8020325
21,11,rebalanced,1.3515244
21,12,rebalanced,2.0272865
21,13,rebalanced,3.0409298
21,14,rebalanced,4.5613947
21,15,rebalanced,6.842092
21,16,rebalanced,10.263138
21,17,rebalanced,7.6973535
21,18,rebalanced,11.54603
21,19,rebalanced,8.6595227
21,20,rebalanced,12.989284
21,21,rebalanced,9.7419631
21,22,rebalanced,14.612945
21,23,rebalanced,10.959708
21,24,rebalanced,8.2197813
21,25,rebalanced,6.164836
21,26,rebalanced,9.247254
21,27,rebalanced,6.9354405
21,28,rebalanced,5.2015804
21,29,rebalanced,3.9011853
21,30,rebalanced,5.8517779
21,31,rebalanced,8.7776669
21,32,rebalanced,6.5832502
21,33,rebalanced,4.9374376
21,34,rebalanced,7.4061564
21,35,rebalanced,5.5546173
21,36,rebalanced,4.165963
21,37,rebalanced,3.1244722
21,38,rebalanced,4.6867084
21,39,rebalanced,3.5150313
21,40,rebalanced,2.6362735
21,41,rebalanced,1.9772051
21,42,rebalanced,1.4829038
21,43,rebalanced,1.1121779
21,44,rebalanced,0.8341334
21,45,rebalanced,1.2512001
21,46,rebalanced,0.93840007
21,47,rebalanced,0.70380006
21,48,rebalanced,1.0557001
21,49,rebalanced,1.5835501
21,50,rebalanced,2.3753252
21,51,rebalanced,3.5629878
21,52,rebalanced,5.3444817
21,53,rebalanced,8.0167225
21,54,rebalanced,12.025084
21,55,rebalanced,18.037626
21,56,rebalanced,27.056438
21,57,rebalanced,20.292329
21,58,rebalanced,30.438493
21,59,rebalanced,45.65774
21,60,rebalanced,68.48661
21,61,rebalanced,102.72991
21,62,rebalanced,154.09487
21,63,rebalanced,231.14231
21,64,rebalanced,346.71346
21,65,rebalanced,520.07019
21,66,rebalanced,780.10529
21,67,rebalanced,585.07897
21,68,rebalanced,438.80923
21,69,rebalanced,329.10692
21,70,rebalanced,493.66038
21,71,rebalanced,740.49057
21,72,rebalanced,1110.7359
21,73,rebalanced,833.05189
21,74,rebalanced,1249.5778
21,75,rebalanced,937.18338
21,76,rebalanced,702.88753
21,77,rebalanced,527.16565
21,78,rebalanced,395.37424
21,79,rebalanced,593.06136
21,80,rebalanced,444.79602
21,81,rebalanced,667.19402
21,82,rebalanced,500.39552
21,83,rebalanced,375.29664
21,84,rebalanced,562.94496
21,85,rebalanced,844.41744
21,86,rebalanced,633.31308
21,87,rebalanced,474.98481
21,88,rebalanced,712.47721
21,89,rebalanced,1068.7158
21,90,rebalanced,801.53686
21,91,rebalanced,601.15265
21,92,rebalanced,901.72897
21,93,rebalanced,1352.5935
21,94,rebalanced,2028.8902
21,95,rebalanced,3043.3353
21,96,rebalanced,2282.5015
21,97,rebalanced,1711.8761
21,98,rebalanced,2567.8141
21,99,rebalanced,3851.7212
21,100,rebalanced,5777.5818
22,0,rebalanced,1
22,1,rebalanced,0.75
22,2,rebalanced,1.125
22,3,rebalanced,0.84375
22,4,rebalanced,1.265625
22,5,rebalanced,0.94921875
22,6,rebalanced,1.4238281
22,7,rebalanced,1.0678711
22,8,rebalanced,0.80090332
22,9,rebalanced,1.201355
22,10,rebalanced,1.8020325
22,11,rebalanced,2.7030487
22,12,rebalanced,4.0545731
22,13,rebalanced,6.0818596
22,14,rebalanced,9.1227894
22,15,rebalanced,6.842092
22,16,rebalanced,10.263138
22,17,rebalanced,15.394707
22,18,rebalanced,23.092061
22,19,rebalanced,34.638091
22,20,rebalanced,25.978568
22,21,rebalanced,38.967852
22,22,rebalanced,29.225889
22,23,rebalanced,43.838834
22,24,rebalanced,65.758251
22,25,rebalanced,49.318688
22,26,rebalanced,73.978032
22,27,rebalanced,55.483524
22,28,rebalanced,83.225286
22,29,rebalanced,62.418965
22,30,rebalanced,46.814223
22,31,rebalanced,70.221335
22,32,rebalanced,52.666001
22,33,rebalanced,39.499501
22,34,rebalanced,29.624626
22,35,rebalanced,44.436939
22,36,rebalanced,33.327704
22,37,rebalanced,24.995778
22,38,rebalanced,18.746833
22,39,rebalanced,28.12025
22,40,rebalanced,21.090188
22,41,rebalanced,15.817641
22,42,rebalanced,11.863231
22,43,rebalanced,17.794846
22,44,rebalanced,13.346134
22,45,rebalanced,10.009601
22,46,rebalanced,15.014401
22,47,rebalanced,22.521602
22,48,rebalanced,16.891201
22,49,rebalanced,12.668401
22,50,rebalanced,9.5013008
22,51,rebalanced,7.1259756
22,52,rebalanced,5.3444817
22,53,rebalanced,8.0167225
22,54,rebalanced,6.0125419
22,55,rebalanced,4.5094064
22,56,rebalanced,3.3820548
22,57,rebalanced,5.0730822
22,58,rebalanced,7.6096233
22,59,rebalanced,11.414435
22,60,rebalanced,8.5608262
22,61,rebalanced,12.841239
22,62,rebalanced,9.6309295
22,63,rebalanced,7.2231971
22,64,rebalanced,10.834796
22,65,rebalanced,16.252194
22,66,rebalanced,24.37829
22,67,rebalanced,36.567436
22,68,rebalanced,54.851153
22,69,rebalanced,82.27673
22,70,rebalanced,61.707547
22,71,rebalanced,46.280661
22,72,rebalanced,69.420991
22,73,rebalanced,104.13149
22,74,rebalanced,78.098615
22,75,rebalanced,117.14792
22,76,rebalanced,175.72188
22,77,rebalanced,131.79141
22,78,rebalanced,98.843559
22,79,rebalanced,74.132669
22,80,rebalanced,55.599502
22,81,rebalanced,83.399253
22,82,rebalanced,62.54944
22,83,rebalanced,93.82416
22,84,rebalanced,140.73624
22,85,rebalanced,105.55218
22,86,rebalanced,158.32827
22,87,rebalanced,118.7462
22,88,rebalanced,178.1193
22,89,rebalanced,133.58948
22,90,rebalanced,200.38422
22,91,rebalanced,150.28816
22,92,rebalanced,225.43224
22,93,rebalanced,338.14836
22,94,rebalanced,507.22255
22,95,rebalanced,380.41691
22,96,rebalanced,285.31268
22,97,rebalanced,427.96902
22,98,rebalanced,320.97677
22,99,rebalanced,240.73258
22,100,rebalanced,361.09886
23,0,rebalanced,1
23,1,rebalanced,0.75
23,2,rebalanced,1.125
23,3,rebalanced,0.84375
23,4,rebalanced,0.6328125
23,5,rebalanced,0.47460938
23,6,rebalanced,0.35595703
23,7,rebalanced,0.26696777
23,8,rebalanced,0.20022583
23,9,rebalanced,0.15016937
23,10,rebalanced,0.11262703
23,11,rebalanced,0.084470272
23,12,rebalanced,0.12670541
23,13,rebalanced,0.19005811
23,14,rebalanced,0.28508717
23,15,rebalanced,0.21381538
23,16,rebalanced,0.16036153
23,17,rebalanced,0.12027115
23,18,rebalanced,0.18040672
23,19,rebalanced,0.13530504
23,20,rebalanced,0.20295756
23,21,rebalanced,0.30443635
23,22,rebalanced,0.45665452
23,23,rebalanced,0.68498178
23,24,rebalanced,0.51373633
23,25,rebalanced,0.38530225
23,26,rebalanced,0.57795338
23,27,rebalanced,0.43346503
23,28,rebalanced,0.65019755
23,29,rebalanced,0.97529632
23,30,rebalanced,1.4629445
23,31,rebalanced,1.0972084
23,32,rebalanced,0.82290627
23,33,rebalanced,0.6171797
23,34,rebalanced,0.92576956
23,35,rebalanced,1.3886543
23,36,rebalanced,1.0414907
23,37,rebalanced,1.5622361
23,38,rebalanced,2.3433542
23,39,rebalanced,1.7575156
23,40,rebalanced,2.6362735
23,41,rebalanced,1.9772051
23,42,rebalanced,1.4829038
23,43,rebalanced,2.2243557
23,44,rebalanced,3.3365336
23,45,rebalanced,5.0048004
23,46,rebalanced,7.5072006
23,47,rebalanced,5.6304004
23,48,rebalanced,8.4456007
23,49,rebalanced,6.3342005
23,50,rebalanced,9.5013008
23,51,rebalanced,7.1259756
23,52,rebalanced,5.3444817
23,53,rebalanced,4.0083613
23,54,rebalanced,3.0062709
23,55,rebalanced,2.2547032
23,56,rebalanced,1.6910274
23,57,rebalanced,1.2682706
23,58,rebalanced,1.9024058
23,59,rebalanced,1.4268044
23,60,rebalanced,2.1402066
23,61,rebalanced,1.6051549
23,62,rebalanced,2.4077324
23,63,rebalanced,1.8057993
23,64,rebalanced,2.7086989
23,65,rebalanced,4.0630484
23,66,rebalanced,6.0945726
23,67,rebalanced,9.1418589
23,68,rebalanced,13.712788
23,69,rebalanced,10.284591
23,70,rebalanced,7.7134434
23,71,rebalanced,5.7850826
23,72,rebalanced,8.6776239
23,73,rebalanced,6.5082179
23,74,rebalanced,4.8811634
23,75,rebalanced,3.6608726
23,76,rebalanced,5.4913088
23,77,rebalanced,4.1184816
23,78,rebalanced,3.0888612
23,79,rebalanced,4.6332918
23,80,rebalanced,3.4749689
23,81,rebalanced,2.6062267
23,82,rebalanced,3.90934
23,83,rebalanced,5.86401
23,84,rebalanced,8.796015
23,85,rebalanced,13.194022
23,86,rebalanced,9.8955168
23,87,rebalanced,14.843275
23,88,rebalanced,11.132456
23,89,rebalanced,8.3493423
23,90,rebalanced,6.2620068
23,91,rebalanced,4.6965051
23,92,rebalanced,3.5223788
23,93,rebalanced,2.6417841
23,94,rebalanced,3.9626762
23,95,rebalanced,2.9720071
23,96,rebalanced,4.4580107
23,97,rebalanced,6.687016
23,98,rebalanced,5.015262
23,99,rebalanced,7.522893
23,100,rebalanced,5.6421698
24,0,rebalanced,1
24,1,rebalanced,0.75
24,2,rebalanced,0.5625
24,3,rebalanced,0.421875
24,4,rebalanced,0.6328125
24,5,rebalanced,0.94921875
24,6,rebalanced,1.4238281
24,7,rebalanced,2.1357422
24,8,rebalanced,3.2036133
24,9,rebalanced,2.40271
24,10,rebalanced,3.6040649
24,11,rebalanced,2.7030487
24,12,rebalanced,2.0272865
24,13,rebalanced,3.0409298
24,14,rebalanced,4.5613947
24,15,rebalanced,6.842092
24,16,rebalanced,10.263138
24,17,rebalanced,7.6973535
24,18,rebalanced,11.54603
24,19,rebalanced,8.6595227
24,20,rebalanced,6.4946421
24,21,rebalanced,9.7419631
24,22,rebalanced,7.3064723
24,23,rebalanced,5.4798542
24,24,rebalanced,4.1098907
24,25,rebalanced,6.164836
24,26,rebalanced,4.623627
24,27,rebalanced,6.9354405
24,28,rebalanced,5.2015804
24,29,rebalanced,7.8023706
24,30,rebalanced,5.8517779
24,31,rebalanced,4.3888334
24,32,rebalanced,6.5832502
24,33,rebalanced,4.9374376
24,34,rebalanced,7.4061564
24,35,rebalanced,5.5546173
24,36,rebalanced,4.165963
24,37,rebalanced,6.2489445
24,38,rebalanced,4.6867084
24,39,rebalanced,7.0300626
24,40,rebalanced,10.545094
24,41,rebalanced,15.817641
24,42,rebalanced,23.726461
24,43,rebalanced,35.589692
24,44,rebalanced,53.384538
24,45,rebalanced,80.076806
24,46,rebalanced,60.057605
24,47,rebalanced,45.043204
24,48,rebalanced,67.564805
24,49,rebalanced,50.673604
24,50,rebalanced,76.010406
24,51,rebalanced,57.007805
24,52,rebalanced,42.755853
24,53,rebalanced,32.06689
24,54,rebalanced,48.100335
24,55,rebalanced,72.150503
24,56,rebalanced,54.112877
24,57,rebalanced,81.169315
24,58,rebalanced,60.876987
24,59,rebalanced,45.65774
24,60,rebalanced,68.48661
24,61,rebalanced,102.72991
24,62,rebalanced,154.09487
24,63,rebalanced,231.14231
24,64,rebalanced,346.71346
24,65,rebalanced,520.07019
24,66,rebalanced,780.10529
24,67,rebalanced,1170.1579
24,68,rebalanced,877.61845
24,69,rebalanced,658.21384
24,70,rebalanced,987.32076
24,71,rebalanced,1480.9811
24,72,rebalanced,1110.7359
24,73,rebalanced,1666.1038
24,74,rebalanced,1249.5778
24,75,rebalanced,1874.3668
24,76,rebalanced,2811.5501
24,77,rebalanced,4217.3252
24,78,rebalanced,3162.9939
24,79,rebalanced,4744.4908
24,80,rebalanced,3558.3681
24,81,rebalanced,5337.5522
24,82,rebalanced,4003.1641
24,83,rebalanced,6004.7462
24,84,rebalanced,4503.5597
24,85,rebalanced,3377.6698
24,86,rebalanced,2533.2523
24,87,rebalanced,1899.9392
24,88,rebalanced,1424.9544
24,89,rebalanced,1068.7158
24,90,rebalanced,801.53686
24,91,rebalanced,1202.3053
24,92,rebalanced,901.72897
24,93,rebalanced,676.29673
24,94,rebalanced,1014.4451
24,95,rebalanced,760.83382
24,96,rebalanced,570.62537
24,97,rebalanced,855.93805
24,98,rebalanced,641.95354
24,99,rebalanced,962.9303
24,100,rebalanced,722.19773
25,0,rebalanced,1
25,1,rebalanced,0.75
25,2,rebalanced,1.125
25,3,rebalanced,1.6875
25,4,rebalanced,2.53125
25,5,rebalanced,1.8984375
25,6,rebalanced,2.8476562
25,7,rebalanced,2.1357422
25,8,rebalanced,3.2036133
25,9,rebalanced,4.8054199
25,10,rebalanced,3.6040649
25,11,rebalanced,5.4060974
25,12,rebalanced,4.0545731
25,13,rebalanced,3.0409298
25,14,rebalanced,2.2806973
25,15,rebalanced,3.421046
25,16,rebalanced,2.5657845
25,17,rebalanced,3.8486768
25,18,rebalanced,5.7730152
25,19,rebalanced,8.6595227
25,20,rebalanced,6.4946421
25,21,rebalanced,4.8709815
25,22,rebalanced,7.3064723
25,23,rebalanced,5.4798542
25,24,rebalanced,8.2197813
25,25,rebalanced,12.329672
25,26,rebalanced,9.247254
25,27,rebalanced,6.9354405
25,28,rebalanced,5.2015804
25,29,rebalanced,3.9011853
25,30,rebalanced,5.8517779
25,31,rebalanced,8.7776669
25,32,rebalanced,6.5832502
25,33,rebalanced,9.8748753
25,34,rebalanced,7.4061564
25,35,rebalanced,5.5546173
25,36,rebalanced,4.165963
25,37,rebalanced,3.1244722
25,38,rebalanced,2.3433542
25,39,rebalanced,3.5150313
25,40,rebalanced,2.6362735
25,41,rebalanced,1.9772051
25,42,rebalanced,2.9658076
25,43,rebalanced,4.4487115
25,44,rebalanced,6.6730672
25,45,rebalanced,10.009601
25,46,rebalanced,7.5072006
25,47,rebalanced,11.260801
25,48,rebalanced,16.891201
25,49,rebalanced,12.668401
25,50,rebalanced,19.002602
25,51,rebalanced,14.251951
25,52,rebalanced,21.377927
25,53,rebalanced,16.033445
25,54,rebalanced,12.025084
25,55,rebalanced,9.0188128
25,56,rebalanced,13.528219
25,57,rebalanced,10.146164
25,58,rebalanced,7.6096233
25,59,rebalanced,11.414435
25,60,rebalanced,8.5608262
25,61,rebalanced,6.4206197
25,62,rebalanced,4.8154648
25,63,rebalanced,7.2231971
25,64,rebalanced,5.4173979
25,65,rebalanced,8.1260968
25,66,rebalanced,12.189145
25,67,rebalanced,9.1418589
25,68,rebalanced,6.8563942
25,69,rebalanced,5.1422956
25,70,rebalanced,3.8567217
25,71,rebalanced,2.8925413
25,72,rebalanced,2.169406
25,73,rebalanced,3.2541089
25,74,rebalanced,4.8811634
25,75,rebalanced,7.3217451
25,76,rebalanced,5.4913088
25,77,rebalanced,8.2369633
25,78,rebalanced,12.355445
25,79,rebalanced,9.2665837
25,80,rebalanced,6.9499378
25,81,rebalanced,10.424907
25,82,rebalanced,15.63736
25,83,rebalanced,23.45604
25,84,rebalanced,17.59203
25,85,rebalanced,26.388045
25,86,rebalanced,39.582067
25,87,rebalanced,29.686551
25,88,rebalanced,44.529826
25,89,rebalanced,66.794739
25,90,rebalanced,100.19211
25,91,rebalanced,150.28816
25,92,rebalanced,225.43224
25,93,rebalanced,169.07418
25,94,rebalanced,126.80564
25,95,rebalanced,95.104228
25,96,rebalanced,142.65634
25,97,rebalanced,106.99226
25,98,rebalanced,160.48838
25,99,rebalanced,120.36629
25,100,rebalanced,90.274716
26,0,rebalanced,1
26,1,rebalanced,0.75
26,2,rebalanced,0.5625
26,3,rebalanced,0.84375
26,4,rebalanced,1.265625
26,5,rebalanced,1.8984375
26,6,rebalanced,1.4238281
26,7,rebalanced,2.1357422
26,8,rebalanced,3.2036133
26,9,rebalanced,4.8054199
26,10,rebalanced,7.2081299
26,11,rebalanced,10.812195
26,12,rebalanced,8.1091461
26,13,rebalanced,6.0818596
26,14,rebalanced,4.5613947
26,15,rebalanced,6.842092
26,16,rebalanced,10.263138
26,17,rebalanced,15.394707
26,18,rebalanced,23.092061
26,19,rebalanced,17.319045
26,20,rebalanced,12.989284
26,21,rebalanced,9.7419631
26,22,rebalanced,14.612945
26,23,rebalanced,10.959708
26,24,rebalanced,8.2197813
26,25,rebalanced,6.164836
26,26,rebalanced,4.623627
26,27,rebalanced,6.9354405
26,28,rebalanced,5.2015804
26,29,rebalanced,7.8023706
26,30,rebalanced,5.8517779
26,31,rebalanced,4.3888334
26,32,rebalanced,3.2916251
26,33,rebalanced,2.4687188
26,34,rebalanced,3.7030782
26,35,rebalanced,2.7773087
26,36,rebalanced,4.165963
26,37,rebalanced,3.1244722
26,38,rebalanced,4.6867084
26,39,rebalanced,7.0300626
26,40,rebalanced,10.545094
26,41,rebalanced,15.817641
26,42,rebalanced,23.726461
26,43,rebalanced,17.794846
26,44,rebalanced,26.692269
26,45,rebalanced,20.019202
26,46,rebalanced,15.014401
26,47,rebalanced,22.521602
26,48,rebalanced,33.782403
26,49,rebalanced,25.336802
26,50,rebalanced,38.005203
26,51,rebalanced,57.007805
26,52,rebalanced,85.511707
26,53,rebalanced,128.26756
26,54,rebalanced,96.20067
26,55,rebalanced,144.30101
26,56,rebalanced,108.22575
26,57,rebalanced,162.33863
26,58,rebalanced,243.50795
26,59,rebalanced,365.26192
26,60,rebalanced,273.94644
26,61,rebalanced,410.91966
26,62,rebalanced,616.37949
26,63,rebalanced,924.56923
26,64,rebalanced,1386.8539
26,65,rebalanced,1040.1404
26,66,rebalanced,1560.2106
26,67,rebalanced,2340.3159
26,68,rebalanced,1755.2369
26,69,rebalanced,2632.8554
26,70,rebalanced,1974.6415
26,71,rebalanced,1480.9811
26,72,rebalanced,2221.4717
26,73,rebalanced,3332.2076
26,74,rebalanced,2499.1557
26,75,rebalanced,3748.7335
26,76,rebalanced,2811.5501
26,77,rebalanced,2108.6626
26,78,rebalanced,3162.9939
26,79,rebalanced,4744.4908
26,80,rebalanced,7116.7363
26,81,rebalanced,10675.104
26,82,rebalanced,8006.3283
26,83,rebalanced,6004.7462
26,84,rebalanced,9007.1193
26,85,rebalanced,6755.3395
26,86,rebalanced,5066.5046
26,87,rebalanced,3799.8785
26,88,rebalanced,2849.9089
26,89,rebalanced,4274.8633
26,90,rebalanced,6412.2949
26,91,rebalanced,4809.2212
26,92,rebalanced,3606.9159
26,93,rebalanced,5410.3738
26,94,rebalanced,4057.7804
26,95,rebalanced,6086.6706
26,96,rebalanced,9130.0058
26,97,rebalanced,13695.009
26,98,rebalanced,10271.257
26,99,rebalanced,15406.885
26,100,rebalanced,23110.327
27,0,rebalanced,1
27,1,rebalanced,0.75
27,2,rebalanced,1.125
27,3,rebalanced,1.6875
27,4,rebalanced,1.265625
27,5,rebalanced,1.8984375
27,6,rebalanced,1.4238281
27,7,rebalanced,2.1357422
27,8,rebalanced,1.6018066
27,9,rebalanced,2.40271
27,10,rebalanced,1.8020325
27,11,rebalanced,1.3515244
27,12,rebalanced,2.0272865
27,13,rebalanced,1.5204649
27,14,rebalanced,1.1403487
27,15,rebalanced,0.8552615
27,16,rebalanced,1.2828923
27,17,rebalanced,0.96216919
27,18,rebalanced,1.4432538
27,19,rebalanced,1.0824403
27,20,rebalanced,1.6236605
27,21,rebalanced,2.4354908
27,22,rebalanced,1.8266181
27,23,rebalanced,2.7399271
27,24,rebalanced,2.0549453
27,25,rebalanced,1.541209
27,26,rebalanced,2.3118135
27,27,rebalanced,3.4677203
27,28,rebalanced,5.2015804
27,29,rebalanced,7.8023706
27,30,rebalanced,5.8517779
27,31,rebalanced,8.7776669
27,32,rebalanced,6.5832502
27,33,rebalanced,9.8748753
27,34,rebalanced,7.4061564
27,35,rebalanced,5.5546173
27,36,rebalanced,4.165963
27,37,rebalanced,3.1244722
27,38,rebalanced,4.6867084
27,39,rebalanced,3.5150313
27,40,rebalanced,5.2725469
27,41,rebalanced,7.9088204
27,42,rebalanced,5.9316153
27,43,rebalanced,4.4487115
27,44,rebalanced,6.6730672
27,45,rebalanced,10.009601
27,46,rebalanced,15.014401
27,47,rebalanced,11.260801
27,48,rebalanced,16.891201
27,49,rebalanced,25.336802
27,50,rebalanced,38.005203
27,51,rebalanced,57.007805
27,52,rebalanced,85.511707
27,53,rebalanced,64.13378
27,54,rebalanced,48.100335
27,55,rebalanced,36.075251
27,56,rebalanced,54.112877
27,57,rebalanced,81.169315
27,58,rebalanced,60.876987
27,59,rebalanced,45.65774
27,60,rebalanced,34.243305
27,61,rebalanced,25.682479
27,62,rebalanced,38.523718
27,63,rebalanced,28.892789
27,64,rebalanced,43.339183
27,65,rebalanced,32.504387
27,66,rebalanced,24.37829
27,67,rebalanced,18.283718
27,68,rebalanced,27.425577
27,69,rebalanced,20.569182
27,70,rebalanced,30.853774
27,71,rebalanced,23.14033
27,72,rebalanced,34.710495
27,73,rebalanced,26.032872
27,74,rebalanced,39.049307
27,75,rebalanced,29.286981
27,76,rebalanced,21.965235
27,77,rebalanced,32.947853
27,78,rebalanced,24.71089
27,79,rebalanced,37.066335
27,80,rebalanced,27.799751
27,81,rebalanced,20.849813
27,82,rebalanced,31.27472
27,83,rebalanced,46.91208
27,84,rebalanced,35.18406
27,85,rebalanced,26.388045
27,86,rebalanced,39.582067
27,87,rebalanced,29.686551
27,88,rebalanced,22.264913
27,89,rebalanced,16.698685
27,90,rebalanced,25.048027
27,91,rebalanced,37.572041
27,92,rebalanced,56.358061
27,93,rebalanced,42.268546
27,94,rebalanced,31.701409
27,95,rebalanced,47.552114
27,96,rebalanced,35.664085
27,97,rebalanced,53.496128
27,98,rebalanced,40.122096
27,99,rebalanced,30.091572
27,100,rebalanced,22.568679
28,0,rebalanced,1
28,1,rebalanced,0.75
28,2,rebalanced,1.125
28,3,rebalanced,1.6875
28,4,rebalanced,1.265625
28,5,rebalanced,1.8984375
28,6,rebalanced,2.8476562
28,7,rebalanced,4.2714844
28,8,rebalanced,6.4072266
28,9,rebalanced,4.8054199
28,10,rebalanced,3.6040649
28,11,rebalanced,5.4060974
28,12,rebalanced,4.0545731
28,13,rebalanced,3.0409298
28,14,rebalanced,4.5613947
28,15,rebalanced,6.842092
28,16,rebalanced,10.263138
28,17,rebalanced,7.6973535
28,18,rebalanced,5.7730152
28,19,rebalanced,4.3297614
28,20,rebalanced,3.247321
28,21,rebalanced,2.4354908
28,22,rebalanced,1.8266181
28,23,rebalanced,2.7399271
28,24,rebalanced,4.1098907
28,25,rebalanced,3.082418
28,26,rebalanced,4.623627
28,27,rebalanced,3.4677203
28,28,rebalanced,2.6007902
28,29,rebalanced,3.9011853
28,30,rebalanced,2.925889
28,31,rebalanced,2.1944167
28,32,rebalanced,1.6458125
28,33,rebalanced,1.2343594
28,34,rebalanced,0.92576956
28,35,rebalanced,0.69432717
28,36,rebalanced,1.0414907
28,37,rebalanced,0.78111806
28,38,rebalanced,1.1716771
28,39,rebalanced,0.87875782
28,40,rebalanced,1.3181367
28,41,rebalanced,1.9772051
28,42,rebalanced,1.4829038
28,43,rebalanced,2.2243557
28,44,rebalanced,3.3365336
28,45,rebalanced,5.0048004
28,46,rebalanced,7.5072006
28,47,rebalanced,11.260801
28,48,rebalanced,16.891201
28,49,rebalanced,25.336802
28,50,rebalanced,19.002602
28,51,rebalanced,28.503902
28,52,rebalanced,42.755853
28,53,rebalanced,64.13378
28,54,rebalanced,96.20067
28,55,rebalanced,144.30101
28,56,rebalanced,108.22575
28,57,rebalanced,81.169315
28,58,rebalanced,121.75397
28,59,rebalanced,182.63096
28,60,rebalanced,273.94644
28,61,rebalanced,205.45983
28,62,rebalanced,154.09487
28,63,rebalanced,231.14231
28,64,rebalanced,173.35673
28,65,rebalanced,260.0351
28,66,rebalanced,390.05265
28,67,rebalanced,585.07897
28,68,rebalanced,438.80923
28,69,rebalanced,329.10692
28,70,rebalanced,493.66038
28,71,rebalanced,370.24528
28,72,rebalanced,277.68396
28,73,rebalanced,208.26297
28,74,rebalanced,156.19723
28,75,rebalanced,117.14792
28,76,rebalanced,175.72188
28,77,rebalanced,263.58282
28,78,rebalanced,395.37424
28,79,rebalanced,296.53068
28,80,rebalanced,222.39801
28,81,rebalanced,333.59701
28,82,rebalanced,500.39552
28,83,rebalanced,375.29664
28,84,rebalanced,281.47248
28,85,rebalanced,422.20872
28,86,rebalanced,633.31308
28,87,rebalanced,474.98481
28,88,rebalanced,712.47721
28,89,rebalanced,534.35791
28,90,rebalanced,801.53686
28,91,rebalanced,601.15265
28,92,rebalanced,901.72897
28,93,rebalanced,1352.5935
28,94,rebalanced,1014.4451
28,95,rebalanced,1521.6676
28,96,rebalanced,1141.2507
28,97,rebalanced,855.93805
28,98,rebalanced,641.95354
28,99,rebalanced,481.46515
28,100,rebalanced,361.09886
29,0,rebalanced,1
29,1,rebalanced,0.75
29,2,rebalanced,1.125
29,3,rebalanced,1.6875
29,4,rebalanced,1.265625
29,5,rebalanced,1.8984375
29,6,rebalanced,2.8476562
29,7,rebalanced,4.2714844
29,8,rebalanced,6.4072266
29,9,rebalanced,9.6108398
29,10,rebalanced,14.41626
29,11,rebalanced,21.62439
29,12,rebalanced,16.218292
29,13,rebalanced,12.163719
29,14,rebalanced,18.245579
29,15,rebalanced,27.368368
29,16,rebalanced,20.526276
29,17,rebalanced,30.789414
29,18,rebalanced,23.092061
29,19,rebalanced,34.638091
29,20,rebalanced,51.957136
29,21,rebalanced,77.935705
29,22,rebalanced,58.451778
29,23,rebalanced,87.677668
29,24,rebalanced,65.758251
29,25,rebalanced,49.318688
29,26,rebalanced,36.989016
29,27,rebalanced,27.741762
29,28,rebalanced,41.612643
29,29,rebalanced,31.209482
29,30,rebalanced,23.407112
29,31,rebalanced,17.555334
29,32,rebalanced,13.1665
29,33,rebalanced,9.8748753
29,34,rebalanced,14.812313
29,35,rebalanced,11.109235
29,36,rebalanced,8.331926
29,37,rebalanced,6.2489445
29,38,rebalanced,9.3734167
29,39,rebalanced,7.0300626
29,40,rebalanced,10.545094
29,41,rebalanced,7.9088204
29,42,rebalanced,5.9316153
29,43,rebalanced,4.4487115
29,44,rebalanced,3.3365336
29,45,rebalanced,2.5024002
29,46,rebalanced,1.8768001
29,47,rebalanced,1.4076001
29,48,rebalanced,1.0557001
29,49,rebalanced,0.79177506
29,50,rebalanced,0.5938313
29,51,rebalanced,0.89074695
29,52,rebalanced,0.66806021
29,53,rebalanced,0.50104516
29,54,rebalanced,0.75156774
29,55,rebalanced,0.5636758
29,56,rebalanced,0.42275685
29,57,rebalanced,0.31706764
29,58,rebalanced,0.23780073
29,59,rebalanced,0.35670109
29,60,rebalanced,0.53505164
29,61,rebalanced,0.80257746
29,62,rebalanced,1.2038662
29,63,rebalanced,1.8057993
29,64,rebalanced,1.3543495
29,65,rebalanced,2.0315242
29,66,rebalanced,1.5236431
29,67,rebalanced,2.2854647
29,68,rebalanced,3.4281971
29,69,rebalanced,2.5711478
29,70,rebalanced,3.8567217
29,71,rebalanced,2.8925413
29,72,rebalanced,2.169406
29,73,rebalanced,1.6270545
29,74,rebalanced,1.2202909
29,75,rebalanced,1.8304363
29,76,rebalanced,2.7456544
29,77,rebalanced,4.1184816
29,78,rebalanced,6.1777225
29,79,rebalanced,4.6332918
29,80,rebalanced,6.9499378
29,81,rebalanced,5.2124533
29,82,rebalanced,3.90934
29,83,rebalanced,5.86401
29,84,rebalanced,4.3980075
29,85,rebalanced,6.5970112
29,86,rebalanced,4.9477584
29,87,rebalanced,7.4216376
29,88,rebalanced,5.5662282
29,89,rebalanced,4.1746712
29,90,rebalanced,3.1310034
29,91,rebalanced,2.3482525
29,92,rebalanced,3.5223788
29,93,rebalanced,2.6417841
29,94,rebalanced,1.9813381
29,95,rebalanced,2.9720071
29,96,rebalanced,2.2290053
29,97,rebalanced,1.671754
29,98,rebalanced,1.2538155
29,99,rebalanced,0.94036163
29,100,rebalanced,0.70527122
30,0,rebalanced,1
30,1,rebalanced,1.5
30,2,rebalanced,2.25
30,3,rebalanced,3.375
30,4,rebalanced,2.53125
30,5,rebalanced,3.796875
30,6,rebalanced,5.6953125
30,7,rebalanced,8.5429688
30,8,rebalanced,12.814453
30,9,rebalanced,19.22168
30,10,rebalanced,14.41626
30,11,rebalanced,21.62439
30,12,rebalanced,16.218292
30,13,rebalanced,12.163719
30,14,rebalanced,18.245579
30,15,rebalanced,27.368368
30,16,rebalanced,41.052552
30,17,rebalanced,61.578828
30,18,rebalanced,92.368243
30,19,rebalanced,69.276182
30,20,rebalanced,51.957136
30,21,rebalanced,38.967852
30,22,rebalanced,58.451778
30,23,rebalanced,87.677668
30,24,rebalanced,131.5165
30,25,rebalanced,197.27475
30,26,rebalanced,295.91213
30,27,rebalanced,221.9341
30,28,rebalanced,332.90114
30,29,rebalanced,499.35172
30,30,rebalanced,749.02758
30,31,rebalanced,561.77068
30,32,rebalanced,842.65602
30,33,rebalanced,631.99202
30,34,rebalanced,473.99401
30,35,rebalanced,355.49551
30,36,rebalanced,533.24326
30,37,rebalanced,399.93245
30,38,rebalanced,599.89867
30,39,rebalanced,899.84801
30,40,rebalanced,674.88601
30,41,rebalanced,506.1645
30,42,rebalanced,759.24676
30,43,rebalanced,1138.8701
30,44,rebalanced,854.1526
30,45,rebalanced,640.61445
30,46,rebalanced,480.46084
30,47,rebalanced,720.69126
30,48,rebalanced,540.51844
30,49,rebalanced,405.38883
30,50,rebalanced,304.04162
30,51,rebalanced,456.06244
30,52,rebalanced,684.09365
30,53,rebalanced,513.07024
30,54,rebalanced,769.60536
30,55,rebalanced,577.20402
30,56,rebalanced,865.80603
30,57,rebalanced,1298.709
30,58,rebalanced,1948.0636
30,59,rebalanced,2922.0954
30,60,rebalanced,4383.143
30,61,rebalanced,6574.7146
30,62,rebalanced,4931.0359
30,63,rebalanced,7396.5539
30,64,rebalanced,5547.4154
30,65,rebalanced,8321.1231
30,66,rebalanced,12481.685
30,67,rebalanced,9361.2635
30,68,rebalanced,14041.895
30,69,rebalanced,10531.421
30,70,rebalanced,15797.132
30,71,rebalanced,23695.698
30,72,rebalanced,35543.547
30,73,rebalanced,53315.321
30,74,rebalanced,79972.981
30,75,rebalanced,59979.736
30,76,rebalanced,44984.802
30,77,rebalanced,67477.203
30,78,rebalanced,50607.902
30,79,rebalanced,37955.927
30,80,rebalanced,28466.945
30,81,rebalanced,42700.418
30,82,rebalanced,64050.626
30,83,rebalanced,96075.94
30,84,rebalanced,72056.955
30,85,rebalanced,108085.43
30,86,rebalanced,81064.074
30,87,rebalanced,60798.056
30,88,rebalanced,91197.083
30,89,rebalanced,68397.812
30,90,rebalanced,102596.72
30,91,rebalanced,153895.08
30,92,rebalanced,230842.62
30,93,rebalanced,173131.96
30,94,rebalanced,259697.94
30,95,rebalanced,194773.46
30,96,rebalanced,146080.09
30,97,rebalanced,219120.14
30,98,rebalanced,164340.11
30,99,rebalanced,246510.16
30,100,rebalanced,184882.62
31,0,rebalanced,1
31,1,rebalanced,1.5
31,2,rebalanced,2.25
31,3,rebalanced,3.375
31,4,rebalanced,5.0625
31,5,rebalanced,3.796875
31,6,rebalanced,2.8476562
31,7,rebalanced,2.1357422
31,8,rebalanced,3.2036133
31,9,rebalanced,2.40271
31,10,rebalanced,3.6040649
31,11,rebalanced,5.4060974
31,12,rebalanced,4.0545731
31,13,rebalanced,3.0409298
31,14,rebalanced,2.2806973
31,15,rebalanced,3.421046
31,16,rebalanced,5.131569
31,17,rebalanced,3.8486768
31,18,rebalanced,5.7730152
31,19,rebalanced,8.6595227
31,20,rebalanced,12.989284
31,21,rebalanced,19.483926
31,22,rebalanced,14.612945
31,23,rebalanced,21.919417
31,24,rebalanced,16.439563
31,25,rebalanced,12.329672
31,26,rebalanced,18.494508
31,27,rebalanced,13.870881
31,28,rebalanced,20.806322
31,29,rebalanced,31.209482
31,30,rebalanced,46.814223
31,31,rebalanced,70.221335
31,32,rebalanced,105.332
31,33,rebalanced,157.998
31,34,rebalanced,118.4985
31,35,rebalanced,177.74775
31,36,rebalanced,266.62163
31,37,rebalanced,199.96622
31,38,rebalanced,299.94934
31,39,rebalanced,224.962
31,40,rebalanced,337.443
31,41,rebalanced,253.08225
31,42,rebalanced,379.62338
31,43,rebalanced,284.71753
31,44,rebalanced,427.0763
31,45,rebalanced,320.30723
31,46,rebalanced,480.46084
31,47,rebalanced,360.34563
31,48,rebalanced,270.25922
31,49,rebalanced,202.69442
31,50,rebalanced,152.02081
31,51,rebalanced,114.01561
31,52,rebalanced,85.511707
31,53,rebalanced,64.13378
31,54,rebalanced,96.20067
31,55,rebalanced,72.150503
31,56,rebalanced,108.22575
31,57,rebalanced,162.33863
31,58,rebalanced,121.75397
31,59,rebalanced,182.63096
31,60,rebalanced,273.94644
31,61,rebalanced,410.91966
31,62,rebalanced,616.37949
31,63,rebalanced,924.56923
31,64,rebalanced,693.42693
31,65,rebalanced,1040.1404
31,66,rebalanced,780.10529
31,67,rebalanced,585.07897
31,68,rebalanced,438.80923
31,69,rebalanced,658.21384
31,70,rebalanced,987.32076
31,71,rebalanced,740.49057
31,72,rebalanced,555.36793
31,73,rebalanced,833.05189
31,74,rebalanced,1249.5778
31,75,rebalanced,937.18338
31,76,rebalanced,1405.7751
31,77,rebalanced,1054.3313
31,78,rebalanced,1581.4969
31,79,rebalanced,1186.1227
31,80,rebalanced,1779.1841
31,81,rebalanced,1334.388
31,82,rebalanced,2001.5821
31,83,rebalanced,3002.3731
31,84,rebalanced,4503.5597
31,85,rebalanced,3377.6698
31,86,rebalanced,2533.2523
31,87,rebalanced,3799.8785
31,88,rebalanced,5699.8177
31,89,rebalanced,8549.7266
31,90,rebalanced,12824.59
31,91,rebalanced,9618.4424
31,92,rebalanced,14427.664
31,93,rebalanced,21641.495
31,94,rebalanced,16231.122
31,95,rebalanced,12173.341
31,96,rebalanced,9130.0058
31,97,rebalanced,6847.5044
31,98,rebalanced,10271.257
31,99,rebalanced,15406.885
31,100,rebalanced,11555.164
32,0,rebalanced,1
32,1,rebalanced,1.5
32,2,rebalanced,2.25
32,3,rebalanced,3.375
32,4,rebalanced,2.53125
32,5,rebalanced,3.796875
32,6,rebalanced,2.8476562
32,7,rebalanced,4.2714844
32,8,rebalanced,3.2036133
32,9,rebalanced,2.40271
32,10,rebalanced,1.8020325
32,11,rebalanced,1.3515244
32,12,rebalanced,2.0272865
32,13,rebalanced,1.5204649
32,14,rebalanced,1.1403487
32,15,rebalanced,0.8552615
32,16,rebalanced,1.2828923
32,17,rebalanced,0.96216919
32,18,rebalanced,0.72162689
32,19,rebalanced,0.54122017
32,20,rebalanced,0.81183026
32,21,rebalanced,1.2177454
32,22,rebalanced,0.91330904
32,23,rebalanced,0.68498178
32,24,rebalanced,0.51373633
32,25,rebalanced,0.7706045
32,26,rebalanced,1.1559068
32,27,rebalanced,1.7338601
32,28,rebalanced,2.6007902
32,29,rebalanced,1.9505926
32,30,rebalanced,1.4629445
32,31,rebalanced,2.1944167
32,32,rebalanced,3.2916251
32,33,rebalanced,4.9374376
32,34,rebalanced,7.4061564
32,35,rebalanced,5.5546173
32,36,rebalanced,4.165963
32,37,rebalanced,6.2489445
32,38,rebalanced,4.6867084
32,39,rebalanced,3.5150313
32,40,rebalanced,5.2725469
32,41,rebalanced,7.9088204
32,42,rebalanced,5.9316153
32,43,rebalanced,4.4487115
32,44,rebalanced,6.6730672
32,45,rebalanced,5.0048004
32,46,rebalanced,3.7536003
32,47,rebalanced,5.6304004
32,48,rebalanced,4.2228003
32,49,rebalanced,6.3342005
32,50,rebalanced,9.5013008
32,51,rebalanced,14.251951
32,52,rebalanced,21.377927
32,53,rebalanced,16.033445
32,54,rebalanced,12.025084
32,55,rebalanced,18.037626
32,56,rebalanced,27.056438
32,57,rebalanced,40.584658
32,58,rebalanced,60.876987
32,59,rebalanced,45.65774
32,60,rebalanced,34.243305
32,61,rebalanced,25.682479
32,62,rebalanced,19.261859
32,63,rebalanced,28.892789
32,64,rebalanced,21.669591
32,65,rebalanced,32.504387
32,66,rebalanced,24.37829
32,67,rebalanced,18.283718
32,68,rebalanced,13.712788
32,69,rebalanced,10.284591
32,70,rebalanced,15.426887
32,71,rebalanced,11.570165
32,72,rebalanced,17.355248
32,73,rebalanced,13.016436
32,74,rebalanced,9.7623268
32,75,rebalanced,14.64349
32,76,rebalanced,10.982618
32,77,rebalanced,8.2369633
32,78,rebalanced,6.1777225
32,79,rebalanced,4.6332918
32,80,rebalanced,3.4749689
32,81,rebalanced,5.2124533
32,82,rebalanced,3.90934
32,83,rebalanced,2.932005
32,84,rebalanced,4.3980075
32,85,rebalanced,3.2985056
32,86,rebalanced,4.9477584
32,87,rebalanced,7.4216376
32,88,rebalanced,11.132456
32,89,rebalanced,16.698685
32,90,rebalanced,12.524014
32,91,rebalanced,9.3930101
32,92,rebalanced,14.089515
32,93,rebalanced,10.567136
32,94,rebalanced,7.9253523
32,95,rebalanced,5.9440142
32,96,rebalanced,4.4580107
32,97,rebalanced,6.687016
32,98,rebalanced,10.030524
32,99,rebalanced,7.522893
32,100,rebalanced,5.6421698
33,0,rebalanced,1
33,1,rebalanced,0.75
33,2,rebalanced,0.5625
33,3,rebalanced,0.421875
33,4,rebalanced,0.31640625
33,5,rebalanced,0.23730469
33,6,rebalanced,0.35595703
33,7,rebalanced,0.53393555
33,8,rebalanced,0.80090332
33,9,rebalanced,0.60067749
33,10,rebalanced,0.45050812
33,11,rebalanced,0.33788109
33,12,rebalanced,0.25341082
33,13,rebalanced,0.38011622
33,14,rebalanced,0.57017434
33,15,rebalanced,0.8552615
33,16,rebalanced,0.64144613
33,17,rebalanced,0.96216919
33,18,rebalanced,1.4432538
33,19,rebalanced,1.0824403
33,20,rebalanced,1.6236605
33,21,rebalanced,1.2177454
33,22,rebalanced,1.8266181
33,23,rebalanced,1.3699636
33,24,rebalanced,2.0549453
33,25,rebalanced,1.541209
33,26,rebalanced,2.3118135
33,27,rebalanced,3.4677203
33,28,rebalanced,5.2015804
33,29,rebalanced,3.9011853
33,30,rebalanced,2.925889
33,31,rebalanced,2.1944167
33,32,rebalanced,3.2916251
33,33,rebalanced,4.9374376
33,34,rebalanced,3.7030782
33,35,rebalanced,5.5546173
33,36,rebalanced,8.331926
33,37,rebalanced,6.2489445
33,38,rebalanced,9.3734167
33,39,rebalanced,14.060125
33,40,rebalanced,10.545094
33,41,rebalanced,15.817641
33,42,rebalanced,11.863231
33,43,rebalanced,8.8974229
33,44,rebalanced,6.6730672
33,45,rebalanced,5.0048004
33,46,rebalanced,3.7536003
33,47,rebalanced,5.6304004
33,48,rebalanced,8.4456007
33,49,rebalanced,12.668401
33,50,rebalanced,19.002602
33,51,rebalanced,28.503902
33,52,rebalanced,42.755853
33,53,rebalanced,64.13378
33,54,rebalanced,48.100335
33,55,rebalanced,36.075251
33,56,rebalanced,54.112877
33,57,rebalanced,40.584658
33,58,rebalanced,60.876987
33,59,rebalanced,91.31548
33,60,rebalanced,136.97322
33,61,rebalanced,205.45983
33,62,rebalanced,154.09487
33,63,rebalanced,115.57115
33,64,rebalanced,173.35673
33,65,rebalanced,260.0351
33,66,rebalanced,390.05265
33,67,rebalanced,585.07897
33,68,rebalanced,438.80923
33,69,rebalanced,329.10692
33,70,rebalanced,493.66038
33,71,rebalanced,370.24528
33,72,rebalanced,277.68396
33,73,rebalanced,208.26297
33,74,rebalanced,312.39446
33,75,rebalanced,234.29584
33,76,rebalanced,175.72188
33,77,rebalanced,263.58282
33,78,rebalanced,197.68712
33,79,rebalanced,148.26534
33,80,rebalanced,222.39801
33,81,rebalanced,333.59701
33,82,rebalanced,500.39552
33,83,rebalanced,375.29664
33,84,rebalanced,562.94496
33,85,rebalanced,844.41744
33,86,rebalanced,1266.6262
33,87,rebalanced,949.96962
33,88,rebalanced,712.47721
33,89,rebalanced,534.35791
33,90,rebalanced,801.53686
33,91,rebalanced,1202.3053
33,92,rebalanced,1803.4579
33,93,rebalanced,1352.5935
33,94,rebalanced,1014.4451
33,95,rebalanced,1521.6676
33,96,rebalanced,2282.5015
33,97,rebalanced,3423.7522
33,98,rebalanced,2567.8141
33,99,rebalanced,1925.8606
33,100,rebalanced,1444.3955
34,0,rebalanced,1
34,1,rebalanced,1.5
34,2,rebalanced,1.125
34,3,rebalanced,0.84375
34,4,rebalanced,0.6328125
34,5,rebalanced,0.47460938
34,6,rebalanced,0.35595703
34,7,rebalanced,0.53393555
34,8,rebalanced,0.40045166
34,9,rebalanced,0.30033875
34,10,rebalanced,0.22525406
34,11,rebalanced,0.33788109
34,12,rebalanced,0.50682163
34,13,rebalanced,0.38011622
34,14,rebalanced,0.57017434
34,15,rebalanced,0.8552615
34,16,rebalanced,0.64144613
34,17,rebalanced,0.4810846
34,18,rebalanced,0.36081345
34,19,rebalanced,0.27061009
34,20,rebalanced,0.40591513
34,21,rebalanced,0.60887269
34,22,rebalanced,0.45665452
34,23,rebalanced,0.68498178
34,24,rebalanced,0.51373633
34,25,rebalanced,0.7706045
34,26,rebalanced,1.1559068
34,27,rebalanced,0.86693006
34,28,rebalanced,1.3003951
34,29,rebalanced,0.97529632
34,30,rebalanced,1.4629445
34,31,rebalanced,1.0972084
34,32,rebalanced,1.6458125
34,33,rebalanced,1.2343594
34,34,rebalanced,0.92576956
34,35,rebalanced,0.69432717
34,36,rebalanced,0.52074537
34,37,rebalanced,0.39055903
34,38,rebalanced,0.29291927
34,39,rebalanced,0.21968946
34,40,rebalanced,0.16476709
34,41,rebalanced,0.24715064
34,42,rebalanced,0.18536298
34,43,rebalanced,0.13902223
34,44,rebalanced,0.10426667
34,45,rebalanced,0.15640001
34,46,rebalanced,0.23460002
34,47,rebalanced,0.35190003
34,48,rebalanced,0.52785004
34,49,rebalanced,0.39588753
34,50,rebalanced,0.5938313
34,51,rebalanced,0.44537347
34,52,rebalanced,0.66806021
34,53,rebalanced,0.50104516
34,54,rebalanced,0.37578387
34,55,rebalanced,0.2818379
34,56,rebalanced,0.21137843
34,57,rebalanced,0.15853382
34,58,rebalanced,0.11890036
34,59,rebalanced,0.17835055
34,60,rebalanced,0.13376291
34,61,rebalanced,0.20064436
34,62,rebalanced,0.30096655
34,63,rebalanced,0.45144982
34,64,rebalanced,0.33858737
34,65,rebalanced,0.25394052
34,66,rebalanced,0.38091079
34,67,rebalanced,0.28568309
34,68,rebalanced,0.42852463
34,69,rebalanced,0.32139348
34,70,rebalanced,0.24104511
34,71,rebalanced,0.18078383
34,72,rebalanced,0.27117575
34,73,rebalanced,0.40676362
34,74,rebalanced,0.61014543
34,75,rebalanced,0.45760907
34,76,rebalanced,0.68641361
34,77,rebalanced,1.0296204
34,78,rebalanced,1.5444306
34,79,rebalanced,2.3166459
34,80,rebalanced,1.7374844
34,81,rebalanced,2.6062267
34,82,rebalanced,3.90934
34,83,rebalanced,5.86401
34,84,rebalanced,4.3980075
34,85,rebalanced,3.2985056
34,86,rebalanced,4.9477584
34,87,rebalanced,7.4216376
34,88,rebalanced,5.5662282
34,89,rebalanced,4.1746712
34,90,rebalanced,6.2620068
34,91,rebalanced,9.3930101
34,92,rebalanced,7.0447576
34,93,rebalanced,10.567136
34,94,rebalanced,7.9253523
34,95,rebalanced,5.9440142
34,96,rebalanced,8.9160213
34,97,rebalanced,6.687016
34,98,rebalanced,10.030524
34,99,rebalanced,15.045786
34,100,rebalanced,22.568679
35,0,rebalanced,1
35,1,rebalanced,0.75
35,2,rebalanced,1.125
35,3,rebalanced,0.84375
35,4,rebalanced,1.265625
35,5,rebalanced,0.94921875
35,6,rebalanced,1.4238281
35,7,rebalanced,1.0678711
35,8,rebalanced,1.6018066
35,9,rebalanced,1.201355
35,10,rebalanced,0.90101624
35,11,rebalanced,0.67576218
35,12,rebalanced,0.50682163
35,13,rebalanced,0.76023245
35,14,rebalanced,1.1403487
35,15,rebalanced,1.710523
35,16,rebalanced,1.2828923
35,17,rebalanced,1.9243384
35,18,rebalanced,2.8865076
35,19,rebalanced,4.3297614
35,20,rebalanced,6.4946421
35,21,rebalanced,4.8709815
35,22,rebalanced,3.6532362
35,23,rebalanced,2.7399271
35,24,rebalanced,4.1098907
35,25,rebalanced,6.164836
35,26,rebalanced,4.623627
35,27,rebalanced,3.4677203
35,28,rebalanced,5.2015804
35,29,rebalanced,7.8023706
35,30,rebalanced,5.8517779
35,31,rebalanced,8.7776669
35,32,rebalanced,6.5832502
35,33,rebalanced,4.9374376
35,34,rebalanced,7.4061564
35,35,rebalanced,5.5546173
35,36,rebalanced,8.331926
35,37,rebalanced,12.497889
35,38,rebalanced,9.3734167
35,39,rebalanced,14.060125
35,40,rebalanced,10.545094
35,41,rebalanced,7.9088204
35,42,rebalanced,11.863231
35,43,rebalanced,17.794846
35,44,rebalanced,13.346134
35,45,rebalanced,20.019202
35,46,rebalanced,30.028802
35,47,rebalanced,22.521602
35,48,rebalanced,16.891201
35,49,rebalanced,25.336802
35,50,rebalanced,38.005203
35,51,rebalanced,28.503902
35,52,rebalanced,42.755853
35,53,rebalanced,64.13378
35,54,rebalanced,48.100335
35,55,rebalanced,36.075251
35,56,rebalanced,27.056438
35,57,rebalanced,40.584658
35,58,rebalanced,60.876987
35,59,rebalanced,45.65774
35,60,rebalanced,68.48661
35,61,rebalanced,51.364957
35,62,rebalanced,38.523718
35,63,rebalanced,57.785577
35,64,rebalanced,43.339183
35,65,rebalanced,32.504387
35,66,rebalanced,48.756581
35,67,rebalanced,73.134871
35,68,rebalanced,54.851153
35,69,rebalanced,82.27673
35,70,rebalanced,61.707547
35,71,rebalanced,46.280661
35,72,rebalanced,69.420991
35,73,rebalanced,104.13149
35,74,rebalanced,78.098615
35,75,rebalanced,58.573961
35,76,rebalanced,87.860942
35,77,rebalanced,65.895706
35,78,rebalanced,98.843559
35,79,rebalanced,148.26534
35,80,rebalanced,111.199
35,81,rebalanced,166.79851
35,82,rebalanced,125.09888
35,83,rebalanced,187.64832
35,84,rebalanced,281.47248
35,85,rebalanced,211.10436
35,86,rebalanced,158.32827
35,87,rebalanced,237.4924
35,88,rebalanced,356.23861
35,89,rebalanced,534.35791
35,90,rebalanced,801.53686
35,91,rebalanced,601.15265
35,92,rebalanced,901.72897
35,93,rebalanced,1352.5935
35,94,rebalanced,1014.4451
35,95,rebalanced,1521.6676
35,96,rebalanced,1141.2507
35,97,rebalanced,855.93805
35,98,rebalanced,641.95354
35,99,rebalanced,481.46515
35,100,rebalanced,361.09886
36,0,rebalanced,1
36,1,rebalanced,0.75
36,2,rebalanced,1.125
36,3,rebalanced,1.6875
36,4,rebalanced,1.265625
36,5,rebalanced,0.94921875
36,6,rebalanced,0.71191406
36,7,rebalanced,1.0678711
36,8,rebalanced,0.80090332
36,9,rebalanced,0.60067749
36,10,rebalanced,0.90101624
36,11,rebalanced,1.3515244
36,12,rebalanced,2.0272865
36,13,rebalanced,3.0409298
36,14,rebalanced,4.5613947
36,15,rebalanced,6.842092
36,16,rebalanced,5.131569
36,17,rebalanced,3.8486768
36,18,rebalanced,2.8865076
36,19,rebalanced,2.1648807
36,20,rebalanced,1.6236605
36,21,rebalanced,2.4354908
36,22,rebalanced,3.6532362
36,23,rebalanced,5.4798542
36,24,rebalanced,8.2197813
36,25,rebalanced,6.164836
36,26,rebalanced,9.247254
36,27,rebalanced,6.9354405
36,28,rebalanced,10.403161
36,29,rebalanced,7.8023706
36,30,rebalanced,11.703556
36,31,rebalanced,17.555334
36,32,rebalanced,13.1665
36,33,rebalanced,19.749751
36,34,rebalanced,14.812313
36,35,rebalanced,22.218469
36,36,rebalanced,33.327704
36,37,rebalanced,49.991556
36,38,rebalanced,37.493667
36,39,rebalanced,28.12025
36,40,rebalanced,42.180375
36,41,rebalanced,63.270563
36,42,rebalanced,94.905845
36,43,rebalanced,142.35877
36,44,rebalanced,106.76908
36,45,rebalanced,80.076806
36,46,rebalanced,60.057605
36,47,rebalanced,90.086407
36,48,rebalanced,135.12961
36,49,rebalanced,202.69442
36,50,rebalanced,152.02081
36,51,rebalanced,114.01561
36,52,rebalanced,85.511707
36,53,rebalanced,128.26756
36,54,rebalanced,192.40134
36,55,rebalanced,144.30101
36,56,rebalanced,108.22575
36,57,rebalanced,162.33863
36,58,rebalanced,243.50795
36,59,rebalanced,365.26192
36,60,rebalanced,273.94644
36,61,rebalanced,205.45983
36,62,rebalanced,308.18974
36,63,rebalanced,462.28462
36,64,rebalanced,693.42693
36,65,rebalanced,1040.1404
36,66,rebalanced,1560.2106
36,67,rebalanced,2340.3159
36,68,rebalanced,3510.4738
36,69,rebalanced,5265.7107
36,70,rebalanced,7898.5661
36,71,rebalanced,5923.9246
36,72,rebalanced,8885.8868
36,73,rebalanced,13328.83
36,74,rebalanced,9996.6227
36,75,rebalanced,14994.934
36,76,rebalanced,11246.201
36,77,rebalanced,8434.6504
36,78,rebalanced,12651.976
36,79,rebalanced,18977.963
36,80,rebalanced,28466.945
36,81,rebalanced,42700.418
36,82,rebalanced,64050.626
36,83,rebalanced,96075.94
36,84,rebalanced,72056.955
36,85,rebalanced,54042.716
36,86,rebalanced,81064.074
36,87,rebalanced,60798.056
36,88,rebalanced,91197.083
36,89,rebalanced,136795.62
36,90,rebalanced,102596.72
36,91,rebalanced,76947.539
36,92,rebalanced,57710.654
36,93,rebalanced,43282.991
36,94,rebalanced,32462.243
36,95,rebalanced,24346.682
36,96,rebalanced,18260.012
36,97,rebalanced,13695.009
36,98,rebalanced,10271.257
36,99,rebalanced,7703.4424
36,100,rebalanced,11555.164
37,0,rebalanced,1
37,1,rebalanced,0.75
37,2,rebalanced,1.125
37,3,rebalanced,1.6875
37,4,rebalanced,2.53125
37,5,rebalanced,3.796875
37,6,rebalanced,5.6953125
37,7,rebalanced,8.5429688
37,8,rebalanced,6.4072266
37,9,rebalanced,4.8054199
37,10,rebalanced,7.2081299
37,11,rebalanced,5.4060974
37,12,rebalanced,8.1091461
37,13,rebalanced,6.0818596
37,14,rebalanced,4.5613947
37,15,rebalanced,3.421046
37,16,rebalanced,5.131569
37,17,rebalanced,7.6973535
37,18,rebalanced,11.54603
37,19,rebalanced,8.6595227
37,20,rebalanced,6.4946421
37,21,rebalanced,9.7419631
37,22,rebalanced,14.612945
37,23,rebalanced,21.919417
37,24,rebalanced,16.439563
37,25,rebalanced,24.659344
37,26,rebalanced,18.494508
37,27,rebalanced,27.741762
37,28,rebalanced,20.806322
37,29,rebalanced,31.209482
37,30,rebalanced,23.407112
37,31,rebalanced,17.555334
37,32,rebalanced,13.1665
37,33,rebalanced,19.749751
37,34,rebalanced,29.624626
37,35,rebalanced,44.436939
37,36,rebalanced,66.655408
37,37,rebalanced,99.983112
37,38,rebalanced,74.987334
37,39,rebalanced,112.481
37,40,rebalanced,168.7215
37,41,rebalanced,126.54113
37,42,rebalanced,189.81169
37,43,rebalanced,142.35877
37,44,rebalanced,106.76908
37,45,rebalanced,80.076806
37,46,rebalanced,120.11521
37,47,rebalanced,180.17281
37,48,rebalanced,270.25922
37,49,rebalanced,202.69442
37,50,rebalanced,152.02081
37,51,rebalanced,228.03122
37,52,rebalanced,342.04683
37,53,rebalanced,513.07024
37,54,rebalanced,769.60536
37,55,rebalanced,1154.408
37,56,rebalanced,865.80603
37,57,rebalanced,1298.709
37,58,rebalanced,1948.0636
37,59,rebalanced,1461.0477
37,60,rebalanced,2191.5715
37,61,rebalanced,1643.6786
37,62,rebalanced,1232.759
37,63,rebalanced,924.56923
37,64,rebalanced,1386.8539
37,65,rebalanced,2080.2808
37,66,rebalanced,3120.4212
37,67,rebalanced,4680.6317
37,68,rebalanced,3510.4738
37,69,rebalanced,5265.7107
37,70,rebalanced,7898.5661
37,71,rebalanced,11847.849
37,72,rebalanced,17771.774
37,73,rebalanced,26657.66
37,74,rebalanced,19993.245
37,75,rebalanced,29989.868
37,76,rebalanced,44984.802
37,77,rebalanced,33738.602
37,78,rebalanced,25303.951
37,79,rebalanced,18977.963
37,80,rebalanced,14233.473
37,81,rebalanced,21350.209
37,82,rebalanced,32025.313
37,83,rebalanced,24018.985
37,84,rebalanced,36028.477
37,85,rebalanced,54042.716
37,86,rebalanced,40532.037
37,87,rebalanced,30399.028
37,88,rebalanced,22799.271
37,89,rebalanced,17099.453
37,90,rebalanced,12824.59
37,91,rebalanced,9618.4424
37,92,rebalanced,14427.664
37,93,rebalanced,21641.495
37,94,rebalanced,32462.243
37,95,rebalanced,48693.365
37,96,rebalanced,73040.047
37,97,rebalanced,54780.035
37,98,rebalanced,82170.053
37,99,rebalanced,123255.08
37,100,rebalanced,92441.309
38,0,rebalanced,1
38,1,rebalanced,0.75
38,2,rebalanced,1.125
38,3,rebalanced,0.84375
38,4,rebalanced,1.265625
38,5,rebalanced,1.8984375
38,6,rebalanced,1.4238281
38,7,rebalanced,2.1357422
38,8,rebalanced,1.6018066
38,9,rebalanced,2.40271
38,10,rebalanced,3.6040649
38,11,rebalanced,5.4060974
38,12,rebalanced,8.1091461
38,13,rebalanced,12.163719
38,14,rebalanced,9.1227894
38,15,rebalanced,13.684184
38,16,rebalanced,20.526276
38,17,rebalanced,15.394707
38,18,rebalanced,11.54603
38,19,rebalanced,8.6595227
38,20,rebalanced,6.4946421
38,21,rebalanced,4.8709815
38,22,rebalanced,7.3064723
38,23,rebalanced,5.4798542
38,24,rebalanced,8.2197813
38,25,rebalanced,12.329672
38,26,rebalanced,9.247254
38,27,rebalanced,6.9354405
38,28,rebalanced,10.403161
38,29,rebalanced,7.8023706
38,30,rebalanced,5.8517779
38,31,rebalanced,4.3888334
38,32,rebalanced,3.2916251
38,33,rebalanced,2.4687188
38,34,rebalanced,1.8515391
38,35,rebalanced,1.3886543
38,36,rebalanced,1.0414907
38,37,rebalanced,0.78111806
38,38,rebalanced,0.58583855
38,39,rebalanced,0.43937891
38,40,rebalanced,0.65906837
38,41,rebalanced,0.98860255
38,42,rebalanced,1.4829038
38,43,rebalanced,2.2243557
38,44,rebalanced,3.3365336
38,45,rebalanced,2.5024002
38,46,rebalanced,1.8768001
38,47,rebalanced,1.4076001
38,48,rebalanced,1.0557001
38,49,rebalanced,1.5835501
38,50,rebalanced,1.1876626
38,51,rebalanced,0.89074695
38,52,rebalanced,0.66806021
38,53,rebalanced,0.50104516
38,54,rebalanced,0.75156774
38,55,rebalanced,0.5636758
38,56,rebalanced,0.8455137
38,57,rebalanced,1.2682706
38,58,rebalanced,1.9024058
38,59,rebalanced,1.4268044
38,60,rebalanced,2.1402066
38,61,rebalanced,1.6051549
38,62,rebalanced,2.4077324
38,63,rebalanced,3.6115986
38,64,rebalanced,5.4173979
38,65,rebalanced,4.0630484
38,66,rebalanced,6.0945726
38,67,rebalanced,4.5709294
38,68,rebalanced,6.8563942
38,69,rebalanced,5.1422956
38,70,rebalanced,7.7134434
38,71,rebalanced,11.570165
38,72,rebalanced,8.6776239
38,73,rebalanced,6.5082179
38,74,rebalanced,9.7623268
38,75,rebalanced,14.64349
38,76,rebalanced,10.982618
38,77,rebalanced,8.2369633
38,78,rebalanced,6.1777225
38,79,rebalanced,4.6332918
38,80,rebalanced,3.4749689
38,81,rebalanced,5.2124533
38,82,rebalanced,3.90934
38,83,rebalanced,2.932005
38,84,rebalanced,2.1990037
38,85,rebalanced,3.2985056
38,86,rebalanced,2.4738792
38,87,rebalanced,3.7108188
38,88,rebalanced,2.7831141
38,89,rebalanced,2.0873356
38,90,rebalanced,1.5655017
38,91,rebalanced,2.3482525
38,92,rebalanced,1.7611894
38,93,rebalanced,1.3208921
38,94,rebalanced,0.99066904
38,95,rebalanced,0.74300178
38,96,rebalanced,0.55725133
38,97,rebalanced,0.4179385
38,98,rebalanced,0.31345388
38,99,rebalanced,0.23509041
38,100,rebalanced,0.35263561
39,0,rebalanced,1
39,1,rebalanced,0.75
39,2,rebalanced,1.125
39,3,rebalanced,0.84375
39,4,rebalanced,0.6328125
39,5,rebalanced,0.47460938
39,6,rebalanced,0.35595703
39,7,rebalanced,0.53393555
39,8,rebalanced,0.40045166
39,9,rebalanced,0.60067749
39,10,rebalanced,0.45050812
39,11,rebalanced,0.67576218
39,12,rebalanced,1.0136433
39,13,rebalanced,1.5204649
39,14,rebalanced,1.1403487
39,15,rebalanced,1.710523
39,16,rebalanced,2.5657845
39,17,rebalanced,1.9243384
39,18,rebalanced,2.8865076
39,19,rebalanced,4.3297614
39,20,rebalanced,6.4946421
39,21,rebalanced,4.8709815
39,22,rebalanced,7.3064723
39,23,rebalanced,5.4798542
39,24,rebalanced,8.2197813
39,25,rebalanced,12.329672
39,26,rebalanced,9.247254
39,27,rebalanced,6.9354405
39,28,rebalanced,5.2015804
39,29,rebalanced,3.9011853
39,30,rebalanced,5.8517779
39,31,rebalanced,4.3888334
39,32,rebalanced,6.5832502
39,33,rebalanced,4.9374376
39,34,rebalanced,7.4061564
39,35,rebalanced,5.5546173
39,36,rebalanced,8.331926
39,37,rebalanced,6.2489445
39,38,rebalanced,4.6867084
39,39,rebalanced,3.5150313
39,40,rebalanced,5.2725469
39,41,rebalanced,3.9544102
39,42,rebalanced,5.9316153
39,43,rebalanced,4.4487115
39,44,rebalanced,6.6730672
39,45,rebalanced,10.009601
39,46,rebalanced,7.5072006
39,47,rebalanced,5.6304004
39,48,rebalanced,8.4456007
39,49,rebalanced,6.3342005
39,50,rebalanced,9.5013008
39,51,rebalanced,14.251951
39,52,rebalanced,21.377927
39,53,rebalanced,32.06689
39,54,rebalanced,48.100335
39,55,rebalanced,72.150503
39,56,rebalanced,108.22575
39,57,rebalanced,162.33863
39,58,rebalanced,243.50795
39,59,rebalanced,182.63096
39,60,rebalanced,136.97322
39,61,rebalanced,205.45983
39,62,rebalanced,308.18974
39,63,rebalanced,231.14231
39,64,rebalanced,173.35673
39,65,rebalanced,130.01755
39,66,rebalanced,97.513161
39,67,rebalanced,146.26974
39,68,rebalanced,109.70231
39,69,rebalanced,164.55346
39,70,rebalanced,246.83019
39,71,rebalanced,370.24528
39,72,rebalanced,555.36793
39,73,rebalanced,416.52595
39,74,rebalanced,624.78892
39,75,rebalanced,468.59169
39,76,rebalanced,702.88753
39,77,rebalanced,527.16565
39,78,rebalanced,790.74847
39,79,rebalanced,1186.1227
39,80,rebalanced,1779.1841
39,81,rebalanced,1334.388
39,82,rebalanced,2001.5821
39,83,rebalanced,1501.1866
39,84,rebalanced,2251.7798
39,85,rebalanced,3377.6698
39,86,rebalanced,5066.5046
39,87,rebalanced,7599.7569
39,88,rebalanced,11399.635
39,89,rebalanced,8549.7266
39,90,rebalanced,6412.2949
39,91,rebalanced,4809.2212
39,92,rebalanced,3606.9159
39,93,rebalanced,5410.3738
39,94,rebalanced,4057.7804
39,95,rebalanced,6086.6706
39,96,rebalanced,4565.0029
39,97,rebalanced,6847.5044
39,98,rebalanced,5135.6283
39,99,rebalanced,3851.7212
39,100,rebalanced,2888.7909
0,0,buy_and_hold,1
0,1,buy_and_hold,0.75
0,2,buy_and_hold,1
0,3,buy_and_hold,1.5
0,4,buy_and_hold,1
0,5,buy_and_hold,0.75
0,6,buy_and_hold,1
0,7,buy_and_hold,0.75
0,8,buy_and_hold,0.625
0,9,buy_and_hold,0.75
0,10,buy_and_hold,0.625
0,11,buy_and_hold,0.75
0,12,buy_and_hold,0.625
0,13,buy_and_hold,0.75
0,14,buy_and_hold,0.625
0,15,buy_and_hold,0.75
0,16,buy_and_hold,1
0,17,buy_and_hold,0.75
0,18,buy_and_hold,0.625
0,19,buy_and_hold,0.5625
0,20,buy_and_hold,0.625
0,21,buy_and_hold,0.75
0,22,buy_and_hold,0.625
0,23,buy_and_hold,0.5625
0,24,buy_and_hold,0.53125
0,25,buy_and_hold,0.515625
0,26,buy_and_hold,0.5078125
0,27,buy_and_hold,0.50390625
0,28,buy_and_hold,0.50195312
0,29,buy_and_hold,0.50390625
0,30,buy_and_hold,0.50195312
0,31,buy_and_hold,0.50097656
0,32,buy_and_hold,0.50195312
0,33,buy_and_hold,0.50097656
0,34,buy_and_hold,0.50195312
0,35,buy_and_hold,0.50390625
0,36,buy_and_hold,0.5078125
0,37,buy_and_hold,0.50390625
0,38,buy_and_hold,0.5078125
0,39,buy_and_hold,0.515625
0,40,buy_and_hold,0.53125
0,41,buy_and_hold,0.5625
0,42,buy_and_hold,0.53125
0,43,buy_and_hold,0.515625
0,44,buy_and_hold,0.5078125
0,45,buy_and_hold,0.515625
0,46,buy_and_hold,0.5078125
0,47,buy_and_hold,0.515625
0,48,buy_and_hold,0.53125
0,49,buy_and_hold,0.515625
0,50,buy_and_hold,0.5078125
0,51,buy_and_hold,0.515625
0,52,buy_and_hold,0.53125
0,53,buy_and_hold,0.5625
0,54,buy_and_hold,0.53125
0,55,buy_and_hold,0.5625
0,56,buy_and_hold,0.53125
0,57,buy_and_hold,0.5625
0,58,buy_and_hold,0.625
0,59,buy_and_hold,0.5625
0,60,buy_and_hold,0.625
0,61,buy_and_hold,0.5625
0,62,buy_and_hold,0.53125
0,63,buy_and_hold,0.5625
0,64,buy_and_hold,0.625
0,65,buy_and_hold,0.75
0,66,buy_and_hold,0.625
0,67,buy_and_hold,0.5625
0,68,buy_and_hold,0.53125
0,69,buy_and_hold,0.515625
0,70,buy_and_hold,0.5078125
0,71,buy_and_hold,0.515625
0,72,buy_and_hold,0.5078125
0,73,buy_and_hold,0.50390625
0,74,buy_and_hold,0.50195312
0,75,buy_and_hold,0.50390625
0,76,buy_and_hold,0.50195312
0,77,buy_and_hold,0.50097656
0,78,buy_and_hold,0.50048828
0,79,buy_and_hold,0.50097656
0,80,buy_and_hold,0.50048828
0,81,buy_and_hold,0.50097656
0,82,buy_and_hold,0.50048828
0,83,buy_and_hold,0.50097656
0,84,buy_and_hold,0.50195312
0,85,buy_and_hold,0.50390625
0,86,buy_and_hold,0.5078125
0,87,buy_and_hold,0.50390625
0,88,buy_and_hold,0.50195312
0,89,buy_and_hold,0.50097656
0,90,buy_and_hold,0.50048828
0,91,buy_and_hold,0.50024414
0,92,buy_and_hold,0.50048828
0,93,buy_and_hold,0.50024414
0,94,buy_and_hold,0.50048828
0,95,buy_and_hold,0.50024414
0,96,buy_and_hold,0.50048828
0,97,buy_and_hold,0.50097656
0,98,buy_and_hold,0.50048828
0,99,buy_and_hold,0.50024414
0,100,buy_and_hold,0.50048828
1,0,buy_and_hold,1
1,1,buy_and_hold,1.5
1,2,buy_and_hold,1
1,3,buy_and_hold,0.75
1,4,buy_and_hold,1
1,5,buy_and_hold,1.5
1,6,buy_and_hold,1
1,7,buy_and_hold,0.75
1,8,buy_and_hold,0.625
1,9,buy_and_hold,0.75
1,10,buy_and_hold,0.625
1,11,buy_and_hold,0.5625
1,12,buy_and_hold,0.625
1,13,buy_and_hold,0.5625
1,14,buy_and_hold,0.53125
1,15,buy_and_hold,0.5625
1,16,buy_and_hold,0.53125
1,17,buy_and_hold,0.5625
1,18,buy_and_hold,0.625
1,19,buy_and_hold,0.5625
1,20,buy_and_hold,0.53125
1,21,buy_and_hold,0.515625
1,22,buy_and_hold,0.53125
1,23,buy_and_hold,0.515625
1,24,buy_and_hold,0.53125
1,25,buy_and_hold,0.5625
1,26,buy_and_hold,0.53125
1,27,buy_and_hold,0.515625
1,28,buy_and_hold,0.53125
1,29,buy_and_hold,0.515625
1,30,buy_and_hold,0.53125
1,31,buy_and_hold,0.5625
1,32,buy_and_hold,0.53125
1,33,buy_and_hold,0.5625
1,34,buy_and_hold,0.53125
1,35,buy_and_hold,0.5625
1,36,buy_and_hold,0.53125
1,37,buy_and_hold,0.5625
1,38,buy_and_hold,0.625
1,39,buy_and_hold,0.5625
1,40,buy_and_hold,0.625
1,41,buy_and_hold,0.75
1,42,buy_and_hold,0.625
1,43,buy_and_hold,0.5625
1,44,buy_and_hold,0.53125
1,45,buy_and_hold,0.5625
1,46,buy_and_hold,0.625
1,47,buy_and_hold,0.5625
1,48,buy_and_hold,0.53125
1,49,buy_and_hold,0.5625
1,50,buy_and_hold,0.53125
1,51,buy_and_hold,0.5625
1,52,buy_and_hold,0.53125
1,53,buy_and_hold,0.515625
1,54,buy_and_hold,0.5078125
1,55,buy_and_hold,0.50390625
1,56,buy_and_hold,0.5078125
1,57,buy_and_hold,0.50390625
1,58,buy_and_hold,0.5078125
1,59,buy_and_hold,0.50390625
1,60,buy_and_hold,0.50195312
1,61,buy_and_hold,0.50390625
1,62,buy_and_hold,0.50195312
1,63,buy_and_hold,0.50097656
1,64,buy_and_hold,0.50048828
1,65,buy_and_hold,0.50097656
1,66,buy_and_hold,0.50048828
1,67,buy_and_hold,0.50024414
1,68,buy_and_hold,0.50012207
1,69,buy_and_hold,0.50024414
1,70,buy_and_hold,0.50012207
1,71,buy_and_hold,0.50006104
1,72,buy_and_hold,0.50012207
1,73,buy_and_hold,0.50024414
1,74,buy_and_hold,0.50048828
1,75,buy_and_hold,0.50024414
1,76,buy_and_hold,0.50012207
1,77,buy_and_hold,0.50006104
1,78,buy_and_hold,0.50012207
1,79,buy_and_hold,0.50006104
1,80,buy_and_hold,0.50012207
1,81,buy_and_hold,0.50006104
1,82,buy_and_hold,0.50012207
1,83,buy_and_hold,0.50006104
1,84,buy_and_hold,0.50012207
1,85,buy_and_hold,0.50006104
1,86,buy_and_hold,0.50012207
1,87,buy_and_hold,0.50006104
1,88,buy_and_hold,0.50003052
1,89,buy_and_hold,0.50001526
1,90,buy_and_hold,0.50000763
1,91,buy_and_hold,0.50000381
1,92,buy_and_hold,0.50000763
1,93,buy_and_hold,0.50000381
1,94,buy_and_hold,0.50000763
1,95,buy_and_hold,0.50000381
1,96,buy_and_hold,0.50000763
1,97,buy_and_hold,0.50001526
1,98,buy_and_hold,0.50003052
1,99,buy_and_hold,0.50006104
1,100,buy_and_hold,0.50012207
2,0,buy_and_hold,1
2,1,buy_and_hold,1.5
2,2,buy_and_hold,2.5
2,3,buy_and_hold,1.5
2,4,buy_and_hold,2.5
2,5,buy_and_hold,1.5
2,6,buy_and_hold,1
2,7,buy_and_hold,0.75
2,8,buy_and_hold,1
2,9,buy_and_hold,1.5
2,10,buy_and_hold,2.5
2,11,buy_and_hold,4.5
2,12,buy_and_hold,8.5
2,13,buy_and_hold,4.5
2,14,buy_and_hold,2.5
2,15,buy_and_hold,1.5
2,16,buy_and_hold,1
2,17,buy_and_hold,0.75
2,18,buy_and_hold,0.625
2,19,buy_and_hold,0.75
2,20,buy_and_hold,1
2,21,buy_and_hold,0.75
2,22,buy_and_hold,1
2,23,buy_and_hold,0.75
2,24,buy_and_hold,1
2,25,buy_and_hold,0.75
2,26,buy_and_hold,0.625
2,27,buy_and_hold,0.75
2,28,buy_and_hold,1
2,29,buy_and_hold,1.5
2,30,buy_and_hold,2.5
2,31,buy_and_hold,1.5
2,32,buy_and_hold,1
2,33,buy_and_hold,0.75
2,34,buy_and_hold,0.625
2,35,buy_and_hold,0.75
2,36,buy_and_hold,0.625
2,37,buy_and_hold,0.5625
2,38,buy_and_hold,0.625
2,39,buy_and_hold,0.5625
2,40,buy_and_hold,0.625
2,41,buy_and_hold,0.75
2,42,buy_and_hold,1
2,43,buy_and_hold,0.75
2,44,buy_and_hold,1
2,45,buy_and_hold,0.75
2,46,buy_and_hold,1
2,47,buy_and_hold,0.75
2,48,buy_and_hold,1
2,49,buy_and_hold,0.75
2,50,buy_and_hold,0.625
2,51,buy_and_hold,0.75
2,52,buy_and_hold,1
2,53,buy_and_hold,0.75
2,54,buy_and_hold,1
2,55,buy_and_hold,1.5
2,56,buy_and_hold,2.5
2,57,buy_and_hold,4.5
2,58,buy_and_hold,2.5
2,59,buy_and_hold,1.5
2,60,buy_and_hold,1
2,61,buy_and_hold,1.5
2,62,buy_and_hold,2.5
2,63,buy_and_hold,4.5
2,64,buy_and_hold,2.5
2,65,buy_and_hold,1.5
2,66,buy_and_hold,2.5
2,67,buy_and_hold,4.5
2,68,buy_and_hold,2.5
2,69,buy_and_hold,4.5
2,70,buy_and_hold,8.5
2,71,buy_and_hold,16.5
2,72,buy_and_hold,8.5
2,73,buy_and_hold,4.5
2,74,buy_and_hold,2.5
2,75,buy_and_hold,1.5
2,76,buy_and_hold,1
2,77,buy_and_hold,0.75
2,78,buy_and_hold,1
2,79,buy_and_hold,0.75
2,80,buy_and_hold,1
2,81,buy_and_hold,1.5
2,82,buy_and_hold,1
2,83,buy_and_hold,0.75
2,84,buy_and_hold,0.625
2,85,buy_and_hold,0.5625
2,86,buy_and_hold,0.53125
2,87,buy_and_hold,0.515625
2,88,buy_and_hold,0.53125
2,89,buy_and_hold,0.515625
2,90,buy_and_hold,0.53125
2,91,buy_and_hold,0.5625
2,92,buy_and_hold,0.53125
2,93,buy_and_hold,0.515625
2,94,buy_and_hold,0.5078125
2,95,buy_and_hold,0.515625
2,96,buy_and_hold,0.5078125
2,97,buy_and_hold,0.50390625
2,98,buy_and_hold,0.50195312
2,99,buy_and_hold,0.50390625
2,100,buy_and_hold,0.5078125
3,0,buy_and_hold,1
3,1,buy_and_hold,1.5
3,2,buy_and_hold,2.5
3,3,buy_and_hold,4.5
3,4,buy_and_hold,8.5
3,5,buy_and_hold,4.5
3,6,buy_and_hold,2.5
3,7,buy_and_hold,1.5
3,8,buy_and_hold,1
3,9,buy_and_hold,0.75
3,10,buy_and_hold,0.625
3,11,buy_and_hold,0.75
3,12,buy_and_hold,0.625
3,13,buy_and_hold,0.5625
3,14,buy_and_hold,0.625
3,15,buy_and_hold,0.75
3,16,buy_and_hold,1
3,17,buy_and_hold,0.75
3,18,buy_and_hold,1
3,19,buy_and_hold,1.5
3,20,buy_and_hold,1
3,21,buy_and_hold,0.75
3,22,buy_and_hold,1
3,23,buy_and_hold,0.75
3,24,buy_and_hold,0.625
3,25,buy_and_hold,0.5625
3,26,buy_and_hold,0.625
3,27,buy_and_hold,0.75
3,28,buy_and_hold,1
3,29,buy_and_hold,1.5
3,30,buy_and_hold,2.5
3,31,buy_and_hold,4.5
3,32,buy_and_hold,2.5
3,33,buy_and_hold,4.5
3,34,buy_and_hold,8.5
3,35,buy_and_hold,4.5
3,36,buy_and_hold,8.5
3,37,buy_and_hold,16.5
3,38,buy_and_hold,32.5
3,39,buy_and_hold,64.5
3,40,buy_and_hold,32.5
3,41,buy_and_hold,64.5
3,42,buy_and_hold,32.5
3,43,buy_and_hold,64.5
3,44,buy_and_hold,128.5
3,45,buy_and_hold,256.5
3,46,buy_and_hold,512.5
3,47,buy_and_hold,256.5
3,48,buy_and_hold,512.5
3,49,buy_and_hold,256.5
3,50,buy_and_hold,512.5
3,51,buy_and_hold,1024.5
3,52,buy_and_hold,2048.5
3,53,buy_and_hold,1024.5
3,54,buy_and_hold,512.5
3,55,buy_and_hold,256.5
3,56,buy_and_hold,128.5
3,57,buy_and_hold,256.5
3,58,buy_and_hold,128.5
3,59,buy_and_hold,256.5
3,60,buy_and_hold,512.5
3,61,buy_and_hold,1024.5
3,62,buy_and_hold,512.5
3,63,buy_and_hold,1024.5
3,64,buy_and_hold,2048.5
3,65,buy_and_hold,4096.5
3,66,buy_and_hold,8192.5
3,67,buy_and_hold,16384.5
3,68,buy_and_hold,32768.5
3,69,buy_and_hold,65536.5
3,70,buy_and_hold,32768.5
3,71,buy_and_hold,16384.5
3,72,buy_and_hold,8192.5
3,73,buy_and_hold,16384.5
3,74,buy_and_hold,8192.5
3,75,buy_and_hold,4096.5
3,76,buy_and_hold,8192.5
3,77,buy_and_hold,16384.5
3,78,buy_and_hold,32768.5
3,79,buy_and_hold,65536.5
3,80,buy_and_hold,32768.5
3,81,buy_and_hold,16384.5
3,82,buy_and_hold,32768.5
3,83,buy_and_hold,16384.5
3,84,buy_and_hold,8192.5
3,85,buy_and_hold,16384.5
3,86,buy_and_hold,8192.5
3,87,buy_and_hold,4096.5
3,88,buy_and_hold,2048.5
3,89,buy_and_hold,1024.5
3,90,buy_and_hold,512.5
3,91,buy_and_hold,1024.5
3,92,buy_and_hold,2048.5
3,93,buy_and_hold,1024.5
3,94,buy_and_hold,512.5
3,95,buy_and_hold,1024.5
3,96,buy_and_hold,512.5
3,97,buy_and_hold,256.5
3,98,buy_and_hold,512.5
3,99,buy_and_hold,1024.5
3,100,buy_and_hold,512.5
4,0,buy_and_hold,1
4,1,buy_and_hold,1.5
4,2,buy_and_hold,2.5
4,3,buy_and_hold,4.5
4,4,buy_and_hold,8.5
4,5,buy_and_hold,16.5
4,6,buy_and_hold,32.5
4,7,buy_and_hold,64.5
4,8,buy_and_hold,32.5
4,9,buy_and_hold,16.5
4,10,buy_and_hold,8.5
4,11,buy_and_hold,4.5
4,12,buy_and_hold,2.5
4,13,buy_and_hold,1.5
4,14,buy_and_hold,1
4,15,buy_and_hold,1.5
4,16,buy_and_hold,1
4,17,buy_and_hold,0.75
4,18,buy_and_hold,0.625
4,19,buy_and_hold,0.5625
4,20,buy_and_hold,0.53125
4,21,buy_and_hold,0.5625
4,22,buy_and_hold,0.53125
4,23,buy_and_hold,0.515625
4,24,buy_and_hold,0.5078125
4,25,buy_and_hold,0.50390625
4,26,buy_and_hold,0.5078125
4,27,buy_and_hold,0.50390625
4,28,buy_and_hold,0.5078125
4,29,buy_and_hold,0.515625
4,30,buy_and_hold,0.5078125
4,31,buy_and_hold,0.515625
4,32,buy_and_hold,0.53125
4,33,buy_and_hold,0.515625
4,34,buy_and_hold,0.53125
4,35,buy_and_hold,0.5625
4,36,buy_and_hold,0.53125
4,37,buy_and_hold,0.5625
4,38,buy_and_hold,0.53125
4,39,buy_and_hold,0.5625
4,40,buy_and_hold,0.625
4,41,buy_and_hold,0.75
4,42,buy_and_hold,1
4,43,buy_and_hold,1.5
4,44,buy_and_hold,1
4,45,buy_and_hold,1.5
4,46,buy_and_hold,1
4,47,buy_and_hold,1.5
4,48,buy_and_hold,1
4,49,buy_and_hold,1.5
4,50,buy_and_hold,2.5
4,51,buy_and_hold,4.5
4,52,buy_and_hold,8.5
4,53,buy_and_hold,16.5
4,54,buy_and_hold,8.5
4,55,buy_and_hold,4.5
4,56,buy_and_hold,2.5
4,57,buy_and_hold,1.5
4,58,buy_and_hold,2.5
4,59,buy_and_hold,1.5
4,60,buy_and_hold,1
4,61,buy_and_hold,0.75
4,62,buy_and_hold,1
4,63,buy_and_hold,1.5
4,64,buy_and_hold,2.5
4,65,buy_and_hold,4.5
4,66,buy_and_hold,2.5
4,67,buy_and_hold,4.5
4,68,buy_and_hold,8.5
4,69,buy_and_hold,4.5
4,70,buy_and_hold,8.5
4,71,buy_and_hold,4.5
4,72,buy_and_hold,8.5
4,73,buy_and_hold,16.5
4,74,buy_and_hold,8.5
4,75,buy_and_hold,4.5
4,76,buy_and_hold,8.5
4,77,buy_and_hold,16.5
4,78,buy_and_hold,8.5
4,79,buy_and_hold,4.5
4,80,buy_and_hold,8.5
4,81,buy_and_hold,4.5
4,82,buy_and_hold,2.5
4,83,buy_and_hold,1.5
4,84,buy_and_hold,1
4,85,buy_and_hold,1.5
4,86,buy_and_hold,2.5
4,87,buy_and_hold,4.5
4,88,buy_and_hold,2.5
4,89,buy_and_hold,4.5
4,90,buy_and_hold,8.5
4,91,buy_and_hold,4.5
4,92,buy_and_hold,2.5
4,93,buy_and_hold,4.5
4,94,buy_and_hold,8.5
4,95,buy_and_hold,16.5
4,96,buy_and_hold,8.5
4,97,buy_and_hold,16.5
4,98,buy_and_hold,32.5
4,99,buy_and_hold,64.5
4,100,buy_and_hold,128.5
5,0,buy_and_hold,1
5,1,buy_and_hold,0.75
5,2,buy_and_hold,1
5,3,buy_and_hold,0.75
5,4,buy_and_hold,0.625
5,5,buy_and_hold,0.5625
5,6,buy_and_hold,0.53125
5,7,buy_and_hold,0.515625
5,8,buy_and_hold,0.5078125
5,9,buy_and_hold,0.515625
5,10,buy_and_hold,0.5078125
5,11,buy_and_hold,0.515625
5,12,buy_and_hold,0.5078125
5,13,buy_and_hold,0.50390625
5,14,buy_and_hold,0.5078125
5,15,buy_and_hold,0.50390625
5,16,buy_and_hold,0.50195312
5,17,buy_and_hold,0.50390625
5,18,buy_and_hold,0.50195312
5,19,buy_and_hold,0.50097656
5,20,buy_and_hold,0.50048828
5,21,buy_and_hold,0.50024414
5,22,buy_and_hold,0.50048828
5,23,buy_and_hold,0.50024414
5,24,buy_and_hold,0.50048828
5,25,buy_and_hold,0.50097656
5,26,buy_and_hold,0.50048828
5,27,buy_and_hold,0.50097656
5,28,buy_and_hold,0.50195312
5,29,buy_and_hold,0.50097656
5,30,buy_and_hold,0.50048828
5,31,buy_and_hold,0.50097656
5,32,buy_and_hold,0.50195312
5,33,buy_and_hold,0.50097656
5,34,buy_and_hold,0.50048828
5,35,buy_and_hold,0.50097656
5,36,buy_and_hold,0.50195312
5,37,buy_and_hold,0.50390625
5,38,buy_and_hold,0.5078125
5,39,buy_and_hold,0.50390625
5,40,buy_and_hold,0.50195312
5,41,buy_and_hold,0.50097656
5,42,buy_and_hold,0.50195312
5,43,buy_and_hold,0.50390625
5,44,buy_and_hold,0.50195312
5,45,buy_and_hold,0.50097656
5,46,buy_and_hold,0.50195312
5,47,buy_and_hold,0.50390625
5,48,buy_and_hold,0.5078125
5,49,buy_and_hold,0.50390625
5,50,buy_and_hold,0.5078125
5,51,buy_and_hold,0.50390625
5,52,buy_and_hold,0.5078125
5,53,buy_and_hold,0.50390625
5,54,buy_and_hold,0.5078125
5,55,buy_and_hold,0.515625
5,56,buy_and_hold,0.5078125
5,57,buy_and_hold,0.50390625
5,58,buy_and_hold,0.50195312
5,59,buy_and_hold,0.50390625
5,60,buy_and_hold,0.5078125
5,61,buy_and_hold,0.515625
5,62,buy_and_hold,0.53125
5,63,buy_and_hold,0.515625
5,64,buy_and_hold,0.5078125
5,65,buy_and_hold,0.50390625
5,66,buy_and_hold,0.5078125
5,67,buy_and_hold,0.515625
5,68,buy_and_hold,0.53125
5,69,buy_and_hold,0.515625
5,70,buy_and_hold,0.5078125
5,71,buy_and_hold,0.515625
5,72,buy_and_hold,0.5078125
5,73,buy_and_hold,0.50390625
5,74,buy_and_hold,0.50195312
5,75,buy_and_hold,0.50097656
5,76,buy_and_hold,0.50048828
5,77,buy_and_hold,0.50097656
5,78,buy_and_hold,0.50195312
5,79,buy_and_hold,0.50097656
5,80,buy_and_hold,0.50195312
5,81,buy_and_hold,0.50390625
5,82,buy_and_hold,0.50195312
5,83,buy_and_hold,0.50097656
5,84,buy_and_hold,0.50195312
5,85,buy_and_hold,0.50390625
5,86,buy_and_hold,0.5078125
5,87,buy_and_hold,0.50390625
5,88,buy_and_hold,0.5078125
5,89,buy_and_hold,0.50390625
5,90,buy_and_hold,0.5078125
5,91,buy_and_hold,0.515625
5,92,buy_and_hold,0.53125
5,93,buy_and_hold,0.5625
5,94,buy_and_hold,0.53125
5,95,buy_and_hold,0.515625
5,96,buy_and_hold,0.5078125
5,97,buy_and_hold,0.515625
5,98,buy_and_hold,0.53125
5,99,buy_and_hold,0.5625
5,100,buy_and_hold,0.53125
6,0,buy_and_hold,1
6,1,buy_and_hold,1.5
6,2,buy_and_hold,2.5
6,3,buy_and_hold,4.5
6,4,buy_and_hold,2.5
6,5,buy_and_hold,1.5
6,6,buy_and_hold,2.5
6,7,buy_and_hold,1.5
6,8,buy_and_hold,1
6,9,buy_and_hold,1.5
6,10,buy_and_hold,1
6,11,buy_and_hold,0.75
6,12,buy_and_hold,0.625
6,13,buy_and_hold,0.75
6,14,buy_and_hold,0.625
6,15,buy_and_hold,0.75
6,16,buy_and_hold,0.625
6,17,buy_and_hold,0.75
6,18,buy_and_hold,1
6,19,buy_and_hold,0.75
6,20,buy_and_hold,1
6,21,buy_and_hold,0.75
6,22,buy_and_hold,1
6,23,buy_and_hold,0.75
6,24,buy_and_hold,1
6,25,buy_and_hold,1.5
6,26,buy_and_hold,2.5
6,27,buy_and_hold,1.5
6,28,buy_and_hold,1
6,29,buy_and_hold,1.5
6,30,buy_and_hold,1
6,31,buy_and_hold,0.75
6,32,buy_and_hold,0.625
6,33,buy_and_hold,0.75
6,34,buy_and_hold,1
6,35,buy_and_hold,0.75
6,36,buy_and_hold,0.625
6,37,buy_and_hold,0.5625
6,38,buy_and_hold,0.53125
6,39,buy_and_hold,0.515625
6,40,buy_and_hold,0.53125
6,41,buy_and_hold,0.515625
6,42,buy_and_hold,0.53125
6,43,buy_and_hold,0.515625
6,44,buy_and_hold,0.53125
6,45,buy_and_hold,0.515625
6,46,buy_and_hold,0.5078125
6,47,buy_and_hold,0.50390625
6,48,buy_and_hold,0.50195312
6,49,buy_and_hold,0.50390625
6,50,buy_and_hold,0.50195312
6,51,buy_and_hold,0.50390625
6,52,buy_and_hold,0.5078125
6,53,buy_and_hold,0.50390625
6,54,buy_and_hold,0.50195312
6,55,buy_and_hold,0.50390625
6,56,buy_and_hold,0.50195312
6,57,buy_and_hold,0.50097656
6,58,buy_and_hold,0.50195312
6,59,buy_and_hold,0.50390625
6,60,buy_and_hold,0.50195312
6,61,buy_and_hold,0.50097656
6,62,buy_and_hold,0.50195312
6,63,buy_and_hold,0.50097656
6,64,buy_and_hold,0.50048828
6,65,buy_and_hold,0.50024414
6,66,buy_and_hold,0.50012207
6,67,buy_and_hold,0.50006104
6,68,buy_and_hold,0.50003052
6,69,buy_and_hold,0.50006104
6,70,buy_and_hold,0.50012207
6,71,buy_and_hold,0.50024414
6,72,buy_and_hold,0.50012207
6,73,buy_and_hold,0.50024414
6,74,buy_and_hold,0.50048828
6,75,buy_and_hold,0.50097656
6,76,buy_and_hold,0.50195312
6,77,buy_and_hold,0.50390625
6,78,buy_and_hold,0.50195312
6,79,buy_and_hold,0.50097656
6,80,buy_and_hold,0.50195312
6,81,buy_and_hold,0.50390625
6,82,buy_and_hold,0.5078125
6,83,buy_and_hold,0.50390625
6,84,buy_and_hold,0.5078125
6,85,buy_and_hold,0.50390625
6,86,buy_and_hold,0.50195312
6,87,buy_and_hold,0.50390625
6,88,buy_and_hold,0.5078125
6,89,buy_and_hold,0.50390625
6,90,buy_and_hold,0.5078125
6,91,buy_and_hold,0.515625
6,92,buy_and_hold,0.53125
6,93,buy_and_hold,0.5625
6,94,buy_and_hold,0.625
6,95,buy_and_hold,0.5625
6,96,buy_and_hold,0.53125
6,97,buy_and_hold,0.5625
6,98,buy_and_hold,0.53125
6,99,buy_and_hold,0.515625
6,100,buy_and_hold,0.53125
7,0,buy_and_hold,1
7,1,buy_and_hold,0.75
7,2,buy_and_hold,1
7,3,buy_and_hold,1.5
7,4,buy_and_hold,1
7,5,buy_and_hold,1.5
7,6,buy_and_hold,2.5
7,7,buy_and_hold,1.5
7,8,buy_and_hold,2.5
7,9,buy_and_hold,4.5
7,10,buy_and_hold,2.5
7,11,buy_and_hold,1.5
7,12,buy_and_hold,2.5
7,13,buy_and_hold,4.5
7,14,buy_and_hold,8.5
7,15,buy_and_hold,16.5
7,16,buy_and_hold,32.5
7,17,buy_and_hold,16.5
7,18,buy_and_hold,32.5
7,19,buy_and_hold,16.5
7,20,buy_and_hold,32.5
7,21,buy_and_hold,16.5
7,22,buy_and_hold,32.5
7,23,buy_and_hold,64.5
7,24,buy_and_hold,32.5
7,25,buy_and_hold,16.5
7,26,buy_and_hold,32.5
7,27,buy_and_hold,16.5
7,28,buy_and_hold,32.5
7,29,buy_and_hold,64.5
7,30,buy_and_hold,32.5
7,31,buy_and_hold,64.5
7,32,buy_and_hold,32.5
7,33,buy_and_hold,64.5
7,34,buy_and_hold,128.5
7,35,buy_and_hold,64.5
7,36,buy_and_hold,32.5
7,37,buy_and_hold,16.5
7,38,buy_and_hold,32.5
7,39,buy_and_hold,64.5
7,40,buy_and_hold,32.5
7,41,buy_and_hold,64.5
7,42,buy_and_hold,128.5
7,43,buy_and_hold,64.5
7,44,buy_and_hold,128.5
7,45,buy_and_hold,256.5
7,46,buy_and_hold,512.5
7,47,buy_and_hold,256.5
7,48,buy_and_hold,512.5
7,49,buy_and_hold,1024.5
7,50,buy_and_hold,512.5
7,51,buy_and_hold,256.5
7,52,buy_and_hold,512.5
7,53,buy_and_hold,256.5
7,54,buy_and_hold,128.5
7,55,buy_and_hold,64.5
7,56,buy_and_hold,128.5
7,57,buy_and_hold,64.5
7,58,buy_and_hold,32.5
7,59,buy_and_hold,64.5
7,60,buy_and_hold,32.5
7,61,buy_and_hold,64.5
7,62,buy_and_hold,128.5
7,63,buy_and_hold,64.5
7,64,buy_and_hold,128.5
7,65,buy_and_hold,64.5
7,66,buy_and_hold,128.5
7,67,buy_and_hold,256.5
7,68,buy_and_hold,128.5
7,69,buy_and_hold,64.5
7,70,buy_and_hold,128.5
7,71,buy_and_hold,64.5
7,72,buy_and_hold,128.5
7,73,buy_and_hold,64.5
7,74,buy_and_hold,32.5
7,75,buy_and_hold,64.5
7,76,buy_and_hold,32.5
7,77,buy_and_hold,16.5
7,78,buy_and_hold,32.5
7,79,buy_and_hold,16.5
7,80,buy_and_hold,32.5
7,81,buy_and_hold,64.5
7,82,buy_and_hold,32.5
7,83,buy_and_hold,16.5
7,84,buy_and_hold,32.5
7,85,buy_and_hold,16.5
7,86,buy_and_hold,32.5
7,87,buy_and_hold,16.5
7,88,buy_and_hold,32.5
7,89,buy_and_hold,16.5
7,90,buy_and_hold,8.5
7,91,buy_and_hold,16.5
7,92,buy_and_hold,32.5
7,93,buy_and_hold,16.5
7,94,buy_and_hold,8.5
7,95,buy_and_hold,16.5
7,96,buy_and_hold,32.5
7,97,buy_and_hold,64.5
7,98,buy_and_hold,32.5
7,99,buy_and_hold,16.5
7,100,buy_and_hold,8.5
8,0,buy_and_hold,1
8,1,buy_and_hold,0.75
8,2,buy_and_hold,1
8,3,buy_and_hold,1.5
8,4,buy_and_hold,1
8,5,buy_and_hold,0.75
8,6,buy_and_hold,1
8,7,buy_and_hold,0.75
8,8,buy_and_hold,0.625
8,9,buy_and_hold,0.5625
8,10,buy_and_hold,0.53125
8,11,buy_and_hold,0.515625
8,12,buy_and_hold,0.53125
8,13,buy_and_hold,0.515625
8,14,buy_and_hold,0.53125
8,15,buy_and_hold,0.515625
8,16,buy_and_hold,0.53125
8,17,buy_and_hold,0.5625
8,18,buy_and_hold,0.53125
8,19,buy_and_hold,0.515625
8,20,buy_and_hold,0.5078125
8,21,buy_and_hold,0.515625
8,22,buy_and_hold,0.53125
8,23,buy_and_hold,0.5625
8,24,buy_and_hold,0.625
8,25,buy_and_hold,0.75
8,26,buy_and_hold,1
8,27,buy_and_hold,0.75
8,28,buy_and_hold,1
8,29,buy_and_hold,0.75
8,30,buy_and_hold,0.625
8,31,buy_and_hold,0.75
8,32,buy_and_hold,0.625
8,33,buy_and_hold,0.5625
8,34,buy_and_hold,0.625
8,35,buy_and_hold,0.5625
8,36,buy_and_hold,0.53125
8,37,buy_and_hold,0.515625
8,38,buy_and_hold,0.5078125
8,39,buy_and_hold,0.515625
8,40,buy_and_hold,0.53125
8,41,buy_and_hold,0.5625
8,42,buy_and_hold,0.53125
8,43,buy_and_hold,0.515625
8,44,buy_and_hold,0.53125
8,45,buy_and_hold,0.515625
8,46,buy_and_hold,0.53125
8,47,buy_and_hold,0.515625
8,48,buy_and_hold,0.53125
8,49,buy_and_hold,0.5625
8,50,buy_and_hold,0.625
8,51,buy_and_hold,0.5625
8,52,buy_and_hold,0.625
8,53,buy_and_hold,0.75
8,54,buy_and_hold,0.625
8,55,buy_and_hold,0.75
8,56,buy_and_hold,1
8,57,buy_and_hold,0.75
8,58,buy_and_hold,1
8,59,buy_and_hold,1.5
8,60,buy_and_hold,2.5
8,61,buy_and_hold,4.5
8,62,buy_and_hold,2.5
8,63,buy_and_hold,4.5
8,64,buy_and_hold,2.5
8,65,buy_and_hold,1.5
8,66,buy_and_hold,1
8,67,buy_and_hold,0.75
8,68,buy_and_hold,1
8,69,buy_and_hold,1.5
8,70,buy_and_hold,1
8,71,buy_and_hold,1.5
8,72,buy_and_hold,2.5
8,73,buy_and_hold,4.5
8,74,buy_and_hold,2.5
8,75,buy_and_hold,4.5
8,76,buy_and_hold,2.5
8,77,buy_and_hold,4.5
8,78,buy_and_hold,8.5
8,79,buy_and_hold,16.5
8,80,buy_and_hold,8.5
8,81,buy_and_hold,4.5
8,82,buy_and_hold,2.5
8,83,buy_and_hold,4.5
8,84,buy_and_hold,8.5
8,85,buy_and_hold,4.5
8,86,buy_and_hold,8.5
8,87,buy_and_hold,4.5
8,88,buy_and_hold,8.5
8,89,buy_and_hold,16.5
8,90,buy_and_hold,32.5
8,91,buy_and_hold,16.5
8,92,buy_and_hold,8.5
8,93,buy_and_hold,16.5
8,94,buy_and_hold,32.5
8,95,buy_and_hold,64.5
8,96,buy_and_hold,128.5
8,97,buy_and_hold,64.5
8,98,buy_and_hold,32.5
8,99,buy_and_hold,64.5
8,100,buy_and_hold,128.5
9,0,buy_and_hold,1
9,1,buy_and_hold,1.5
9,2,buy_and_hold,1
9,3,buy_and_hold,1.5
9,4,buy_and_hold,2.5
9,5,buy_and_hold,1.5
9,6,buy_and_hold,1
9,7,buy_and_hold,0.75
9,8,buy_and_hold,0.625
9,9,buy_and_hold,0.5625
9,10,buy_and_hold,0.625
9,11,buy_and_hold,0.5625
9,12,buy_and_hold,0.53125
9,13,buy_and_hold,0.515625
9,14,buy_and_hold,0.53125
9,15,buy_and_hold,0.515625
9,16,buy_and_hold,0.5078125
9,17,buy_and_hold,0.515625
9,18,buy_and_hold,0.5078125
9,19,buy_and_hold,0.515625
9,20,buy_and_hold,0.53125
9,21,buy_and_hold,0.515625
9,22,buy_and_hold,0.53125
9,23,buy_and_hold,0.515625
9,24,buy_and_hold,0.53125
9,25,buy_and_hold,0.515625
9,26,buy_and_hold,0.5078125
9,27,buy_and_hold,0.50390625
9,28,buy_and_hold,0.5078125
9,29,buy_and_hold,0.515625
9,30,buy_and_hold,0.5078125
9,31,buy_and_hold,0.50390625
9,32,buy_and_hold,0.50195312
9,33,buy_and_hold,0.50097656
9,34,buy_and_hold,0.50048828
9,35,buy_and_hold,0.50024414
9,36,buy_and_hold,0.50048828
9,37,buy_and_hold,0.50024414
9,38,buy_and_hold,0.50012207
9,39,buy_and_hold,0.50006104
9,40,buy_and_hold,0.50012207
9,41,buy_and_hold,0.50006104
9,42,buy_and_hold,0.50003052
9,43,buy_and_hold,0.50001526
9,44,buy_and_hold,0.50003052
9,45,buy_and_hold,0.50001526
9,46,buy_and_hold,0.50000763
9,47,buy_and_hold,0.50001526
9,48,buy_and_hold,0.50000763
9,49,buy_and_hold,0.50000381
9,50,buy_and_hold,0.50000191
9,51,buy_and_hold,0.50000095
9,52,buy_and_hold,0.50000048
9,53,buy_and_hold,0.50000024
9,54,buy_and_hold,0.50000012
9,55,buy_and_hold,0.50000006
9,56,buy_and_hold,0.50000012
9,57,buy_and_hold,0.50000006
9,58,buy_and_hold,0.50000003
9,59,buy_and_hold,0.50000006
9,60,buy_and_hold,0.50000003
9,61,buy_and_hold,0.50000006
9,62,buy_and_hold,0.50000012
9,63,buy_and_hold,0.50000024
9,64,buy_and_hold,0.50000048
9,65,buy_and_hold,0.50000024
9,66,buy_and_hold,0.50000048
9,67,buy_and_hold,0.50000024
9,68,buy_and_hold,0.50000048
9,69,buy_and_hold,0.50000095
9,70,buy_and_hold,0.50000191
9,71,buy_and_hold,0.50000095
9,72,buy_and_hold,0.50000048
9,73,buy_and_hold,0.50000024
9,74,buy_and_hold,0.50000012
9,75,buy_and_hold,0.50000024
9,76,buy_and_hold,0.50000048
9,77,buy_and_hold,0.50000024
9,78,buy_and_hold,0.50000048
9,79,buy_and_hold,0.50000095
9,80,buy_and_hold,0.50000191
9,81,buy_and_hold,0.50000381
9,82,buy_and_hold,0.50000191
9,83,buy_and_hold,0.50000381
9,84,buy_and_hold,0.50000763
9,85,buy_and_hold,0.50001526
9,86,buy_and_hold,0.50003052
9,87,buy_and_hold,0.50006104
9,88,buy_and_hold,0.50003052
9,89,buy_and_hold,0.50006104
9,90,buy_and_hold,0.50012207
9,91,buy_and_hold,0.50006104
9,92,buy_and_hold,0.50012207
9,93,buy_and_hold,0.50024414
9,94,buy_and_hold,0.50048828
9,95,buy_and_hold,0.50024414
9,96,buy_and_hold,0.50048828
9,97,buy_and_hold,0.50097656
9,98,buy_and_hold,0.50195312
9,99,buy_and_hold,0.50097656
9,100,buy_and_hold,0.50048828
10,0,buy_and_hold,1
10,1,buy_and_hold,1.5
10,2,buy_and_hold,2.5
10,3,buy_and_hold,1.5
10,4,buy_and_hold,2.5
10,5,buy_and_hold,1.5
10,6,buy_and_hold,2.5
10,7,buy_and_hold,1.5
10,8,buy_and_hold,2.5
10,9,buy_and_hold,1.5
10,10,buy_and_hold,2.5
10,11,buy_and_hold,4.5
10,12,buy_and_hold,8.5
10,13,buy_and_hold,16.5
10,14,buy_and_hold,8.5
10,15,buy_and_hold,16.5
10,16,buy_and_hold,32.5
10,17,buy_and_hold,16.5
10,18,buy_and_hold,8.5
10,19,buy_and_hold,4.5
10,20,buy_and_hold,2.5
10,21,buy_and_hold,1.5
10,22,buy_and_hold,1
10,23,buy_and_hold,1.5
10,24,buy_and_hold,1
10,25,buy_and_hold,0.75
10,26,buy_and_hold,0.625
10,27,buy_and_hold,0.5625
10,28,buy_and_hold,0.53125
10,29,buy_and_hold,0.515625
10,30,buy_and_hold,0.53125
10,31,buy_and_hold,0.5625
10,32,buy_and_hold,0.625
10,33,buy_and_hold,0.75
10,34,buy_and_hold,0.625
10,35,buy_and_hold,0.75
10,36,buy_and_hold,0.625
10,37,buy_and_hold,0.75
10,38,buy_and_hold,0.625
10,39,buy_and_hold,0.75
10,40,buy_and_hold,1
10,41,buy_and_hold,0.75
10,42,buy_and_hold,1
10,43,buy_and_hold,1.5
10,44,buy_and_hold,1
10,45,buy_and_hold,0.75
10,46,buy_and_hold,0.625
10,47,buy_and_hold,0.75
10,48,buy_and_hold,0.625
10,49,buy_and_hold,0.75
10,50,buy_and_hold,1
10,51,buy_and_hold,1.5
10,52,buy_and_hold,1
10,53,buy_and_hold,0.75
10,54,buy_and_hold,1
10,55,buy_and_hold,0.75
10,56,buy_and_hold,1
10,57,buy_and_hold,0.75
10,58,buy_and_hold,0.625
10,59,buy_and_hold,0.75
10,60,buy_and_hold,0.625
10,61,buy_and_hold,0.75
10,62,buy_and_hold,1
10,63,buy_and_hold,0.75
10,64,buy_and_hold,1
10,65,buy_and_hold,0.75
10,66,buy_and_hold,1
10,67,buy_and_hold,1.5
10,68,buy_and_hold,2.5
10,69,buy_and_hold,4.5
10,70,buy_and_hold,2.5
10,71,buy_and_hold,4.5
10,72,buy_and_hold,2.5
10,73,buy_and_hold,1.5
10,74,buy_and_hold,2.5
10,75,buy_and_hold,4.5
10,76,buy_and_hold,8.5
10,77,buy_and_hold,4.5
10,78,buy_and_hold,2.5
10,79,buy_and_hold,4.5
10,80,buy_and_hold,8.5
10,81,buy_and_hold,4.5
10,82,buy_and_hold,8.5
10,83,buy_and_hold,4.5
10,84,buy_and_hold,2.5
10,85,buy_and_hold,1.5
10,86,buy_and_hold,2.5
10,87,buy_and_hold,1.5
10,88,buy_and_hold,2.5
10,89,buy_and_hold,1.5
10,90,buy_and_hold,2.5
10,91,buy_and_hold,1.5
10,92,buy_and_hold,1
10,93,buy_and_hold,0.75
10,94,buy_and_hold,0.625
10,95,buy_and_hold,0.75
10,96,buy_and_hold,1
10,97,buy_and_hold,1.5
10,98,buy_and_hold,1
10,99,buy_and_hold,0.75
10,100,buy_and_hold,1
11,0,buy_and_hold,1
11,1,buy_and_hold,1.5
11,2,buy_and_hold,1
11,3,buy_and_hold,0.75
11,4,buy_and_hold,1
11,5,buy_and_hold,0.75
11,6,buy_and_hold,1
11,7,buy_and_hold,1.5
11,8,buy_and_hold,2.5
11,9,buy_and_hold,1.5
11,10,buy_and_hold,1
11,11,buy_and_hold,1.5
11,12,buy_and_hold,1
11,13,buy_and_hold,1.5
11,14,buy_and_hold,1
11,15,buy_and_hold,1.5
11,16,buy_and_hold,2.5
11,17,buy_and_hold,1.5
11,18,buy_and_hold,2.5
11,19,buy_and_hold,1.5
11,20,buy_and_hold,2.5
11,21,buy_and_hold,1.5
11,22,buy_and_hold,2.5
11,23,buy_and_hold,1.5
11,24,buy_and_hold,2.5
11,25,buy_and_hold,4.5
11,26,buy_and_hold,8.5
11,27,buy_and_hold,4.5
11,28,buy_and_hold,8.5
11,29,buy_and_hold,4.5
11,30,buy_and_hold,8.5
11,31,buy_and_hold,4.5
11,32,buy_and_hold,2.5
11,33,buy_and_hold,4.5
11,34,buy_and_hold,8.5
11,35,buy_and_hold,16.5
11,36,buy_and_hold,8.5
11,37,buy_and_hold,4.5
11,38,buy_and_hold,2.5
11,39,buy_and_hold,1.5
11,40,buy_and_hold,2.5
11,41,buy_and_hold,1.5
11,42,buy_and_hold,1
11,43,buy_and_hold,0.75
11,44,buy_and_hold,0.625
11,45,buy_and_hold,0.75
11,46,buy_and_hold,0.625
11,47,buy_and_hold,0.75
11,48,buy_and_hold,0.625
11,49,buy_and_hold,0.5625
11,50,buy_and_hold,0.625
11,51,buy_and_hold,0.5625
11,52,buy_and_hold,0.625
11,53,buy_and_hold,0.5625
11,54,buy_and_hold,0.53125
11,55,buy_and_hold,0.5625
11,56,buy_and_hold,0.53125
11,57,buy_and_hold,0.515625
11,58,buy_and_hold,0.53125
11,59,buy_and_hold,0.515625
11,60,buy_and_hold,0.5078125
11,61,buy_and_hold,0.515625
11,62,buy_and_hold,0.53125
11,63,buy_and_hold,0.5625
11,64,buy_and_hold,0.625
11,65,buy_and_hold,0.75
11,66,buy_and_hold,0.625
11,67,buy_and_hold,0.5625
11,68,buy_and_hold,0.625
11,69,buy_and_hold,0.5625
11,70,buy_and_hold,0.625
11,71,buy_and_hold,0.5625
11,72,buy_and_hold,0.53125
11,73,buy_and_hold,0.5625
11,74,buy_and_hold,0.625
11,75,buy_and_hold,0.5625
11,76,buy_and_hold,0.53125
11,77,buy_and_hold,0.515625
11,78,buy_and_hold,0.5078125
11,79,buy_and_hold,0.50390625
11,80,buy_and_hold,0.5078125
11,81,buy_and_hold,0.515625
11,82,buy_and_hold,0.5078125
11,83,buy_and_hold,0.50390625
11,84,buy_and_hold,0.5078125
11,85,buy_and_hold,0.50390625
11,86,buy_and_hold,0.5078125
11,87,buy_and_hold,0.515625
11,88,buy_and_hold,0.53125
11,89,buy_and_hold,0.515625
11,90,buy_and_hold,0.53125
11,91,buy_and_hold,0.5625
11,92,buy_and_hold,0.625
11,93,buy_and_hold,0.75
11,94,buy_and_hold,0.625
11,95,buy_and_hold,0.5625
11,96,buy_and_hold,0.625
11,97,buy_and_hold,0.75
11,98,buy_and_hold,1
11,99,buy_and_hold,1.5
11,100,buy_and_hold,2.5
12,0,buy_and_hold,1
12,1,buy_and_hold,0.75
12,2,buy_and_hold,0.625
12,3,buy_and_hold,0.75
12,4,buy_and_hold,1
12,5,buy_and_hold,0.75
12,6,buy_and_hold,0.625
12,7,buy_and_hold,0.75
12,8,buy_and_hold,0.625
12,9,buy_and_hold,0.5625
12,10,buy_and_hold,0.53125
12,11,buy_and_hold,0.515625
12,12,buy_and_hold,0.53125
12,13,buy_and_hold,0.515625
12,14,buy_and_hold,0.53125
12,15,buy_and_hold,0.5625
12,16,buy_and_hold,0.625
12,17,buy_and_hold,0.5625
12,18,buy_and_hold,0.625
12,19,buy_and_hold,0.5625
12,20,buy_and_hold,0.53125
12,21,buy_and_hold,0.515625
12,22,buy_and_hold,0.5078125
12,23,buy_and_hold,0.515625
12,24,buy_and_hold,0.5078125
12,25,buy_and_hold,0.515625
12,26,buy_and_hold,0.5078125
12,27,buy_and_hold,0.515625
12,28,buy_and_hold,0.5078125
12,29,buy_and_hold,0.515625
12,30,buy_and_hold,0.5078125
12,31,buy_and_hold,0.50390625
12,32,buy_and_hold,0.5078125
12,33,buy_and_hold,0.515625
12,34,buy_and_hold,0.5078125
12,35,buy_and_hold,0.50390625
12,36,buy_and_hold,0.5078125
12,37,buy_and_hold,0.515625
12,38,buy_and_hold,0.5078125
12,39,buy_and_hold,0.50390625
12,40,buy_and_hold,0.50195312
12,41,buy_and_hold,0.50390625
12,42,buy_and_hold,0.50195312
12,43,buy_and_hold,0.50390625
12,44,buy_and_hold,0.50195312
12,45,buy_and_hold,0.50390625
12,46,buy_and_hold,0.50195312
12,47,buy_and_hold,0.50097656
12,48,buy_and_hold,0.50048828
12,49,buy_and_hold,0.50097656
12,50,buy_and_hold,0.50048828
12,51,buy_and_hold,0.50024414
12,52,buy_and_hold,0.50048828
12,53,buy_and_hold,0.50024414
12,54,buy_and_hold,0.50012207
12,55,buy_and_hold,0.50006104
12,56,buy_and_hold,0.50012207
12,57,buy_and_hold,0.50006104
12,58,buy_and_hold,0.50012207
12,59,buy_and_hold,0.50024414
12,60,buy_and_hold,0.50012207
12,61,buy_and_hold,0.50024414
12,62,buy_and_hold,0.50012207
12,63,buy_and_hold,0.50006104
12,64,buy_and_hold,0.50012207
12,65,buy_and_hold,0.50024414
12,66,buy_and_hold,0.50012207
12,67,buy_and_hold,0.50006104
12,68,buy_and_hold,0.50003052
12,69,buy_and_hold,0.50006104
12,70,buy_and_hold,0.50012207
12,71,buy_and_hold,0.50006104
12,72,buy_and_hold,0.50003052
12,73,buy_and_hold,0.50001526
12,74,buy_and_hold,0.50000763
12,75,buy_and_hold,0.50000381
12,76,buy_and_hold,0.50000191
12,77,buy_and_hold,0.50000095
12,78,buy_and_hold,0.50000191
12,79,buy_and_hold,0.50000381
12,80,buy_and_hold,0.50000191
12,81,buy_and_hold,0.50000381
12,82,buy_and_hold,0.50000191
12,83,buy_and_hold,0.50000095
12,84,buy_and_hold,0.50000191
12,85,buy_and_hold,0.50000381
12,86,buy_and_hold,0.50000763
12,87,buy_and_hold,0.50000381
12,88,buy_and_hold,0.50000191
12,89,buy_and_hold,0.50000381
12,90,buy_and_hold,0.50000763
12,91,buy_and_hold,0.50000381
12,92,buy_and_hold,0.50000763
12,93,buy_and_hold,0.50000381
12,94,buy_and_hold,0.50000191
12,95,buy_and_hold,0.50000381
12,96,buy_and_hold,0.50000763
12,97,buy_and_hold,0.50000381
12,98,buy_and_hold,0.50000763
12,99,buy_and_hold,0.50001526
12,100,buy_and_hold,0.50003052
13,0,buy_and_hold,1
13,1,buy_and_hold,0.75
13,2,buy_and_hold,1
13,3,buy_and_hold,0.75
13,4,buy_and_hold,0.625
13,5,buy_and_hold,0.75
13,6,buy_and_hold,0.625
13,7,buy_and_hold,0.75
13,8,buy_and_hold,1
13,9,buy_and_hold,1.5
13,10,buy_and_hold,2.5
13,11,buy_and_hold,1.5
13,12,buy_and_hold,1
13,13,buy_and_hold,1.5
13,14,buy_and_hold,1
13,15,buy_and_hold,1.5
13,16,buy_and_hold,1
13,17,buy_and_hold,0.75
13,18,buy_and_hold,0.625
13,19,buy_and_hold,0.75
13,20,buy_and_hold,1
13,21,buy_and_hold,0.75
13,22,buy_and_hold,0.625
13,23,buy_and_hold,0.75
13,24,buy_and_hold,1
13,25,buy_and_hold,1.5
13,26,buy_and_hold,2.5
13,27,buy_and_hold,1.5
13,28,buy_and_hold,2.5
13,29,buy_and_hold,1.5
13,30,buy_and_hold,2.5
13,31,buy_and_hold,4.5
13,32,buy_and_hold,2.5
13,33,buy_and_hold,4.5
13,34,buy_and_hold,8.5
13,35,buy_and_hold,16.5
13,36,buy_and_hold,32.5
13,37,buy_and_hold,64.5
13,38,buy_and_hold,32.5
13,39,buy_and_hold,64.5
13,40,buy_and_hold,32.5
13,41,buy_and_hold,64.5
13,42,buy_and_hold,32.5
13,43,buy_and_hold,64.5
13,44,buy_and_hold,128.5
13,45,buy_and_hold,64.5
13,46,buy_and_hold,32.5
13,47,buy_and_hold,16.5
13,48,buy_and_hold,8.5
13,49,buy_and_hold,4.5
13,50,buy_and_hold,2.5
13,51,buy_and_hold,4.5
13,52,buy_and_hold,8.5
13,53,buy_and_hold,16.5
13,54,buy_and_hold,8.5
13,55,buy_and_hold,16.5
13,56,buy_and_hold,8.5
13,57,buy_and_hold,16.5
13,58,buy_and_hold,32.5
13,59,buy_and_hold,64.5
13,60,buy_and_hold,128.5
13,61,buy_and_hold,256.5
13,62,buy_and_hold,512.5
13,63,buy_and_hold,256.5
13,64,buy_and_hold,128.5
13,65,buy_and_hold,256.5
13,66,buy_and_hold,128.5
13,67,buy_and_hold,64.5
13,68,buy_and_hold,32.5
13,69,buy_and_hold,64.5
13,70,buy_and_hold,128.5
13,71,buy_and_hold,64.5
13,72,buy_and_hold,128.5
13,73,buy_and_hold,256.5
13,74,buy_and_hold,512.5
13,75,buy_and_hold,256.5
13,76,buy_and_hold,512.5
13,77,buy_and_hold,1024.5
13,78,buy_and_hold,512.5
13,79,buy_and_hold,1024.5
13,80,buy_and_hold,512.5
13,81,buy_and_hold,1024.5
13,82,buy_and_hold,512.5
13,83,buy_and_hold,256.5
13,84,buy_and_hold,512.5
13,85,buy_and_hold,1024.5
13,86,buy_and_hold,2048.5
13,87,buy_and_hold,4096.5
13,88,buy_and_hold,8192.5
13,89,buy_and_hold,4096.5
13,90,buy_and_hold,2048.5
13,91,buy_and_hold,1024.5
13,92,buy_and_hold,2048.5
13,93,buy_and_hold,4096.5
13,94,buy_and_hold,2048.5
13,95,buy_and_hold,1024.5
13,96,buy_and_hold,2048.5
13,97,buy_and_hold,1024.5
13,98,buy_and_hold,2048.5
13,99,buy_and_hold,1024.5
13,100,buy_and_hold,2048.5
14,0,buy_and_hold,1
14,1,buy_and_hold,0.75
14,2,buy_and_hold,1
14,3,buy_and_hold,0.75
14,4,buy_and_hold,0.625
14,5,buy_and_hold,0.5625
14,6,buy_and_hold,0.625
14,7,buy_and_hold,0.5625
14,8,buy_and_hold,0.625
14,9,buy_and_hold,0.75
14,10,buy_and_hold,0.625
14,11,buy_and_hold,0.5625
14,12,buy_and_hold,0.625
14,13,buy_and_hold,0.75
14,14,buy_and_hold,1
14,15,buy_and_hold,0.75
14,16,buy_and_hold,1
14,17,buy_and_hold,1.5
14,18,buy_and_hold,2.5
14,19,buy_and_hold,4.5
14,20,buy_and_hold,8.5
14,21,buy_and_hold,16.5
14,22,buy_and_hold,8.5
14,23,buy_and_hold,16.5
14,24,buy_and_hold,8.5
14,25,buy_and_hold,16.5
14,26,buy_and_hold,8.5
14,27,buy_and_hold,16.5
14,28,buy_and_hold,32.5
14,29,buy_and_hold,16.5
14,30,buy_and_hold,32.5
14,31,buy_and_hold,16.5
14,32,buy_and_hold,8.5
14,33,buy_and_hold,16.5
14,34,buy_and_hold,32.5
14,35,buy_and_hold,64.5
14,36,buy_and_hold,128.5
14,37,buy_and_hold,256.5
14,38,buy_and_hold,128.5
14,39,buy_and_hold,64.5
14,40,buy_and_hold,128.5
14,41,buy_and_hold,64.5
14,42,buy_and_hold,128.5
14,43,buy_and_hold,64.5
14,44,buy_and_hold,128.5
14,45,buy_and_hold,64.5
14,46,buy_and_hold,128.5
14,47,buy_and_hold,256.5
14,48,buy_and_hold,128.5
14,49,buy_and_hold,64.5
14,50,buy_and_hold,128.5
14,51,buy_and_hold,256.5
14,52,buy_and_hold,128.5
14,53,buy_and_hold,64.5
14,54,buy_and_hold,32.5
14,55,buy_and_hold,64.5
14,56,buy_and_hold,32.5
14,57,buy_and_hold,64.5
14,58,buy_and_hold,128.5
14,59,buy_and_hold,64.5
14,60,buy_and_hold,128.5
14,61,buy_and_hold,256.5
14,62,buy_and_hold,128.5
14,63,buy_and_hold,64.5
14,64,buy_and_hold,32.5
14,65,buy_and_hold,64.5
14,66,buy_and_hold,32.5
14,67,buy_and_hold,64.5
14,68,buy_and_hold,128.5
14,69,buy_and_hold,64.5
14,70,buy_and_hold,128.5
14,71,buy_and_hold,64.5
14,72,buy_and_hold,32.5
14,73,buy_and_hold,64.5
14,74,buy_and_hold,32.5
14,75,buy_and_hold,16.5
14,76,buy_and_hold,32.5
14,77,buy_and_hold,16.5
14,78,buy_and_hold,32.5
14,79,buy_and_hold,16.5
14,80,buy_and_hold,32.5
14,81,buy_and_hold,64.5
14,82,buy_and_hold,32.5
14,83,buy_and_hold,64.5
14,84,buy_and_hold,128.5
14,85,buy_and_hold,256.5
14,86,buy_and_hold,512.5
14,87,buy_and_hold,256.5
14,88,buy_and_hold,128.5
14,89,buy_and_hold,64.5
14,90,buy_and_hold,128.5
14,91,buy_and_hold,64.5
14,92,buy_and_hold,128.5
14,93,buy_and_hold,64.5
14,94,buy_and_hold,128.5
14,95,buy_and_hold,64.5
14,96,buy_and_hold,32.5
14,97,buy_and_hold,16.5
14,98,buy_and_hold,8.5
14,99,buy_and_hold,4.5
14,100,buy_and_hold,8.5
15,0,buy_and_hold,1
15,1,buy_and_hold,0.75
15,2,buy_and_hold,1
15,3,buy_and_hold,0.75
15,4,buy_and_hold,1
15,5,buy_and_hold,1.5
15,6,buy_and_hold,2.5
15,7,buy_and_hold,1.5
15,8,buy_and_hold,2.5
15,9,buy_and_hold,1.5
15,10,buy_and_hold,1
15,11,buy_and_hold,1.5
15,12,buy_and_hold,2.5
15,13,buy_and_hold,1.5
15,14,buy_and_hold,2.5
15,15,buy_and_hold,4.5
15,16,buy_and_hold,2.5
15,17,buy_and_hold,4.5
15,18,buy_and_hold,2.5
15,19,buy_and_hold,4.5
15,20,buy_and_hold,2.5
15,21,buy_and_hold,4.5
15,22,buy_and_hold,8.5
15,23,buy_and_hold,4.5
15,24,buy_and_hold,8.5
15,25,buy_and_hold,4.5
15,26,buy_and_hold,8.5
15,27,buy_and_hold,16.5
15,28,buy_and_hold,8.5
15,29,buy_and_hold,4.5
15,30,buy_and_hold,8.5
15,31,buy_and_hold,16.5
15,32,buy_and_hold,8.5
15,33,buy_and_hold,16.5
15,34,buy_and_hold,8.5
15,35,buy_and_hold,4.5
15,36,buy_and_hold,2.5
15,37,buy_and_hold,4.5
15,38,buy_and_hold,8.5
15,39,buy_and_hold,4.5
15,40,buy_and_hold,2.5
15,41,buy_and_hold,1.5
15,42,buy_and_hold,2.5
15,43,buy_and_hold,1.5
15,44,buy_and_hold,2.5
15,45,buy_and_hold,4.5
15,46,buy_and_hold,2.5
15,47,buy_and_hold,4.5
15,48,buy_and_hold,2.5
15,49,buy_and_hold,1.5
15,50,buy_and_hold,1
15,51,buy_and_hold,1.5
15,52,buy_and_hold,1
15,53,buy_and_hold,1.5
15,54,buy_and_hold,1
15,55,buy_and_hold,1.5
15,56,buy_and_hold,2.5
15,57,buy_and_hold,4.5
15,58,buy_and_hold,2.5
15,59,buy_and_hold,4.5
15,60,buy_and_hold,2.5
15,61,buy_and_hold,1.5
15,62,buy_and_hold,2.5
15,63,buy_and_hold,1.5
15,64,buy_and_hold,1
15,65,buy_and_hold,1.5
15,66,buy_and_hold,2.5
15,67,buy_and_hold,4.5
15,68,buy_and_hold,8.5
15,69,buy_and_hold,16.5
15,70,buy_and_hold,32.5
15,71,buy_and_hold,64.5
15,72,buy_and_hold,128.5
15,73,buy_and_hold,64.5
15,74,buy_and_hold,32.5
15,75,buy_and_hold,16.5
15,76,buy_and_hold,32.5
15,77,buy_and_hold,16.5
15,78,buy_and_hold,32.5
15,79,buy_and_hold,64.5
15,80,buy_and_hold,128.5
15,81,buy_and_hold,256.5
15,82,buy_and_hold,128.5
15,83,buy_and_hold,256.5
15,84,buy_and_hold,512.5
15,85,buy_and_hold,1024.5
15,86,buy_and_hold,2048.5
15,87,buy_and_hold,4096.5
15,88,buy_and_hold,2048.5
15,89,buy_and_hold,1024.5
15,90,buy_and_hold,2048.5
15,91,buy_and_hold,4096.5
15,92,buy_and_hold,8192.5
15,93,buy_and_hold,16384.5
15,94,buy_and_hold,8192.5
15,95,buy_and_hold,4096.5
15,96,buy_and_hold,2048.5
15,97,buy_and_hold,4096.5
15,98,buy_and_hold,2048.5
15,99,buy_and_hold,1024.5
15,100,buy_and_hold,512.5
16,0,buy_and_hold,1
16,1,buy_and_hold,1.5
16,2,buy_and_hold,2.5
16,3,buy_and_hold,4.5
16,4,buy_and_hold,8.5
16,5,buy_and_hold,4.5
16,6,buy_and_hold,2.5
16,7,buy_and_hold,1.5
16,8,buy_and_hold,2.5
16,9,buy_and_hold,4.5
16,10,buy_and_hold,2.5
16,11,buy_and_hold,1.5
16,12,buy_and_hold,1
16,13,buy_and_hold,1.5
16,14,buy_and_hold,2.5
16,15,buy_and_hold,1.5
16,16,buy_and_hold,1
16,17,buy_and_hold,0.75
16,18,buy_and_hold,0.625
16,19,buy_and_hold,0.75
16,20,buy_and_hold,0.625
16,21,buy_and_hold,0.75
16,22,buy_and_hold,0.625
16,23,buy_and_hold,0.5625
16,24,buy_and_hold,0.53125
16,25,buy_and_hold,0.515625
16,26,buy_and_hold,0.5078125
16,27,buy_and_hold,0.515625
16,28,buy_and_hold,0.5078125
16,29,buy_and_hold,0.50390625
16,30,buy_and_hold,0.50195312
16,31,buy_and_hold,0.50097656
16,32,buy_and_hold,0.50195312
16,33,buy_and_hold,0.50097656
16,34,buy_and_hold,0.50048828
16,35,buy_and_hold,0.50024414
16,36,buy_and_hold,0.50048828
16,37,buy_and_hold,0.50097656
16,38,buy_and_hold,0.50048828
16,39,buy_and_hold,0.50024414
16,40,buy_and_hold,0.50012207
16,41,buy_and_hold,0.50024414
16,42,buy_and_hold,0.50012207
16,43,buy_and_hold,0.50024414
16,44,buy_and_hold,0.50048828
16,45,buy_and_hold,0.50097656
16,46,buy_and_hold,0.50195312
16,47,buy_and_hold,0.50097656
16,48,buy_and_hold,0.50048828
16,49,buy_and_hold,0.50097656
16,50,buy_and_hold,0.50195312
16,51,buy_and_hold,0.50390625
16,52,buy_and_hold,0.5078125
16,53,buy_and_hold,0.50390625
16,54,buy_and_hold,0.50195312
16,55,buy_and_hold,0.50097656
16,56,buy_and_hold,0.50195312
16,57,buy_and_hold,0.50097656
16,58,buy_and_hold,0.50048828
16,59,buy_and_hold,0.50097656
16,60,buy_and_hold,0.50195312
16,61,buy_and_hold,0.50097656
16,62,buy_and_hold,0.50195312
16,63,buy_and_hold,0.50390625
16,64,buy_and_hold,0.5078125
16,65,buy_and_hold,0.515625
16,66,buy_and_hold,0.53125
16,67,buy_and_hold,0.515625
16,68,buy_and_hold,0.53125
16,69,buy_and_hold,0.5625
16,70,buy_and_hold,0.53125
16,71,buy_and_hold,0.515625
16,72,buy_and_hold,0.5078125
16,73,buy_and_hold,0.50390625
16,74,buy_and_hold,0.50195312
16,75,buy_and_hold,0.50097656
16,76,buy_and_hold,0.50195312
16,77,buy_and_hold,0.50390625
16,78,buy_and_hold,0.5078125
16,79,buy_and_hold,0.515625
16,80,buy_and_hold,0.53125
16,81,buy_and_hold,0.5625
16,82,buy_and_hold,0.625
16,83,buy_and_hold,0.75
16,84,buy_and_hold,1
16,85,buy_and_hold,0.75
16,86,buy_and_hold,0.625
16,87,buy_and_hold,0.75
16,88,buy_and_hold,0.625
16,89,buy_and_hold,0.75
16,90,buy_and_hold,1
16,91,buy_and_hold,0.75
16,92,buy_and_hold,1
16,93,buy_and_hold,1.5
16,94,buy_and_hold,2.5
16,95,buy_and_hold,1.5
16,96,buy_and_hold,1
16,97,buy_and_hold,0.75
16,98,buy_and_hold,0.625
16,99,buy_and_hold,0.75
16,100,buy_and_hold,0.625
17,0,buy_and_hold,1
17,1,buy_and_hold,0.75
17,2,buy_and_hold,0.625
17,3,buy_and_hold,0.5625
17,4,buy_and_hold,0.625
17,5,buy_and_hold,0.5625
17,6,buy_and_hold,0.625
17,7,buy_and_hold,0.5625
17,8,buy_and_hold,0.625
17,9,buy_and_hold,0.5625
17,10,buy_and_hold,0.53125
17,11,buy_and_hold,0.515625
17,12,buy_and_hold,0.53125
17,13,buy_and_hold,0.5625
17,14,buy_and_hold,0.53125
17,15,buy_and_hold,0.515625
17,16,buy_and_hold,0.53125
17,17,buy_and_hold,0.515625
17,18,buy_and_hold,0.5078125
17,19,buy_and_hold,0.50390625
17,20,buy_and_hold,0.50195312
17,21,buy_and_hold,0.50390625
17,22,buy_and_hold,0.50195312
17,23,buy_and_hold,0.50390625
17,24,buy_and_hold,0.50195312
17,25,buy_and_hold,0.50390625
17,26,buy_and_hold,0.5078125
17,27,buy_and_hold,0.515625
17,28,buy_and_hold,0.53125
17,29,buy_and_hold,0.5625
17,30,buy_and_hold,0.53125
17,31,buy_and_hold,0.515625
17,32,buy_and_hold,0.53125
17,33,buy_and_hold,0.5625
17,34,buy_and_hold,0.53125
17,35,buy_and_hold,0.5625
17,36,buy_and_hold,0.625
17,37,buy_and_hold,0.75
17,38,buy_and_hold,0.625
17,39,buy_and_hold,0.75
17,40,buy_and_hold,1
17,41,buy_and_hold,0.75
17,42,buy_and_hold,0.625
17,43,buy_and_hold,0.5625
17,44,buy_and_hold,0.53125
17,45,buy_and_hold,0.5625
17,46,buy_and_hold,0.53125
17,47,buy_and_hold,0.515625
17,48,buy_and_hold,0.5078125
17,49,buy_and_hold,0.515625
17,50,buy_and_hold,0.5078125
17,51,buy_and_hold,0.515625
17,52,buy_and_hold,0.5078125
17,53,buy_and_hold,0.50390625
17,54,buy_and_hold,0.5078125
17,55,buy_and_hold,0.515625
17,56,buy_and_hold,0.53125
17,57,buy_and_hold,0.515625
17,58,buy_and_hold,0.53125
17,59,buy_and_hold,0.515625
17,60,buy_and_hold,0.53125
17,61,buy_and_hold,0.515625
17,62,buy_and_hold,0.5078125
17,63,buy_and_hold,0.515625
17,64,buy_and_hold,0.5078125
17,65,buy_and_hold,0.515625
17,66,buy_and_hold,0.5078125
17,67,buy_and_hold,0.50390625
17,68,buy_and_hold,0.50195312
17,69,buy_and_hold,0.50097656
17,70,buy_and_hold,0.50195312
17,71,buy_and_hold,0.50097656
17,72,buy_and_hold,0.50195312
17,73,buy_and_hold,0.50097656
17,74,buy_and_hold,0.50048828
17,75,buy_and_hold,0.50024414
17,76,buy_and_hold,0.50012207
17,77,buy_and_hold,0.50024414
17,78,buy_and_hold,0.50048828
17,79,buy_and_hold,0.50097656
17,80,buy_and_hold,0.50048828
17,81,buy_and_hold,0.50097656
17,82,buy_and_hold,0.50048828
17,83,buy_and_hold,0.50097656
17,84,buy_and_hold,0.50195312
17,85,buy_and_hold,0.50097656
17,86,buy_and_hold,0.50048828
17,87,buy_and_hold,0.50097656
17,88,buy_and_hold,0.50048828
17,89,buy_and_hold,0.50097656
17,90,buy_and_hold,0.50048828
17,91,buy_and_hold,0.50024414
17,92,buy_and_hold,0.50012207
17,93,buy_and_hold,0.50024414
17,94,buy_and_hold,0.50012207
17,95,buy_and_hold,0.50006104
17,96,buy_and_hold,0.50003052
17,97,buy_and_hold,0.50001526
17,98,buy_and_hold,0.50003052
17,99,buy_and_hold,0.50006104
17,100,buy_and_hold,0.50012207
18,0,buy_and_hold,1
18,1,buy_and_hold,1.5
18,2,buy_and_hold,1
18,3,buy_and_hold,1.5
18,4,buy_and_hold,1
18,5,buy_and_hold,1.5
18,6,buy_and_hold,1
18,7,buy_and_hold,0.75
18,8,buy_and_hold,0.625
18,9,buy_and_hold,0.75
18,10,buy_and_hold,0.625
18,11,buy_and_hold,0.75
18,12,buy_and_hold,0.625
18,13,buy_and_hold,0.75
18,14,buy_and_hold,1
18,15,buy_and_hold,0.75
18,16,buy_and_hold,0.625
18,17,buy_and_hold,0.5625
18,18,buy_and_hold,0.53125
18,19,buy_and_hold,0.5625
18,20,buy_and_hold,0.625
18,21,buy_and_hold,0.5625
18,22,buy_and_hold,0.625
18,23,buy_and_hold,0.5625
18,24,buy_and_hold,0.53125
18,25,buy_and_hold,0.515625
18,26,buy_and_hold,0.5078125
18,27,buy_and_hold,0.50390625
18,28,buy_and_hold,0.5078125
18,29,buy_and_hold,0.50390625
18,30,buy_and_hold,0.5078125
18,31,buy_and_hold,0.50390625
18,32,buy_and_hold,0.5078125
18,33,buy_and_hold,0.515625
18,34,buy_and_hold,0.5078125
18,35,buy_and_hold,0.50390625
18,36,buy_and_hold,0.5078125
18,37,buy_and_hold,0.50390625
18,38,buy_and_hold,0.5078125
18,39,buy_and_hold,0.50390625
18,40,buy_and_hold,0.50195312
18,41,buy_and_hold,0.50390625
18,42,buy_and_hold,0.50195312
18,43,buy_and_hold,0.50390625
18,44,buy_and_hold,0.5078125
18,45,buy_and_hold,0.50390625
18,46,buy_and_hold,0.5078125
18,47,buy_and_hold,0.50390625
18,48,buy_and_hold,0.5078125
18,49,buy_and_hold,0.515625
18,50,buy_and_hold,0.53125
18,51,buy_and_hold,0.5625
18,52,buy_and_hold,0.53125
18,53,buy_and_hold,0.5625
18,54,buy_and_hold,0.53125
18,55,buy_and_hold,0.5625
18,56,buy_and_hold,0.625
18,57,buy_and_hold,0.5625
18,58,buy_and_hold,0.53125
18,59,buy_and_hold,0.5625
18,60,buy_and_hold,0.625
18,61,buy_and_hold,0.5625
18,62,buy_and_hold,0.625
18,63,buy_and_hold,0.5625
18,64,buy_and_hold,0.53125
18,65,buy_and_hold,0.515625
18,66,buy_and_hold,0.5078125
18,67,buy_and_hold,0.515625
18,68,buy_and_hold,0.5078125
18,69,buy_and_hold,0.50390625
18,70,buy_and_hold,0.50195312
18,71,buy_and_hold,0.50097656
18,72,buy_and_hold,0.50195312
18,73,buy_and_hold,0.50097656
18,74,buy_and_hold,0.50195312
18,75,buy_and_hold,0.50097656
18,76,buy_and_hold,0.50048828
18,77,buy_and_hold,0.50097656
18,78,buy_and_hold,0.50048828
18,79,buy_and_hold,0.50024414
18,80,buy_and_hold,0.50048828
18,81,buy_and_hold,0.50097656
18,82,buy_and_hold,0.50195312
18,83,buy_and_hold,0.50390625
18,84,buy_and_hold,0.5078125
18,85,buy_and_hold,0.515625
18,86,buy_and_hold,0.5078125
18,87,buy_and_hold,0.50390625
18,88,buy_and_hold,0.50195312
18,89,buy_and_hold,0.50390625
18,90,buy_and_hold,0.50195312
18,91,buy_and_hold,0.50390625
18,92,buy_and_hold,0.5078125
18,93,buy_and_hold,0.515625
18,94,buy_and_hold,0.53125
18,95,buy_and_hold,0.5625
18,96,buy_and_hold,0.53125
18,97,buy_and_hold,0.515625
18,98,buy_and_hold,0.53125
18,99,buy_and_hold,0.515625
18,100,buy_and_hold,0.5078125
19,0,buy_and_hold,1
19,1,buy_and_hold,1.5
19,2,buy_and_hold,2.5
19,3,buy_and_hold,1.5
19,4,buy_and_hold,2.5
19,5,buy_and_hold,1.5
19,6,buy_and_hold,1
19,7,buy_and_hold,0.75
19,8,buy_and_hold,1
19,9,buy_and_hold,0.75
19,10,buy_and_hold,1
19,11,buy_and_hold,0.75
19,12,buy_and_hold,1
19,13,buy_and_hold,1.5
19,14,buy_and_hold,1
19,15,buy_and_hold,0.75
19,16,buy_and_hold,0.625
19,17,buy_and_hold,0.75
19,18,buy_and_hold,1
19,19,buy_and_hold,1.5
19,20,buy_and_hold,2.5
19,21,buy_and_hold,1.5
19,22,buy_and_hold,1
19,23,buy_and_hold,0.75
19,24,buy_and_hold,1
19,25,buy_and_hold,1.5
19,26,buy_and_hold,2.5
19,27,buy_and_hold,1.5
19,28,buy_and_hold,1
19,29,buy_and_hold,0.75
19,30,buy_and_hold,1
19,31,buy_and_hold,1.5
19,32,buy_and_hold,1
19,33,buy_and_hold,0.75
19,34,buy_and_hold,1
19,35,buy_and_hold,1.5
19,36,buy_and_hold,1
19,37,buy_and_hold,0.75
19,38,buy_and_hold,0.625
19,39,buy_and_hold,0.5625
19,40,buy_and_hold,0.53125
19,41,buy_and_hold,0.5625
19,42,buy_and_hold,0.625
19,43,buy_and_hold,0.75
19,44,buy_and_hold,1
19,45,buy_and_hold,0.75
19,46,buy_and_hold,0.625
19,47,buy_and_hold,0.75
19,48,buy_and_hold,0.625
19,49,buy_and_hold,0.5625
19,50,buy_and_hold,0.625
19,51,buy_and_hold,0.75
19,52,buy_and_hold,0.625
19,53,buy_and_hold,0.5625
19,54,buy_and_hold,0.53125
19,55,buy_and_hold,0.515625
19,56,buy_and_hold,0.5078125
19,57,buy_and_hold,0.50390625
19,58,buy_and_hold,0.50195312
19,59,buy_and_hold,0.50097656
19,60,buy_and_hold,0.50048828
19,61,buy_and_hold,0.50097656
19,62,buy_and_hold,0.50048828
19,63,buy_and_hold,0.50024414
19,64,buy_and_hold,0.50012207
19,65,buy_and_hold,0.50024414
19,66,buy_and_hold,0.50012207
19,67,buy_and_hold,0.50024414
19,68,buy_and_hold,0.50012207
19,69,buy_and_hold,0.50024414
19,70,buy_and_hold,0.50048828
19,71,buy_and_hold,0.50024414
19,72,buy_and_hold,0.50048828
19,73,buy_and_hold,0.50024414
19,74,buy_and_hold,0.50012207
19,75,buy_and_hold,0.50024414
19,76,buy_and_hold,0.50048828
19,77,buy_and_hold,0.50097656
19,78,buy_and_hold,0.50048828
19,79,buy_and_hold,0.50024414
19,80,buy_and_hold,0.50048828
19,81,buy_and_hold,0.50024414
19,82,buy_and_hold,0.50048828
19,83,buy_and_hold,0.50097656
19,84,buy_and_hold,0.50195312
19,85,buy_and_hold,0.50097656
19,86,buy_and_hold,0.50195312
19,87,buy_and_hold,0.50390625
19,88,buy_and_hold,0.5078125
19,89,buy_and_hold,0.515625
19,90,buy_and_hold,0.5078125
19,91,buy_and_hold,0.50390625
19,92,buy_and_hold,0.5078125
19,93,buy_and_hold,0.515625
19,94,buy_and_hold,0.53125
19,95,buy_and_hold,0.5625
19,96,buy_and_hold,0.625
19,97,buy_and_hold,0.75
19,98,buy_and_hold,0.625
19,99,buy_and_hold,0.5625
19,100,buy_and_hold,0.625
20,0,buy_and_hold,1
20,1,buy_and_hold,0.75
20,2,buy_and_hold,0.625
20,3,buy_and_hold,0.5625
20,4,buy_and_hold,0.53125
20,5,buy_and_hold,0.515625
20,6,buy_and_hold,0.5078125
20,7,buy_and_hold,0.515625
20,8,buy_and_hold,0.53125
20,9,buy_and_hold,0.5625
20,10,buy_and_hold,0.53125
20,11,buy_and_hold,0.5625
20,12,buy_and_hold,0.53125
20,13,buy_and_hold,0.515625
20,14,buy_and_hold,0.53125
20,15,buy_and_hold,0.515625
20,16,buy_and_hold,0.5078125
20,17,buy_and_hold,0.515625
20,18,buy_and_hold,0.5078125
20,19,buy_and_hold,0.515625
20,20,buy_and_hold,0.53125
20,21,buy_and_hold,0.515625
20,22,buy_and_hold,0.53125
20,23,buy_and_hold,0.515625
20,24,buy_and_hold,0.53125
20,25,buy_and_hold,0.515625
20,26,buy_and_hold,0.53125
20,27,buy_and_hold,0.5625
20,28,buy_and_hold,0.53125
20,29,buy_and_hold,0.515625
20,30,buy_and_hold,0.5078125
20,31,buy_and_hold,0.50390625
20,32,buy_and_hold,0.5078125
20,33,buy_and_hold,0.50390625
20,34,buy_and_hold,0.5078125
20,35,buy_and_hold,0.50390625
20,36,buy_and_hold,0.50195312
20,37,buy_and_hold,0.50097656
20,38,buy_and_hold,0.50195312
20,39,buy_and_hold,0.50390625
20,40,buy_and_hold,0.5078125
20,41,buy_and_hold,0.515625
20,42,buy_and_hold,0.53125
20,43,buy_and_hold,0.515625
20,44,buy_and_hold,0.53125
20,45,buy_and_hold,0.515625
20,46,buy_and_hold,0.5078125
20,47,buy_and_hold,0.515625
20,48,buy_and_hold,0.5078125
20,49,buy_and_hold,0.50390625
20,50,buy_and_hold,0.5078125
20,51,buy_and_hold,0.515625
20,52,buy_and_hold,0.5078125
20,53,buy_and_hold,0.50390625
20,54,buy_and_hold,0.5078125
20,55,buy_and_hold,0.515625
20,56,buy_and_hold,0.5078125
20,57,buy_and_hold,0.515625
20,58,buy_and_hold,0.5078125
20,59,buy_and_hold,0.515625
20,60,buy_and_hold,0.5078125
20,61,buy_and_hold,0.50390625
20,62,buy_and_hold,0.50195312
20,63,buy_and_hold,0.50097656
20,64,buy_and_hold,0.50048828
20,65,buy_and_hold,0.50097656
20,66,buy_and_hold,0.50195312
20,67,buy_and_hold,0.50390625
20,68,buy_and_hold,0.50195312
20,69,buy_and_hold,0.50097656
20,70,buy_and_hold,0.50048828
20,71,buy_and_hold,0.50024414
20,72,buy_and_hold,0.50048828
20,73,buy_and_hold,0.50097656
20,74,buy_and_hold,0.50195312
20,75,buy_and_hold,0.50390625
20,76,buy_and_hold,0.5078125
20,77,buy_and_hold,0.515625
20,78,buy_and_hold,0.53125
20,79,buy_and_hold,0.5625
20,80,buy_and_hold,0.53125
20,81,buy_and_hold,0.515625
20,82,buy_and_hold,0.5078125
20,83,buy_and_hold,0.515625
20,84,buy_and_hold,0.5078125
20,85,buy_and_hold,0.50390625
20,86,buy_and_hold,0.5078125
20,87,buy_and_hold,0.515625
20,88,buy_and_hold,0.5078125
20,89,buy_and_hold,0.515625
20,90,buy_and_hold,0.5078125
20,91,buy_and_hold,0.515625
20,92,buy_and_hold,0.53125
20,93,buy_and_hold,0.515625
20,94,buy_and_hold,0.5078125
20,95,buy_and_hold,0.50390625
20,96,buy_and_hold,0.5078125
20,97,buy_and_hold,0.50390625
20,98,buy_and_hold,0.5078125
20,99,buy_and_hold,0.515625
20,100,buy_and_hold,0.53125
21,0,buy_and_hold,1
21,1,buy_and_hold,0.75
21,2,buy_and_hold,0.625
21,3,buy_and_hold,0.75
21,4,buy_and_hold,0.625
21,5,buy_and_hold,0.75
21,6,buy_and_hold,1
21,7,buy_and_hold,0.75
21,8,buy_and_hold,0.625
21,9,buy_and_hold,0.75
21,10,buy_and_hold,1
21,11,buy_and_hold,0.75
21,12,buy_and_hold,1
21,13,buy_and_hold,1.5
21,14,buy_and_hold,2.5
21,15,buy_and_hold,4.5
21,16,buy_and_hold,8.5
21,17,buy_and_hold,4.5
21,18,buy_and_hold,8.5
21,19,buy_and_hold,4.5
21,20,buy_and_hold,8.5
21,21,buy_and_hold,4.5
21,22,buy_and_hold,8.5
21,23,buy_and_hold,4.5
21,24,buy_and_hold,2.5
21,25,buy_and_hold,1.5
21,26,buy_and_hold,2.5
21,27,buy_and_hold,1.5
21,28,buy_and_hold,1
21,29,buy_and_hold,0.75
21,30,buy_and_hold,1
21,31,buy_and_hold,1.5
21,32,buy_and_hold,1
21,33,buy_and_hold,0.75
21,34,buy_and_hold,1
21,35,buy_and_hold,0.75
21,36,buy_and_hold,0.625
21,37,buy_and_hold,0.5625
21,38,buy_and_hold,0.625
21,39,buy_and_hold,0.5625
21,40,buy_and_hold,0.53125
21,41,buy_and_hold,0.515625
21,42,buy_and_hold,0.5078125
21,43,buy_and_hold,0.50390625
21,44,buy_and_hold,0.50195312
21,45,buy_and_hold,0.50390625
21,46,buy_and_hold,0.50195312
21,47,buy_and_hold,0.50097656
21,48,buy_and_hold,0.50195312
21,49,buy_and_hold,0.50390625
21,50,buy_and_hold,0.5078125
21,51,buy_and_hold,0.515625
21,52,buy_and_hold,0.53125
21,53,buy_and_hold,0.5625
21,54,buy_and_hold,0.625
21,55,buy_and_hold,0.75
21,56,buy_and_hold,1
21,57,buy_and_hold,0.75
21,58,buy_and_hold,1
21,59,buy_and_hold,1.5
21,60,buy_and_hold,2.5
21,61,buy_and_hold,4.5
21,62,buy_and_hold,8.5
21,63,buy_and_hold,16.5
21,64,buy_and_hold,32.5
21,65,buy_and_hold,64.5
21,66,buy_and_hold,128.5
21,67,buy_and_hold,64.5
21,68,buy_and_hold,32.5
21,69,buy_and_hold,16.5
21,70,buy_and_hold,32.5
21,71,buy_and_hold,64.5
21,72,buy_and_hold,128.5
21,73,buy_and_hold,64.5
21,74,buy_and_hold,128.5
21,75,buy_and_hold,64.5
21,76,buy_and_hold,32.5
21,77,buy_and_hold,16.5
21,78,buy_and_hold,8.5
21,79,buy_and_hold,16.5
21,80,buy_and_hold,8.5
21,81,buy_and_hold,16.5
21,82,buy_and_hold,8.5
21,83,buy_and_hold,4.5
21,84,buy_and_hold,8.5
21,85,buy_and_hold,16.5
21,86,buy_and_hold,8.5
21,87,buy_and_hold,4.5
21,88,buy_and_hold,8.5
21,89,buy_and_hold,16.5
21,90,buy_and_hold,8.5
21,91,buy_and_hold,4.5
21,92,buy_and_hold,8.5
21,93,buy_and_hold,16.5
21,94,buy_and_hold,32.5
21,95,buy_and_hold,64.5
21,96,buy_and_hold,32.5
21,97,buy_and_hold,16.5
21,98,buy_and_hold,32.5
21,99,buy_and_hold,64.5
21,100,buy_and_hold,128.5
22,0,buy_and_hold,1
22,1,buy_and_hold,0.75
22,2,buy_and_hold,1
22,3,buy_and_hold,0.75
22,4,buy_and_hold,1
22,5,buy_and_hold,0.75
22,6,buy_and_hold,1
22,7,buy_and_hold,0.75
22,8,buy_and_hold,0.625
22,9,buy_and_hold,0.75
22,10,buy_and_hold,1
22,11,buy_and_hold,1.5
22,12,buy_and_hold,2.5
22,13,buy_and_hold,4.5
22,14,buy_and_hold,8.5
22,15,buy_and_hold,4.5
22,16,buy_and_hold,8.5
22,17,buy_and_hold,16.5
22,18,buy_and_hold,32.5
22,19,buy_and_hold,64.5
22,20,buy_and_hold,32.5
22,21,buy_and_hold,64.5
22,22,buy_and_hold,32.5
22,23,buy_and_hold,64.5
22,24,buy_and_hold,128.5
22,25,buy_and_hold,64.5
22,26,buy_and_hold,128.5
22,27,buy_and_hold,64.5
22,28,buy_and_hold,128.5
22,29,buy_and_hold,64.5
22,30,buy_and_hold,32.5
22,31,buy_and_hold,64.5
22,32,buy_and_hold,32.5
22,33,buy_and_hold,16.5
22,34,buy_and_hold,8.5
22,35,buy_and_hold,16.5
22,36,buy_and_hold,8.5
22,37,buy_and_hold,4.5
22,38,buy_and_hold,2.5
22,39,buy_and_hold,4.5
22,40,buy_and_hold,2.5
22,41,buy_and_hold,1.5
22,42,buy_and_hold,1
22,43,buy_and_hold,1.5
22,44,buy_and_hold,1
22,45,buy_and_hold,0.75
22,46,buy_and_hold,1
22,47,buy_and_hold,1.5
22,48,buy_and_hold,1
22,49,buy_and_hold,0.75
22,50,buy_and_hold,0.625
22,51,buy_and_hold,0.5625
22,52,buy_and_hold,0.53125
22,53,buy_and_hold,0.5625
22,54,buy_and_hold,0.53125
22,55,buy_and_hold,0.515625
22,56,buy_and_hold,0.5078125
22,57,buy_and_hold,0.515625
22,58,buy_and_hold,0.53125
22,59,buy_and_hold,0.5625
22,60,buy_and_hold,0.53125
22,61,buy_and_hold,0.5625
22,62,buy_and_hold,0.53125
22,63,buy_and_hold,0.515625
22,64,buy_and_hold,0.53125
22,65,buy_and_hold,0.5625
22,66,buy_and_hold,0.625
22,67,buy_and_hold,0.75
22,68,buy_and_hold,1
22,69,buy_and_hold,1.5
22,70,buy_and_hold,1
22,71,buy_and_hold,0.75
22,72,buy_and_hold,1
22,73,buy_and_hold,1.5
22,74,buy_and_hold,1
22,75,buy_and_hold,1.5
22,76,buy_and_hold,2.5
22,77,buy_and_hold,1.5
22,78,buy_and_hold,1
22,79,buy_and_hold,0.75
22,80,buy_and_hold,0.625
22,81,buy_and_hold,0.75
22,82,buy_and_hold,0.625
22,83,buy_and_hold,0.75
22,84,buy_and_hold,1
22,85,buy_and_hold,0.75
22,86,buy_and_hold,1
22,87,buy_and_hold,0.75
22,88,buy_and_hold,1
22,89,buy_and_hold,0.75
22,90,buy_and_hold,1
22,91,buy_and_hold,0.75
22,92,buy_and_hold,1
22,93,buy_and_hold,1.5
22,94,buy_and_hold,2.5
22,95,buy_and_hold,1.5
22,96,buy_and_hold,1
22,97,buy_and_hold,1.5
22,98,buy_and_hold,1
22,99,buy_and_hold,0.75
22,100,buy_and_hold,1
23,0,buy_and_hold,1
23,1,buy_and_hold,0.75
23,2,buy_and_hold,1
23,3,buy_and_hold,0.75
23,4,buy_and_hold,0.625
23,5,buy_and_hold,0.5625
23,6,buy_and_hold,0.53125
23,7,buy_and_hold,0.515625
23,8,buy_and_hold,0.5078125
23,9,buy_and_hold,0.50390625
23,10,buy_and_hold,0.50195312
23,11,buy_and_hold,0.50097656
23,12,buy_and_hold,0.50195312
23,13,buy_and_hold,0.50390625
23,14,buy_and_hold,0.5078125
23,15,buy_and_hold,0.50390625
23,16,buy_and_hold,0.50195312
23,17,buy_and_hold,0.50097656
23,18,buy_and_hold,0.50195312
23,19,buy_and_hold,0.50097656
23,20,buy_and_hold,0.50195312
23,21,buy_and_hold,0.50390625
23,22,buy_and_hold,0.5078125
23,23,buy_and_hold,0.515625
23,24,buy_and_hold,0.5078125
23,25,buy_and_hold,0.50390625
23,26,buy_and_hold,0.5078125
23,27,buy_and_hold,0.50390625
23,28,buy_and_hold,0.5078125
23,29,buy_and_hold,0.515625
23,30,buy_and_hold,0.53125
23,31,buy_and_hold,0.515625
23,32,buy_and_hold,0.5078125
23,33,buy_and_hold,0.50390625
23,34,buy_and_hold,0.5078125
23,35,buy_and_hold,0.515625
23,36,buy_and_hold,0.5078125
23,37,buy_and_hold,0.515625
23,38,buy_and_hold,0.53125
23,39,buy_and_hold,0.515625
23,40,buy_and_hold,0.53125
23,41,buy_and_hold,0.515625
23,42,buy_and_hold,0.5078125
23,43,buy_and_hold,0.515625
23,44,buy_and_hold,0.53125
23,45,buy_and_hold,0.5625
23,46,buy_and_hold,0.625
23,47,buy_and_hold,0.5625
23,48,buy_and_hold,0.625
23,49,buy_and_hold,0.5625
23,50,buy_and_hold,0.625
23,51,buy_and_hold,0.5625
23,52,buy_and_hold,0.53125
23,53,buy_and_hold,0.515625
23,54,buy_and_hold,0.5078125
23,55,buy_and_hold,0.50390625
23,56,buy_and_hold,0.50195312
23,57,buy_and_hold,0.50097656
23,58,buy_and_hold,0.50195312
23,59,buy_and_hold,0.50097656
23,60,buy_and_hold,0.50195312
23,61,buy_and_hold,0.50097656
23,62,buy_and_hold,0.50195312
23,63,buy_and_hold,0.50097656
23,64,buy_and_hold,0.50195312
23,65,buy_and_hold,0.50390625
23,66,buy_and_hold,0.5078125
23,67,buy_and_hold,0.515625
23,68,buy_and_hold,0.53125
23,69,buy_and_hold,0.515625
23,70,buy_and_hold,0.5078125
23,71,buy_and_hold,0.50390625
23,72,buy_and_hold,0.5078125
23,73,buy_and_hold,0.50390625
23,74,buy_and_hold,0.50195312
23,75,buy_and_hold,0.50097656
23,76,buy_and_hold,0.50195312
23,77,buy_and_hold,0.50097656
23,78,buy_and_hold,0.50048828
23,79,buy_and_hold,0.50097656
23,80,buy_and_hold,0.50048828
23,81,buy_and_hold,0.50024414
23,82,buy_and_hold,0.50048828
23,83,buy_and_hold,0.50097656
23,84,buy_and_hold,0.50195312
23,85,buy_and_hold,0.50390625
23,86,buy_and_hold,0.50195312
23,87,buy_and_hold,0.50390625
23,88,buy_and_hold,0.50195312
23,89,buy_and_hold,0.50097656
23,90,buy_and_hold,0.50048828
23,91,buy_and_hold,0.50024414
23,92,buy_and_hold,0.50012207
23,93,buy_and_hold,0.50006104
23,94,buy_and_hold,0.50012207
23,95,buy_and_hold,0.50006104
23,96,buy_and_hold,0.50012207
23,97,buy_and_hold,0.50024414
23,98,buy_and_hold,0.50012207
23,99,buy_and_hold,0.50024414
23,100,buy_and_hold,0.50012207
24,0,buy_and_hold,1
24,1,buy_and_hold,0.75
24,2,buy_and_hold,0.625
24,3,buy_and_hold,0.5625
24,4,buy_and_hold,0.625
24,5,buy_and_hold,0.75
24,6,buy_and_hold,1
24,7,buy_and_hold,1.5
24,8,buy_and_hold,2.5
24,9,buy_and_hold,1.5
24,10,buy_and_hold,2.5
24,11,buy_and_hold,1.5
24,12,buy_and_hold,1
24,13,buy_and_hold,1.5
24,14,buy_and_hold,2.5
24,15,buy_and_hold,4.5
24,16,buy_and_hold,8.5
24,17,buy_and_hold,4.5
24,18,buy_and_hold,8.5
24,19,buy_and_hold,4.5
24,20,buy_and_hold,2.5
24,21,buy_and_hold,4.5
24,22,buy_and_hold,2.5
24,23,buy_and_hold,1.5
24,24,buy_and_hold,1
24,25,buy_and_hold,1.5
24,26,buy_and_hold,1
24,27,buy_and_hold,1.5
24,28,buy_and_hold,1
24,29,buy_and_hold,1.5
24,30,buy_and_hold,1
24,31,buy_and_hold,0.75
24,32,buy_and_hold,1
24,33,buy_and_hold,0.75
24,34,buy_and_hold,1
24,35,buy_and_hold,0.75
24,36,buy_and_hold,0.625
24,37,buy_and_hold,0.75
24,38,buy_and_hold,0.625
24,39,buy_and_hold,0.75
24,40,buy_and_hold,1
24,41,buy_and_hold,1.5
24,42,buy_and_hold,2.5
24,43,buy_and_hold,4.5
24,44,buy_and_hold,8.5
24,45,buy_and_hold,16.5
24,46,buy_and_hold,8.5
24,47,buy_and_hold,4.5
24,48,buy_and_hold,8.5
24,49,buy_and_hold,4.5
24,50,buy_and_hold,8.5
24,51,buy_and_hold,4.5
24,52,buy_and_hold,2.5
24,53,buy_and_hold,1.5
24,54,buy_and_hold,2.5
24,55,buy_and_hold,4.5
24,56,buy_and_hold,2.5
24,57,buy_and_hold,4.5
24,58,buy_and_hold,2.5
24,59,buy_and_hold,1.5
24,60,buy_and_hold,2.5
24,61,buy_and_hold,4.5
24,62,buy_and_hold,8.5
24,63,buy_and_hold,16.5
24,64,buy_and_hold,32.5
24,65,buy_and_hold,64.5
24,66,buy_and_hold,128.5
24,67,buy_and_hold,256.5
24,68,buy_and_hold,128.5
24,69,buy_and_hold,64.5
24,70,buy_and_hold,128.5
24,71,buy_and_hold,256.5
24,72,buy_and_hold,128.5
24,73,buy_and_hold,256.5
24,74,buy_and_hold,128.5
24,75,buy_and_hold,256.5
24,76,buy_and_hold,512.5
24,77,buy_and_hold,1024.5
24,78,buy_and_hold,512.5
24,79,buy_and_hold,1024.5
24,80,buy_and_hold,512.5
24,81,buy_and_hold,1024.5
24,82,buy_and_hold,512.5
24,83,buy_and_hold,1024.5
24,84,buy_and_hold,512.5
24,85,buy_and_hold,256.5
24,86,buy_and_hold,128.5
24,87,buy_and_hold,64.5
24,88,buy_and_hold,32.5
24,89,buy_and_hold,16.5
24,90,buy_and_hold,8.5
24,91,buy_and_hold,16.5
24,92,buy_and_hold,8.5
24,93,buy_and_hold,4.5
24,94,buy_and_hold,8.5
24,95,buy_and_hold,4.5
24,96,buy_and_hold,2.5
24,97,buy_and_hold,4.5
24,98,buy_and_hold,2.5
24,99,buy_and_hold,4.5
24,100,buy_and_hold,2.5
25,0,buy_and_hold,1
25,1,buy_and_hold,0.75
25,2,buy_and_hold,1
25,3,buy_and_hold,1.5
25,4,buy_and_hold,2.5
25,5,buy_and_hold,1.5
25,6,buy_and_hold,2.5
25,7,buy_and_hold,1.5
25,8,buy_and_hold,2.5
25,9,buy_and_hold,4.5
25,10,buy_and_hold,2.5
25,11,buy_and_hold,4.5
25,12,buy_and_hold,2.5
25,13,buy_and_hold,1.5
25,14,buy_and_hold,1
25,15,buy_and_hold,1.5
25,16,buy_and_hold,1
25,17,buy_and_hold,1.5
25,18,buy_and_hold,2.5
25,19,buy_and_hold,4.5
25,20,buy_and_hold,2.5
25,21,buy_and_hold,1.5
25,22,buy_and_hold,2.5
25,23,buy_and_hold,1.5
25,24,buy_and_hold,2.5
25,25,buy_and_hold,4.5
25,26,buy_and_hold,2.5
25,27,buy_and_hold,1.5
25,28,buy_and_hold,1
25,29,buy_and_hold,0.75
25,30,buy_and_hold,1
25,31,buy_and_hold,1.5
25,32,buy_and_hold,1
25,33,buy_and_hold,1.5
25,34,buy_and_hold,1
25,35,buy_and_hold,0.75
25,36,buy_and_hold,0.625
25,37,buy_and_hold,0.5625
25,38,buy_and_hold,0.53125
25,39,buy_and_hold,0.5625
25,40,buy_and_hold,0.53125
25,41,buy_and_hold,0.515625
25,42,buy_and_hold,0.53125
25,43,buy_and_hold,0.5625
25,44,buy_and_hold,0.625
25,45,buy_and_hold,0.75
25,46,buy_and_hold,0.625
25,47,buy_and_hold,0.75
25,48,buy_and_hold,1
25,49,buy_and_hold,0.75
25,50,buy_and_hold,1
25,51,buy_and_hold,0.75
25,52,buy_and_hold,1
25,53,buy_and_hold,0.75
25,54,buy_and_hold,0.625
25,55,buy_and_hold,0.5625
25,56,buy_and_hold,0.625
25,57,buy_and_hold,0.5625
25,58,buy_and_hold,0.53125
25,59,buy_and_hold,0.5625
25,60,buy_and_hold,0.53125
25,61,buy_and_hold,0.515625
25,62,buy_and_hold,0.5078125
25,63,buy_and_hold,0.515625
25,64,buy_and_hold,0.5078125
25,65,buy_and_hold,0.515625
25,66,buy_and_hold,0.53125
25,67,buy_and_hold,0.515625
25,68,buy_and_hold,0.5078125
25,69,buy_and_hold,0.50390625
25,70,buy_and_hold,0.50195312
25,71,buy_and_hold,0.50097656
25,72,buy_and_hold,0.50048828
25,73,buy_and_hold,0.50097656
25,74,buy_and_hold,0.50195312
25,75,buy_and_hold,0.50390625
25,76,buy_and_hold,0.50195312
25,77,buy_and_hold,0.50390625
25,78,buy_and_hold,0.5078125
25,79,buy_and_hold,0.50390625
25,80,buy_and_hold,0.50195312
25,81,buy_and_hold,0.50390625
25,82,buy_and_hold,0.5078125
25,83,buy_and_hold,0.515625
25,84,buy_and_hold,0.5078125
25,85,buy_and_hold,0.515625
25,86,buy_and_hold,0.53125
25,87,buy_and_hold,0.515625
25,88,buy_and_hold,0.53125
25,89,buy_and_hold,0.5625
25,90,buy_and_hold,0.625
25,91,buy_and_hold,0.75
25,92,buy_and_hold,1
25,93,buy_and_hold,0.75
25,94,buy_and_hold,0.625
25,95,buy_and_hold,0.5625
25,96,buy_and_hold,0.625
25,97,buy_and_hold,0.5625
25,98,buy_and_hold,0.625
25,99,buy_and_hold,0.5625
25,100,buy_and_hold,0.53125
26,0,buy_and_hold,1
26,1,buy_and_hold,0.75
26,2,buy_and_hold,0.625
26,3,buy_and_hold,0.75
26,4,buy_and_hold,1
26,5,buy_and_hold,1.5
26,6,buy_and_hold,1
26,7,buy_and_hold,1.5
26,8,buy_and_hold,2.5
26,9,buy_and_hold,4.5
26,10,buy_and_hold,8.5
26,11,buy_and_hold,16.5
26,12,buy_and_hold,8.5
26,13,buy_and_hold,4.5
26,14,buy_and_hold,2.5
26,15,buy_and_hold,4.5
26,16,buy_and_hold,8.5
26,17,buy_and_hold,16.5
26,18,buy_and_hold,32.5
26,19,buy_and_hold,16.5
26,20,buy_and_hold,8.5
26,21,buy_and_hold,4.5
26,22,buy_and_hold,8.5
26,23,buy_and_hold,4.5
26,24,buy_and_hold,2.5
26,25,buy_and_hold,1.5
26,26,buy_and_hold,1
26,27,buy_and_hold,1.5
26,28,buy_and_hold,1
26,29,buy_and_hold,1.5
26,30,buy_and_hold,1
26,31,buy_and_hold,0.75
26,32,buy_and_hold,0.625
26,33,buy_and_hold,0.5625
26,34,buy_and_hold,0.625
26,35,buy_and_hold,0.5625
26,36,buy_and_hold,0.625
26,37,buy_and_hold,0.5625
26,38,buy_and_hold,0.625
26,39,buy_and_hold,0.75
26,40,buy_and_hold,1
26,41,buy_and_hold,1.5
26,42,buy_and_hold,2.5
26,43,buy_and_hold,1.5
26,44,buy_and_hold,2.5
26,45,buy_and_hold,1.5
26,46,buy_and_hold,1
26,47,buy_and_hold,1.5
26,48,buy_and_hold,2.5
26,49,buy_and_hold,1.5
26,50,buy_and_hold,2.5
26,51,buy_and_hold,4.5
26,52,buy_and_hold,8.5
26,53,buy_and_hold,16.5
26,54,buy_and_hold,8.5
26,55,buy_and_hold,16.5
26,56,buy_and_hold,8.5
26,57,buy_and_hold,16.5
26,58,buy_and_hold,32.5
26,59,buy_and_hold,64.5
26,60,buy_and_hold,32.5
26,61,buy_and_hold,64.5
26,62,buy_and_hold,128.5
26,63,buy_and_hold,256.5
26,64,buy_and_hold,512.5
26,65,buy_and_hold,256.5
26,66,buy_and_hold,512.5
26,67,buy_and_hold,1024.5
26,68,buy_and_hold,512.5
26,69,buy_and_hold,1024.5
26,70,buy_and_hold,512.5
26,71,buy_and_hold,256.5
26,72,buy_and_hold,512.5
26,73,buy_and_hold,1024.5
26,74,buy_and_hold,512.5
26,75,buy_and_hold,1024.5
26,76,buy_and_hold,512.5
26,77,buy_and_hold,256.5
26,78,buy_and_hold,512.5
26,79,buy_and_hold,1024.5
26,80,buy_and_hold,2048.5
26,81,buy_and_hold,4096.5
26,82,buy_and_hold,2048.5
26,83,buy_and_hold,1024.5
26,84,buy_and_hold,2048.5
26,85,buy_and_hold,1024.5
26,86,buy_and_hold,512.5
26,87,buy_and_hold,256.5
26,88,buy_and_hold,128.5
26,89,buy_and_hold,256.5
26,90,buy_and_hold,512.5
26,91,buy_and_hold,256.5
26,92,buy_and_hold,128.5
26,93,buy_and_hold,256.5
26,94,buy_and_hold,128.5
26,95,buy_and_hold,256.5
26,96,buy_and_hold,512.5
26,97,buy_and_hold,1024.5
26,98,buy_and_hold,512.5
26,99,buy_and_hold,1024.5
26,100,buy_and_hold,2048.5
27,0,buy_and_hold,1
27,1,buy_and_hold,0.75
27,2,buy_and_hold,1
27,3,buy_and_hold,1.5
27,4,buy_and_hold,1
27,5,buy_and_hold,1.5
27,6,buy_and_hold,1
27,7,buy_and_hold,1.5
27,8,buy_and_hold,1
27,9,buy_and_hold,1.5
27,10,buy_and_hold,1
27,11,buy_and_hold,0.75
27,12,buy_and_hold,1
27,13,buy_and_hold,0.75
27,14,buy_and_hold,0.625
27,15,buy_and_hold,0.5625
27,16,buy_and_hold,0.625
27,17,buy_and_hold,0.5625
27,18,buy_and_hold,0.625
27,19,buy_and_hold,0.5625
27,20,buy_and_hold,0.625
27,21,buy_and_hold,0.75
27,22,buy_and_hold,0.625
27,23,buy_and_hold,0.75
27,24,buy_and_hold,0.625
27,25,buy_and_hold,0.5625
27,26,buy_and_hold,0.625
27,27,buy_and_hold,0.75
27,28,buy_and_hold,1
27,29,buy_and_hold,1.5
27,30,buy_and_hold,1
27,31,buy_and_hold,1.5
27,32,buy_and_hold,1
27,33,buy_and_hold,1.5
27,34,buy_and_hold,1
27,35,buy_and_hold,0.75
27,36,buy_and_hold,0.625
27,37,buy_and_hold,0.5625
27,38,buy_and_hold,0.625
27,39,buy_and_hold,0.5625
27,40,buy_and_hold,0.625
27,41,buy_and_hold,0.75
27,42,buy_and_hold,0.625
27,43,buy_and_hold,0.5625
27,44,buy_and_hold,0.625
27,45,buy_and_hold,0.75
27,46,buy_and_hold,1
27,47,buy_and_hold,0.75
27,48,buy_and_hold,1
27,49,buy_and_hold,1.5
27,50,buy_and_hold,2.5
27,51,buy_and_hold,4.5
27,52,buy_and_hold,8.5
27,53,buy_and_hold,4.5
27,54,buy_and_hold,2.5
27,55,buy_and_hold,1.5
27,56,buy_and_hold,2.5
27,57,buy_and_hold,4.5
27,58,buy_and_hold,2.5
27,59,buy_and_hold,1.5
27,60,buy_and_hold,1
27,61,buy_and_hold,0.75
27,62,buy_and_hold,1
27,63,buy_and_hold,0.75
27,64,buy_and_hold,1
27,65,buy_and_hold,0.75
27,66,buy_and_hold,0.625
27,67,buy_and_hold,0.5625
27,68,buy_and_hold,0.625
27,69,buy_and_hold,0.5625
27,70,buy_and_hold,0.625
27,71,buy_and_hold,0.5625
27,72,buy_and_hold,0.625
27,73,buy_and_hold,0.5625
27,74,buy_and_hold,0.625
27,75,buy_and_hold,0.5625
27,76,buy_and_hold,0.53125
27,77,buy_and_hold,0.5625
27,78,buy_and_hold,0.53125
27,79,buy_and_hold,0.5625
27,80,buy_and_hold,0.53125
27,81,buy_and_hold,0.515625
27,82,buy_and_hold,0.53125
27,83,buy_and_hold,0.5625
27,84,buy_and_hold,0.53125
27,85,buy_and_hold,0.515625
27,86,buy_and_hold,0.53125
27,87,buy_and_hold,0.515625
27,88,buy_and_hold,0.5078125
27,89,buy_and_hold,0.50390625
27,90,buy_and_hold,0.5078125
27,91,buy_and_hold,0.515625
27,92,buy_and_hold,0.53125
27,93,buy_and_hold,0.515625
27,94,buy_and_hold,0.5078125
27,95,buy_and_hold,0.515625
27,96,buy_and_hold,0.5078125
27,97,buy_and_hold,0.515625
27,98,buy_and_hold,0.5078125
27,99,buy_and_hold,0.50390625
27,100,buy_and_hold,0.50195312
28,0,buy_and_hold,1
28,1,buy_and_hold,0.75
28,2,buy_and_hold,1
28,3,buy_and_hold,1.5
28,4,buy_and_hold,1
28,5,buy_and_hold,1.5
28,6,buy_and_hold,2.5
28,7,buy_and_hold,4.5
28,8,buy_and_hold,8.5
28,9,buy_and_hold,4.5
28,10,buy_and_hold,2.5
28,11,buy_and_hold,4.5
28,12,buy_and_hold,2.5
28,13,buy_and_hold,1.5
28,14,buy_and_hold,2.5
28,15,buy_and_hold,4.5
28,16,buy_and_hold,8.5
28,17,buy_and_hold,4.5
28,18,buy_and_hold,2.5
28,19,buy_and_hold,1.5
28,20,buy_and_hold,1
28,21,buy_and_hold,0.75
28,22,buy_and_hold,0.625
28,23,buy_and_hold,0.75
28,24,buy_and_hold,1
28,25,buy_and_hold,0.75
28,26,buy_and_hold,1
28,27,buy_and_hold,0.75
28,28,buy_and_hold,0.625
28,29,buy_and_hold,0.75
28,30,buy_and_hold,0.625
28,31,buy_and_hold,0.5625
28,32,buy_and_hold,0.53125
28,33,buy_and_hold,0.515625
28,34,buy_and_hold,0.5078125
28,35,buy_and_hold,0.50390625
28,36,buy_and_hold,0.5078125
28,37,buy_and_hold,0.50390625
28,38,buy_and_hold,0.5078125
28,39,buy_and_hold,0.50390625
28,40,buy_and_hold,0.5078125
28,41,buy_and_hold,0.515625
28,42,buy_and_hold,0.5078125
28,43,buy_and_hold,0.515625
28,44,buy_and_hold,0.53125
28,45,buy_and_hold,0.5625
28,46,buy_and_hold,0.625
28,47,buy_and_hold,0.75
28,48,buy_and_hold,1
28,49,buy_and_hold,1.5
28,50,buy_and_hold,1
28,51,buy_and_hold,1.5
28,52,buy_and_hold,2.5
28,53,buy_and_hold,4.5
28,54,buy_and_hold,8.5
28,55,buy_and_hold,16.5
28,56,buy_and_hold,8.5
28,57,buy_and_hold,4.5
28,58,buy_and_hold,8.5
28,59,buy_and_hold,16.5
28,60,buy_and_hold,32.5
28,61,buy_and_hold,16.5
28,62,buy_and_hold,8.5
28,63,buy_and_hold,16.5
28,64,buy_and_hold,8.5
28,65,buy_and_hold,16.5
28,66,buy_and_hold,32.5
28,67,buy_and_hold,64.5
28,68,buy_and_hold,32.5
28,69,buy_and_hold,16.5
28,70,buy_and_hold,32.5
28,71,buy_and_hold,16.5
28,72,buy_and_hold,8.5
28,73,buy_and_hold,4.5
28,74,buy_and_hold,2.5
28,75,buy_and_hold,1.5
28,76,buy_and_hold,2.5
28,77,buy_and_hold,4.5
28,78,buy_and_hold,8.5
28,79,buy_and_hold,4.5
28,80,buy_and_hold,2.5
28,81,buy_and_hold,4.5
28,82,buy_and_hold,8.5
28,83,buy_and_hold,4.5
28,84,buy_and_hold,2.5
28,85,buy_and_hold,4.5
28,86,buy_and_hold,8.5
28,87,buy_and_hold,4.5
28,88,buy_and_hold,8.5
28,89,buy_and_hold,4.5
28,90,buy_and_hold,8.5
28,91,buy_and_hold,4.5
28,92,buy_and_hold,8.5
28,93,buy_and_hold,16.5
28,94,buy_and_hold,8.5
28,95,buy_and_hold,16.5
28,96,buy_and_hold,8.5
28,97,buy_and_hold,4.5
28,98,buy_and_hold,2.5
28,99,buy_and_hold,1.5
28,100,buy_and_hold,1
29,0,buy_and_hold,1
29,1,buy_and_hold,0.75
29,2,buy_and_hold,1
29,3,buy_and_hold,1.5
29,4,buy_and_hold,1
29,5,buy_and_hold,1.5
29,6,buy_and_hold,2.5
29,7,buy_and_hold,4.5
29,8,buy_and_hold,8.5
29,9,buy_and_hold,16.5
29,10,buy_and_hold,32.5
29,11,buy_and_hold,64.5
29,12,buy_and_hold,32.5
29,13,buy_and_hold,16.5
29,14,buy_and_hold,32.5
29,15,buy_and_hold,64.5
29,16,buy_and_hold,32.5
29,17,buy_and_hold,64.5
29,18,buy_and_hold,32.5
29,19,buy_and_hold,64.5
29,20,buy_and_hold,128.5
29,21,buy_and_hold,256.5
29,22,buy_and_hold,128.5
29,23,buy_and_hold,256.5
29,24,buy_and_hold,128.5
29,25,buy_and_hold,64.5
29,26,buy_and_hold,32.5
29,27,buy_and_hold,16.5
29,28,buy_and_hold,32.5
29,29,buy_and_hold,16.5
29,30,buy_and_hold,8.5
29,31,buy_and_hold,4.5
29,32,buy_and_hold,2.5
29,33,buy_and_hold,1.5
29,34,buy_and_hold,2.5
29,35,buy_and_hold,1.5
29,36,buy_and_hold,1
29,37,buy_and_hold,0.75
29,38,buy_and_hold,1
29,39,buy_and_hold,0.75
29,40,buy_and_hold,1
29,41,buy_and_hold,0.75
29,42,buy_and_hold,0.625
29,43,buy_and_hold,0.5625
29,44,buy_and_hold,0.53125
29,45,buy_and_hold,0.515625
29,46,buy_and_hold,0.5078125
29,47,buy_and_hold,0.50390625
29,48,buy_and_hold,0.50195312
29,49,buy_and_hold,0.50097656
29,50,buy_and_hold,0.50048828
29,51,buy_and_hold,0.50097656
29,52,buy_and_hold,0.50048828
29,53,buy_and_hold,0.50024414
29,54,buy_and_hold,0.50048828
29,55,buy_and_hold,0.50024414
29,56,buy_and_hold,0.50012207
29,57,buy_and_hold,0.50006104
29,58,buy_and_hold,0.50003052
29,59,buy_and_hold,0.50006104
29,60,buy_and_hold,0.50012207
29,61,buy_and_hold,0.50024414
29,62,buy_and_hold,0.50048828
29,63,buy_and_hold,0.50097656
29,64,buy_and_hold,0.50048828
29,65,buy_and_hold,0.50097656
29,66,buy_and_hold,0.50048828
29,67,buy_and_hold,0.50097656
29,68,buy_and_hold,0.50195312
29,69,buy_and_hold,0.50097656
29,70,buy_and_hold,0.50195312
29,71,buy_and_hold,0.50097656
29,72,buy_and_hold,0.50048828
29,73,buy_and_hold,0.50024414
29,74,buy_and_hold,0.50012207
29,75,buy_and_hold,0.50024414
29,76,buy_and_hold,0.50048828
29,77,buy_and_hold,0.50097656
29,78,buy_and_hold,0.50195312
29,79,buy_and_hold,0.50097656
29,80,buy_and_hold,0.50195312
29,81,buy_and_hold,0.50097656
29,82,buy_and_hold,0.50048828
29,83,buy_and_hold,0.50097656
29,84,buy_and_hold,0.50048828
29,85,buy_and_hold,0.50097656
29,86,buy_and_hold,0.50048828
29,87,buy_and_hold,0.50097656
29,88,buy_and_hold,0.50048828
29,89,buy_and_hold,0.50024414
29,90,buy_and_hold,0.50012207
29,91,buy_and_hold,0.50006104
29,92,buy_and_hold,0.50012207
29,93,buy_and_hold,0.50006104
29,94,buy_and_hold,0.50003052
29,95,buy_and_hold,0.50006104
29,96,buy_and_hold,0.50003052
29,97,buy_and_hold,0.50001526
29,98,buy_and_hold,0.50000763
29,99,buy_and_hold,0.50000381
29,100,buy_and_hold,0.50000191
30,0,buy_and_hold,1
30,1,buy_and_hold,1.5
30,2,buy_and_hold,2.5
30,3,buy_and_hold,4.5
30,4,buy_and_hold,2.5
30,5,buy_and_hold,4.5
30,6,buy_and_hold,8.5
30,7,buy_and_hold,16.5
30,8,buy_and_hold,32.5
30,9,buy_and_hold,64.5
30,10,buy_and_hold,32.5
30,11,buy_and_hold,64.5
30,12,buy_and_hold,32.5
30,13,buy_and_hold,16.5
30,14,buy_and_hold,32.5
30,15,buy_and_hold,64.5
30,16,buy_and_hold,128.5
30,17,buy_and_hold,256.5
30,18,buy_and_hold,512.5
30,19,buy_and_hold,256.5
30,20,buy_and_hold,128.5
30,21,buy_and_hold,64.5
30,22,buy_and_hold,128.5
30,23,buy_and_hold,256.5
30,24,buy_and_hold,512.5
30,25,buy_and_hold,1024.5
30,26,buy_and_hold,2048.5
30,27,buy_and_hold,1024.5
30,28,buy_and_hold,2048.5
30,29,buy_and_hold,4096.5
30,30,buy_and_hold,8192.5
30,31,buy_and_hold,4096.5
30,32,buy_and_hold,8192.5
30,33,buy_and_hold,4096.5
30,34,buy_and_hold,2048.5
30,35,buy_and_hold,1024.5
30,36,buy_and_hold,2048.5
30,37,buy_and_hold,1024.5
30,38,buy_and_hold,2048.5
30,39,buy_and_hold,4096.5
30,40,buy_and_hold,2048.5
30,41,buy_and_hold,1024.5
30,42,buy_and_hold,2048.5
30,43,buy_and_hold,4096.5
30,44,buy_and_hold,2048.5
30,45,buy_and_hold,1024.5
30,46,buy_and_hold,512.5
30,47,buy_and_hold,1024.5
30,48,buy_and_hold,512.5
30,49,buy_and_hold,256.5
30,50,buy_and_hold,128.5
30,51,buy_and_hold,256.5
30,52,buy_and_hold,512.5
30,53,buy_and_hold,256.5
30,54,buy_and_hold,512.5
30,55,buy_and_hold,256.5
30,56,buy_and_hold,512.5
30,57,buy_and_hold,1024.5
30,58,buy_and_hold,2048.5
30,59,buy_and_hold,4096.5
30,60,buy_and_hold,8192.5
30,61,buy_and_hold,16384.5
30,62,buy_and_hold,8192.5
30,63,buy_and_hold,16384.5
30,64,buy_and_hold,8192.5
30,65,buy_and_hold,16384.5
30,66,buy_and_hold,32768.5
30,67,buy_and_hold,16384.5
30,68,buy_and_hold,32768.5
30,69,buy_and_hold,16384.5
30,70,buy_and_hold,32768.5
30,71,buy_and_hold,65536.5
30,72,buy_and_hold,131072.5
30,73,buy_and_hold,262144.5
30,74,buy_and_hold,524288.5
30,75,buy_and_hold,262144.5
30,76,buy_and_hold,131072.5
30,77,buy_and_hold,262144.5
30,78,buy_and_hold,131072.5
30,79,buy_and_hold,65536.5
30,80,buy_and_hold,32768.5
30,81,buy_and_hold,65536.5
30,82,buy_and_hold,131072.5
30,83,buy_and_hold,262144.5
30,84,buy_and_hold,131072.5
30,85,buy_and_hold,262144.5
30,86,buy_and_hold,131072.5
30,87,buy_and_hold,65536.5
30,88,buy_and_hold,131072.5
30,89,buy_and_hold,65536.5
30,90,buy_and_hold,131072.5
30,91,buy_and_hold,262144.5
30,92,buy_and_hold,524288.5
30,93,buy_and_hold,262144.5
30,94,buy_and_hold,524288.5
30,95,buy_and_hold,262144.5
30,96,buy_and_hold,131072.5
30,97,buy_and_hold,262144.5
30,98,buy_and_hold,131072.5
30,99,buy_and_hold,262144.5
30,100,buy_and_hold,131072.5
31,0,buy_and_hold,1
31,1,buy_and_hold,1.5
31,2,buy_and_hold,2.5
31,3,buy_and_hold,4.5
31,4,buy_and_hold,8.5
31,5,buy_and_hold,4.5
31,6,buy_and_hold,2.5
31,7,buy_and_hold,1.5
31,8,buy_and_hold,2.5
31,9,buy_and_hold,1.5
31,10,buy_and_hold,2.5
31,11,buy_and_hold,4.5
31,12,buy_and_hold,2.5
31,13,buy_and_hold,1.5
31,14,buy_and_hold,1
31,15,buy_and_hold,1.5
31,16,buy_and_hold,2.5
31,17,buy_and_hold,1.5
31,18,buy_and_hold,2.5
31,19,buy_and_hold,4.5
31,20,buy_and_hold,8.5
31,21,buy_and_hold,16.5
31,22,buy_and_hold,8.5
31,23,buy_and_hold,16.5
31,24,buy_and_hold,8.5
31,25,buy_and_hold,4.5
31,26,buy_and_hold,8.5
31,27,buy_and_hold,4.5
31,28,buy_and_hold,8.5
31,29,buy_and_hold,16.5
31,30,buy_and_hold,32.5
31,31,buy_and_hold,64.5
31,32,buy_and_hold,128.5
31,33,buy_and_hold,256.5
31,34,buy_and_hold,128.5
31,35,buy_and_hold,256.5
31,36,buy_and_hold,512.5
31,37,buy_and_hold,256.5
31,38,buy_and_hold,512.5
31,39,buy_and_hold,256.5
31,40,buy_and_hold,512.5
31,41,buy_and_hold,256.5
31,42,buy_and_hold,512.5
31,43,buy_and_hold,256.5
31,44,buy_and_hold,512.5
31,45,buy_and_hold,256.5
31,46,buy_and_hold,512.5
31,47,buy_and_hold,256.5
31,48,buy_and_hold,128.5
31,49,buy_and_hold,64.5
31,50,buy_and_hold,32.5
31,51,buy_and_hold,16.5
31,52,buy_and_hold,8.5
31,53,buy_and_hold,4.5
31,54,buy_and_hold,8.5
31,55,buy_and_hold,4.5
31,56,buy_and_hold,8.5
31,57,buy_and_hold,16.5
31,58,buy_and_hold,8.5
31,59,buy_and_hold,16.5
31,60,buy_and_hold,32.5
31,61,buy_and_hold,64.5
31,62,buy_and_hold,128.5
31,63,buy_and_hold,256.5
31,64,buy_and_hold,128.5
31,65,buy_and_hold,256.5
31,66,buy_and_hold,128.5
31,67,buy_and_hold,64.5
31,68,buy_and_hold,32.5
31,69,buy_and_hold,64.5
31,70,buy_and_hold,128.5
31,71,buy_and_hold,64.5
31,72,buy_and_hold,32.5
31,73,buy_and_hold,64.5
31,74,buy_and_hold,128.5
31,75,buy_and_hold,64.5
31,76,buy_and_hold,128.5
31,77,buy_and_hold,64.5
31,78,buy_and_hold,128.5
31,79,buy_and_hold,64.5
31,80,buy_and_hold,128.5
31,81,buy_and_hold,64.5
31,82,buy_and_hold,128.5
31,83,buy_and_hold,256.5
31,84,buy_and_hold,512.5
31,85,buy_and_hold,256.5
31,86,buy_and_hold,128.5
31,87,buy_and_hold,256.5
31,88,buy_and_hold,512.5
31,89,buy_and_hold,1024.5
31,90,buy_and_hold,2048.5
31,91,buy_and_hold,1024.5
31,92,buy_and_hold,2048.5
31,93,buy_and_hold,4096.5
31,94,buy_and_hold,2048.5
31,95,buy_and_hold,1024.5
31,96,buy_and_hold,512.5
31,97,buy_and_hold,256.5
31,98,buy_and_hold,512.5
31,99,buy_and_hold,1024.5
31,100,buy_and_hold,512.5
32,0,buy_and_hold,1
32,1,buy_and_hold,1.5
32,2,buy_and_hold,2.5
32,3,buy_and_hold,4.5
32,4,buy_and_hold,2.5
32,5,buy_and_hold,4.5
32,6,buy_and_hold,2.5
32,7,buy_and_hold,4.5
32,8,buy_and_hold,2.5
32,9,buy_and_hold,1.5
32,10,buy_and_hold,1
32,11,buy_and_hold,0.75
32,12,buy_and_hold,1
32,13,buy_and_hold,0.75
32,14,buy_and_hold,0.625
32,15,buy_and_hold,0.5625
32,16,buy_and_hold,0.625
32,17,buy_and_hold,0.5625
32,18,buy_and_hold,0.53125
32,19,buy_and_hold,0.515625
32,20,buy_and_hold,0.53125
32,21,buy_and_hold,0.5625
32,22,buy_and_hold,0.53125
32,23,buy_and_hold,0.515625
32,24,buy_and_hold,0.5078125
32,25,buy_and_hold,0.515625
32,26,buy_and_hold,0.53125
32,27,buy_and_hold,0.5625
32,28,buy_and_hold,0.625
32,29,buy_and_hold,0.5625
32,30,buy_and_hold,0.53125
32,31,buy_and_hold,0.5625
32,32,buy_and_hold,0.625
32,33,buy_and_hold,0.75
32,34,buy_and_hold,1
32,35,buy_and_hold,0.75
32,36,buy_and_hold,0.625
32,37,buy_and_hold,0.75
32,38,buy_and_hold,0.625
32,39,buy_and_hold,0.5625
32,40,buy_and_hold,0.625
32,41,buy_and_hold,0.75
32,42,buy_and_hold,0.625
32,43,buy_and_hold,0.5625
32,44,buy_and_hold,0.625
32,45,buy_and_hold,0.5625
32,46,buy_and_hold,0.53125
32,47,buy_and_hold,0.5625
32,48,buy_and_hold,0.53125
32,49,buy_and_hold,0.5625
32,50,buy_and_hold,0.625
32,51,buy_and_hold,0.75
32,52,buy_and_hold,1
32,53,buy_and_hold,0.75
32,54,buy_and_hold,0.625
32,55,buy_and_hold,0.75
32,56,buy_and_hold,1
32,57,buy_and_hold,1.5
32,58,buy_and_hold,2.5
32,59,buy_and_hold,1.5
32,60,buy_and_hold,1
32,61,buy_and_hold,0.75
32,62,buy_and_hold,0.625
32,63,buy_and_hold,0.75
32,64,buy_and_hold,0.625
32,65,buy_and_hold,0.75
32,66,buy_and_hold,0.625
32,67,buy_and_hold,0.5625
32,68,buy_and_hold,0.53125
32,69,buy_and_hold,0.515625
32,70,buy_and_hold,0.53125
32,71,buy_and_hold,0.515625
32,72,buy_and_hold,0.53125
32,73,buy_and_hold,0.515625
32,74,buy_and_hold,0.5078125
32,75,buy_and_hold,0.515625
32,76,buy_and_hold,0.5078125
32,77,buy_and_hold,0.50390625
32,78,buy_and_hold,0.50195312
32,79,buy_and_hold,0.50097656
32,80,buy_and_hold,0.50048828
32,81,buy_and_hold,0.50097656
32,82,buy_and_hold,0.50048828
32,83,buy_and_hold,0.50024414
32,84,buy_and_hold,0.50048828
32,85,buy_and_hold,0.50024414
32,86,buy_and_hold,0.50048828
32,87,buy_and_hold,0.50097656
32,88,buy_and_hold,0.50195312
32,89,buy_and_hold,0.50390625
32,90,buy_and_hold,0.50195312
32,91,buy_and_hold,0.50097656
32,92,buy_and_hold,0.50195312
32,93,buy_and_hold,0.50097656
32,94,buy_and_hold,0.50048828
32,95,buy_and_hold,0.50024414
32,96,buy_and_hold,0.50012207
32,97,buy_and_hold,0.50024414
32,98,buy_and_hold,0.50048828
32,99,buy_and_hold,0.50024414
32,100,buy_and_hold,0.50012207
33,0,buy_and_hold,1
33,1,buy_and_hold,0.75
33,2,buy_and_hold,0.625
33,3,buy_and_hold,0.5625
33,4,buy_and_hold,0.53125
33,5,buy_and_hold,0.515625
33,6,buy_and_hold,0.53125
33,7,buy_and_hold,0.5625
33,8,buy_and_hold,0.625
33,9,buy_and_hold,0.5625
33,10,buy_and_hold,0.53125
33,11,buy_and_hold,0.515625
33,12,buy_and_hold,0.5078125
33,13,buy_and_hold,0.515625
33,14,buy_and_hold,0.53125
33,15,buy_and_hold,0.5625
33,16,buy_and_hold,0.53125
33,17,buy_and_hold,0.5625
33,18,buy_and_hold,0.625
33,19,buy_and_hold,0.5625
33,20,buy_and_hold,0.625
33,21,buy_and_hold,0.5625
33,22,buy_and_hold,0.625
33,23,buy_and_hold,0.5625
33,24,buy_and_hold,0.625
33,25,buy_and_hold,0.5625
33,26,buy_and_hold,0.625
33,27,buy_and_hold,0.75
33,28,buy_and_hold,1
33,29,buy_and_hold,0.75
33,30,buy_and_hold,0.625
33,31,buy_and_hold,0.5625
33,32,buy_and_hold,0.625
33,33,buy_and_hold,0.75
33,34,buy_and_hold,0.625
33,35,buy_and_hold,0.75
33,36,buy_and_hold,1
33,37,buy_and_hold,0.75
33,38,buy_and_hold,1
33,39,buy_and_hold,1.5
33,40,buy_and_hold,1
33,41,buy_and_hold,1.5
33,42,buy_and_hold,1
33,43,buy_and_hold,0.75
33,44,buy_and_hold,0.625
33,45,buy_and_hold,0.5625
33,46,buy_and_hold,0.53125
33,47,buy_and_hold,0.5625
33,48,buy_and_hold,0.625
33,49,buy_and_hold,0.75
33,50,buy_and_hold,1
33,51,buy_and_hold,1.5
33,52,buy_and_hold,2.5
33,53,buy_and_hold,4.5
33,54,buy_and_hold,2.5
33,55,buy_and_hold,1.5
33,56,buy_and_hold,2.5
33,57,buy_and_hold,1.5
33,58,buy_and_hold,2.5
33,59,buy_and_hold,4.5
33,60,buy_and_hold,8.5
33,61,buy_and_hold,16.5
33,62,buy_and_hold,8.5
33,63,buy_and_hold,4.5
33,64,buy_and_hold,8.5
33,65,buy_and_hold,16.5
33,66,buy_and_hold,32.5
33,67,buy_and_hold,64.5
33,68,buy_and_hold,32.5
33,69,buy_and_hold,16.5
33,70,buy_and_hold,32.5
33,71,buy_and_hold,16.5
33,72,buy_and_hold,8.5
33,73,buy_and_hold,4.5
33,74,buy_and_hold,8.5
33,75,buy_and_hold,4.5
33,76,buy_and_hold,2.5
33,77,buy_and_hold,4.5
33,78,buy_and_hold,2.5
33,79,buy_and_hold,1.5
33,80,buy_and_hold,2.5
33,81,buy_and_hold,4.5
33,82,buy_and_hold,8.5
33,83,buy_and_hold,4.5
33,84,buy_and_hold,8.5
33,85,buy_and_hold,16.5
33,86,buy_and_hold,32.5
33,87,buy_and_hold,16.5
33,88,buy_and_hold,8.5
33,89,buy_and_hold,4.5
33,90,buy_and_hold,8.5
33,91,buy_and_hold,16.5
33,92,buy_and_hold,32.5
33,93,buy_and_hold,16.5
33,94,buy_and_hold,8.5
33,95,buy_and_hold,16.5
33,96,buy_and_hold,32.5
33,97,buy_and_hold,64.5
33,98,buy_and_hold,32.5
33,99,buy_and_hold,16.5
33,100,buy_and_hold,8.5
34,0,buy_and_hold,1
34,1,buy_and_hold,1.5
34,2,buy_and_hold,1
34,3,buy_and_hold,0.75
34,4,buy_and_hold,0.625
34,5,buy_and_hold,0.5625
34,6,buy_and_hold,0.53125
34,7,buy_and_hold,0.5625
34,8,buy_and_hold,0.53125
34,9,buy_and_hold,0.515625
34,10,buy_and_hold,0.5078125
34,11,buy_and_hold,0.515625
34,12,buy_and_hold,0.53125
34,13,buy_and_hold,0.515625
34,14,buy_and_hold,0.53125
34,15,buy_and_hold,0.5625
34,16,buy_and_hold,0.53125
34,17,buy_and_hold,0.515625
34,18,buy_and_hold,0.5078125
34,19,buy_and_hold,0.50390625
34,20,buy_and_hold,0.5078125
34,21,buy_and_hold,0.515625
34,22,buy_and_hold,0.5078125
34,23,buy_and_hold,0.515625
34,24,buy_and_hold,0.5078125
34,25,buy_and_hold,0.515625
34,26,buy_and_hold,0.53125
34,27,buy_and_hold,0.515625
34,28,buy_and_hold,0.53125
34,29,buy_and_hold,0.515625
34,30,buy_and_hold,0.53125
34,31,buy_and_hold,0.515625
34,32,buy_and_hold,0.53125
34,33,buy_and_hold,0.515625
34,34,buy_and_hold,0.5078125
34,35,buy_and_hold,0.50390625
34,36,buy_and_hold,0.50195312
34,37,buy_and_hold,0.50097656
34,38,buy_and_hold,0.50048828
34,39,buy_and_hold,0.50024414
34,40,buy_and_hold,0.50012207
34,41,buy_and_hold,0.50024414
34,42,buy_and_hold,0.50012207
34,43,buy_and_hold,0.50006104
34,44,buy_and_hold,0.50003052
34,45,buy_and_hold,0.50006104
34,46,buy_and_hold,0.50012207
34,47,buy_and_hold,0.50024414
34,48,buy_and_hold,0.50048828
34,49,buy_and_hold,0.50024414
34,50,buy_and_hold,0.50048828
34,51,buy_and_hold,0.50024414
34,52,buy_and_hold,0.50048828
34,53,buy_and_hold,0.50024414
34,54,buy_and_hold,0.50012207
34,55,buy_and_hold,0.50006104
34,56,buy_and_hold,0.50003052
34,57,buy_and_hold,0.50001526
34,58,buy_and_hold,0.50000763
34,59,buy_and_hold,0.50001526
34,60,buy_and_hold,0.50000763
34,61,buy_and_hold,0.50001526
34,62,buy_and_hold,0.50003052
34,63,buy_and_hold,0.50006104
34,64,buy_and_hold,0.50003052
34,65,buy_and_hold,0.50001526
34,66,buy_and_hold,0.50003052
34,67,buy_and_hold,0.50001526
34,68,buy_and_hold,0.50003052
34,69,buy_and_hold,0.50001526
34,70,buy_and_hold,0.50000763
34,71,buy_and_hold,0.50000381
34,72,buy_and_hold,0.50000763
34,73,buy_and_hold,0.50001526
34,74,buy_and_hold,0.50003052
34,75,buy_and_hold,0.50001526
34,76,buy_and_hold,0.50003052
34,77,buy_and_hold,0.50006104
34,78,buy_and_hold,0.50012207
34,79,buy_and_hold,0.50024414
34,80,buy_and_hold,0.50012207
34,81,buy_and_hold,0.50024414
34,82,buy_and_hold,0.50048828
34,83,buy_and_hold,0.50097656
34,84,buy_and_hold,0.50048828
34,85,buy_and_hold,0.50024414
34,86,buy_and_hold,0.50048828
34,87,buy_and_hold,0.50097656
34,88,buy_and_hold,0.50048828
34,89,buy_and_hold,0.50024414
34,90,buy_and_hold,0.50048828
34,91,buy_and_hold,0.50097656
34,92,buy_and_hold,0.50048828
34,93,buy_and_hold,0.50097656
34,94,buy_and_hold,0.50048828
34,95,buy_and_hold,0.50024414
34,96,buy_and_hold,0.50048828
34,97,buy_and_hold,0.50024414
34,98,buy_and_hold,0.50048828
34,99,buy_and_hold,0.50097656
34,100,buy_and_hold,0.50195312
35,0,buy_and_hold,1
35,1,buy_and_hold,0.75
35,2,buy_and_hold,1
35,3,buy_and_hold,0.75
35,4,buy_and_hold,1
35,5,buy_and_hold,0.75
35,6,buy_and_hold,1
35,7,buy_and_hold,0.75
35,8,buy_and_hold,1
35,9,buy_and_hold,0.75
35,10,buy_and_hold,0.625
35,11,buy_and_hold,0.5625
35,12,buy_and_hold,0.53125
35,13,buy_and_hold,0.5625
35,14,buy_and_hold,0.625
35,15,buy_and_hold,0.75
35,16,buy_and_hold,0.625
35,17,buy_and_hold,0.75
35,18,buy_and_hold,1
35,19,buy_and_hold,1.5
35,20,buy_and_hold,2.5
35,21,buy_and_hold,1.5
35,22,buy_and_hold,1
35,23,buy_and_hold,0.75
35,24,buy_and_hold,1
35,25,buy_and_hold,1.5
35,26,buy_and_hold,1
35,27,buy_and_hold,0.75
35,28,buy_and_hold,1
35,29,buy_and_hold,1.5
35,30,buy_and_hold,1
35,31,buy_and_hold,1.5
35,32,buy_and_hold,1
35,33,buy_and_hold,0.75
35,34,buy_and_hold,1
35,35,buy_and_hold,0.75
35,36,buy_and_hold,1
35,37,buy_and_hold,1.5
35,38,buy_and_hold,1
35,39,buy_and_hold,1.5
35,40,buy_and_hold,1
35,41,buy_and_hold,0.75
35,42,buy_and_hold,1
35,43,buy_and_hold,1.5
35,44,buy_and_hold,1
35,45,buy_and_hold,1.5
35,46,buy_and_hold,2.5
35,47,buy_and_hold,1.5
35,48,buy_and_hold,1
35,49,buy_and_hold,1.5
35,50,buy_and_hold,2.5
35,51,buy_and_hold,1.5
35,52,buy_and_hold,2.5
35,53,buy_and_hold,4.5
35,54,buy_and_hold,2.5
35,55,buy_and_hold,1.5
35,56,buy_and_hold,1
35,57,buy_and_hold,1.5
35,58,buy_and_hold,2.5
35,59,buy_and_hold,1.5
35,60,buy_and_hold,2.5
35,61,buy_and_hold,1.5
35,62,buy_and_hold,1
35,63,buy_and_hold,1.5
35,64,buy_and_hold,1
35,65,buy_and_hold,0.75
35,66,buy_and_hold,1
35,67,buy_and_hold,1.5
35,68,buy_and_hold,1
35,69,buy_and_hold,1.5
35,70,buy_and_hold,1
35,71,buy_and_hold,0.75
35,72,buy_and_hold,1
35,73,buy_and_hold,1.5
35,74,buy_and_hold,1
35,75,buy_and_hold,0.75
35,76,buy_and_hold,1
35,77,buy_and_hold,0.75
35,78,buy_and_hold,1
35,79,buy_and_hold,1.5
35,80,buy_and_hold,1
35,81,buy_and_hold,1.5
35,82,buy_and_hold,1
35,83,buy_and_hold,1.5
35,84,buy_and_hold,2.5
35,85,buy_and_hold,1.5
35,86,buy_and_hold,1
35,87,buy_and_hold,1.5
35,88,buy_and_hold,2.5
35,89,buy_and_hold,4.5
35,90,buy_and_hold,8.5
35,91,buy_and_hold,4.5
35,92,buy_and_hold,8.5
35,93,buy_and_hold,16.5
35,94,buy_and_hold,8.5
35,95,buy_and_hold,16.5
35,96,buy_and_hold,8.5
35,97,buy_and_hold,4.5
35,98,buy_and_hold,2.5
35,99,buy_and_hold,1.5
35,100,buy_and_hold,1
36,0,buy_and_hold,1
36,1,buy_and_hold,0.75
36,2,buy_and_hold,1
36,3,buy_and_hold,1.5
36,4,buy_and_hold,1
36,5,buy_and_hold,0.75
36,6,buy_and_hold,0.625
36,7,buy_and_hold,0.75
36,8,buy_and_hold,0.625
36,9,buy_and_hold,0.5625
36,10,buy_and_hold,0.625
36,11,buy_and_hold,0.75
36,12,buy_and_hold,1
36,13,buy_and_hold,1.5
36,14,buy_and_hold,2.5
36,15,buy_and_hold,4.5
36,16,buy_and_hold,2.5
36,17,buy_and_hold,1.5
36,18,buy_and_hold,1
36,19,buy_and_hold,0.75
36,20,buy_and_hold,0.625
36,21,buy_and_hold,0.75
36,22,buy_and_hold,1
36,23,buy_and_hold,1.5
36,24,buy_and_hold,2.5
36,25,buy_and_hold,1.5
36,26,buy_and_hold,2.5
36,27,buy_and_hold,1.5
36,28,buy_and_hold,2.5
36,29,buy_and_hold,1.5
36,30,buy_and_hold,2.5
36,31,buy_and_hold,4.5
36,32,buy_and_hold,2.5
36,33,buy_and_hold,4.5
36,34,buy_and_hold,2.5
36,35,buy_and_hold,4.5
36,36,buy_and_hold,8.5
36,37,buy_and_hold,16.5
36,38,buy_and_hold,8.5
36,39,buy_and_hold,4.5
36,40,buy_and_hold,8.5
36,41,buy_and_hold,16.5
36,42,buy_and_hold,32.5
36,43,buy_and_hold,64.5
36,44,buy_and_hold,32.5
36,45,buy_and_hold,16.5
36,46,buy_and_hold,8.5
36,47,buy_and_hold,16.5
36,48,buy_and_hold,32.5
36,49,buy_and_hold,64.5
36,50,buy_and_hold,32.5
36,51,buy_and_hold,16.5
36,52,buy_and_hold,8.5
36,53,buy_and_hold,16.5
36,54,buy_and_hold,32.5
36,55,buy_and_hold,16.5
36,56,buy_and_hold,8.5
36,57,buy_and_hold,16.5
36,58,buy_and_hold,32.5
36,59,buy_and_hold,64.5
36,60,buy_and_hold,32.5
36,61,buy_and_hold,16.5
36,62,buy_and_hold,32.5
36,63,buy_and_hold,64.5
36,64,buy_and_hold,128.5
36,65,buy_and_hold,256.5
36,66,buy_and_hold,512.5
36,67,buy_and_hold,1024.5
36,68,buy_and_hold,2048.5
36,69,buy_and_hold,4096.5
36,70,buy_and_hold,8192.5
36,71,buy_and_hold,4096.5
36,72,buy_and_hold,8192.5
36,73,buy_and_hold,16384.5
36,74,buy_and_hold,8192.5
36,75,buy_and_hold,16384.5
36,76,buy_and_hold,8192.5
36,77,buy_and_hold,4096.5
36,78,buy_and_hold,8192.5
36,79,buy_and_hold,16384.5
36,80,buy_and_hold,32768.5
36,81,buy_and_hold,65536.5
36,82,buy_and_hold,131072.5
36,83,buy_and_hold,262144.5
36,84,buy_and_hold,131072.5
36,85,buy_and_hold,65536.5
36,86,buy_and_hold,131072.5
36,87,buy_and_hold,65536.5
36,88,buy_and_hold,131072.5
36,89,buy_and_hold,262144.5
36,90,buy_and_hold,131072.5
36,91,buy_and_hold,65536.5
36,92,buy_and_hold,32768.5
36,93,buy_and_hold,16384.5
36,94,buy_and_hold,8192.5
36,95,buy_and_hold,4096.5
36,96,buy_and_hold,2048.5
36,97,buy_and_hold,1024.5
36,98,buy_and_hold,512.5
36,99,buy_and_hold,256.5
36,100,buy_and_hold,512.5
37,0,buy_and_hold,1
37,1,buy_and_hold,0.75
37,2,buy_and_hold,1
37,3,buy_and_hold,1.5
37,4,buy_and_hold,2.5
37,5,buy_and_hold,4.5
37,6,buy_and_hold,8.5
37,7,buy_and_hold,16.5
37,8,buy_and_hold,8.5
37,9,buy_and_hold,4.5
37,10,buy_and_hold,8.5
37,11,buy_and_hold,4.5
37,12,buy_and_hold,8.5
37,13,buy_and_hold,4.5
37,14,buy_and_hold,2.5
37,15,buy_and_hold,1.5
37,16,buy_and_hold,2.5
37,17,buy_and_hold,4.5
37,18,buy_and_hold,8.5
37,19,buy_and_hold,4.5
37,20,buy_and_hold,2.5
37,21,buy_and_hold,4.5
37,22,buy_and_hold,8.5
37,23,buy_and_hold,16.5
37,24,buy_and_hold,8.5
37,25,buy_and_hold,16.5
37,26,buy_and_hold,8.5
37,27,buy_and_hold,16.5
37,28,buy_and_hold,8.5
37,29,buy_and_hold,16.5
37,30,buy_and_hold,8.5
37,31,buy_and_hold,4.5
37,32,buy_and_hold,2.5
37,33,buy_and_hold,4.5
37,34,buy_and_hold,8.5
37,35,buy_and_hold,16.5
37,36,buy_and_hold,32.5
37,37,buy_and_hold,64.5
37,38,buy_and_hold,32.5
37,39,buy_and_hold,64.5
37,40,buy_and_hold,128.5
37,41,buy_and_hold,64.5
37,42,buy_and_hold,128.5
37,43,buy_and_hold,64.5
37,44,buy_and_hold,32.5
37,45,buy_and_hold,16.5
37,46,buy_and_hold,32.5
37,47,buy_and_hold,64.5
37,48,buy_and_hold,128.5
37,49,buy_and_hold,64.5
37,50,buy_and_hold,32.5
37,51,buy_and_hold,64.5
37,52,buy_and_hold,128.5
37,53,buy_and_hold,256.5
37,54,buy_and_hold,512.5
37,55,buy_and_hold,1024.5
37,56,buy_and_hold,512.5
37,57,buy_and_hold,1024.5
37,58,buy_and_hold,2048.5
37,59,buy_and_hold,1024.5
37,60,buy_and_hold,2048.5
37,61,buy_and_hold,1024.5
37,62,buy_and_hold,512.5
37,63,buy_and_hold,256.5
37,64,buy_and_hold,512.5
37,65,buy_and_hold,1024.5
37,66,buy_and_hold,2048.5
37,67,buy_and_hold,4096.5
37,68,buy_and_hold,2048.5
37,69,buy_and_hold,4096.5
37,70,buy_and_hold,8192.5
37,71,buy_and_hold,16384.5
37,72,buy_and_hold,32768.5
37,73,buy_and_hold,65536.5
37,74,buy_and_hold,32768.5
37,75,buy_and_hold,65536.5
37,76,buy_and_hold,131072.5
37,77,buy_and_hold,65536.5
37,78,buy_and_hold,32768.5
37,79,buy_and_hold,16384.5
37,80,buy_and_hold,8192.5
37,81,buy_and_hold,16384.5
37,82,buy_and_hold,32768.5
37,83,buy_and_hold,16384.5
37,84,buy_and_hold,32768.5
37,85,buy_and_hold,65536.5
37,86,buy_and_hold,32768.5
37,87,buy_and_hold,16384.5
37,88,buy_and_hold,8192.5
37,89,buy_and_hold,4096.5
37,90,buy_and_hold,2048.5
37,91,buy_and_hold,1024.5
37,92,buy_and_hold,2048.5
37,93,buy_and_hold,4096.5
37,94,buy_and_hold,8192.5
37,95,buy_and_hold,16384.5
37,96,buy_and_hold,32768.5
37,97,buy_and_hold,16384.5
37,98,buy_and_hold,32768.5
37,99,buy_and_hold,65536.5
37,100,buy_and_hold,32768.5
38,0,buy_and_hold,1
38,1,buy_and_hold,0.75
38,2,buy_and_hold,1
38,3,buy_and_hold,0.75
38,4,buy_and_hold,1
38,5,buy_and_hold,1.5
38,6,buy_and_hold,1
38,7,buy_and_hold,1.5
38,8,buy_and_hold,1
38,9,buy_and_hold,1.5
38,10,buy_and_hold,2.5
38,11,buy_and_hold,4.5
38,12,buy_and_hold,8.5
38,13,buy_and_hold,16.5
38,14,buy_and_hold,8.5
38,15,buy_and_hold,16.5
38,16,buy_and_hold,32.5
38,17,buy_and_hold,16.5
38,18,buy_and_hold,8.5
38,19,buy_and_hold,4.5
38,20,buy_and_hold,2.5
38,21,buy_and_hold,1.5
38,22,buy_and_hold,2.5
38,23,buy_and_hold,1.5
38,24,buy_and_hold,2.5
38,25,buy_and_hold,4.5
38,26,buy_and_hold,2.5
38,27,buy_and_hold,1.5
38,28,buy_and_hold,2.5
38,29,buy_and_hold,1.5
38,30,buy_and_hold,1
38,31,buy_and_hold,0.75
38,32,buy_and_hold,0.625
38,33,buy_and_hold,0.5625
38,34,buy_and_hold,0.53125
38,35,buy_and_hold,0.515625
38,36,buy_and_hold,0.5078125
38,37,buy_and_hold,0.50390625
38,38,buy_and_hold,0.50195312
38,39,buy_and_hold,0.50097656
38,40,buy_and_hold,0.50195312
38,41,buy_and_hold,0.50390625
38,42,buy_and_hold,0.5078125
38,43,buy_and_hold,0.515625
38,44,buy_and_hold,0.53125
38,45,buy_and_hold,0.515625
38,46,buy_and_hold,0.5078125
38,47,buy_and_hold,0.50390625
38,48,buy_and_hold,0.50195312
38,49,buy_and_hold,0.50390625
38,50,buy_and_hold,0.50195312
38,51,buy_and_hold,0.50097656
38,52,buy_and_hold,0.50048828
38,53,buy_and_hold,0.50024414
38,54,buy_and_hold,0.50048828
38,55,buy_and_hold,0.50024414
38,56,buy_and_hold,0.50048828
38,57,buy_and_hold,0.50097656
38,58,buy_and_hold,0.50195312
38,59,buy_and_hold,0.50097656
38,60,buy_and_hold,0.50195312
38,61,buy_and_hold,0.50097656
38,62,buy_and_hold,0.50195312
38,63,buy_and_hold,0.50390625
38,64,buy_and_hold,0.5078125
38,65,buy_and_hold,0.50390625
38,66,buy_and_hold,0.5078125
38,67,buy_and_hold,0.50390625
38,68,buy_and_hold,0.5078125
38,69,buy_and_hold,0.50390625
38,70,buy_and_hold,0.5078125
38,71,buy_and_hold,0.515625
38,72,buy_and_hold,0.5078125
38,73,buy_and_hold,0.50390625
38,74,buy_and_hold,0.5078125
38,75,buy_and_hold,0.515625
38,76,buy_and_hold,0.5078125
38,77,buy_and_hold,0.50390625
38,78,buy_and_hold,0.50195312
38,79,buy_and_hold,0.50097656
38,80,buy_and_hold,0.50048828
38,81,buy_and_hold,0.50097656
38,82,buy_and_hold,0.50048828
38,83,buy_and_hold,0.50024414
38,84,buy_and_hold,0.50012207
38,85,buy_and_hold,0.50024414
38,86,buy_and_hold,0.50012207
38,87,buy_and_hold,0.50024414
38,88,buy_and_hold,0.50012207
38,89,buy_and_hold,0.50006104
38,90,buy_and_hold,0.50003052
38,91,buy_and_hold,0.50006104
38,92,buy_and_hold,0.50003052
38,93,buy_and_hold,0.50001526
38,94,buy_and_hold,0.50000763
38,95,buy_and_hold,0.50000381
38,96,buy_and_hold,0.50000191
38,97,buy_and_hold,0.50000095
38,98,buy_and_hold,0.50000048
38,99,buy_and_hold,0.50000024
38,100,buy_and_hold,0.50000048
39,0,buy_and_hold,1
39,1,buy_and_hold,0.75
39,2,buy_and_hold,1
39,3,buy_and_hold,0.75
39,4,buy_and_hold,0.625
39,5,buy_and_hold,0.5625
39,6,buy_and_hold,0.53125
39,7,buy_and_hold,0.5625
39,8,buy_and_hold,0.53125
39,9,buy_and_hold,0.5625
39,10,buy_and_hold,0.53125
39,11,buy_and_hold,0.5625
39,12,buy_and_hold,0.625
39,13,buy_and_hold,0.75
39,14,buy_and_hold,0.625
39,15,buy_and_hold,0.75
39,16,buy_and_hold,1
39,17,buy_and_hold,0.75
39,18,buy_and_hold,1
39,19,buy_and_hold,1.5
39,20,buy_and_hold,2.5
39,21,buy_and_hold,1.5
39,22,buy_and_hold,2.5
39,23,buy_and_hold,1.5
39,24,buy_and_hold,2.5
39,25,buy_and_hold,4.5
39,26,buy_and_hold,2.5
39,27,buy_and_hold,1.5
39,28,buy_and_hold,1
39,29,buy_and_hold,0.75
39,30,buy_and_hold,1
39,31,buy_and_hold,0.75
39,32,buy_and_hold,1
39,33,buy_and_hold,0.75
39,34,buy_and_hold,1
39,35,buy_and_hold,0.75
39,36,buy_and_hold,1
39,37,buy_and_hold,0.75
39,38,buy_and_hold,0.625
39,39,buy_and_hold,0.5625
39,40,buy_and_hold,0.625
39,41,buy_and_hold,0.5625
39,42,buy_and_hold,0.625
39,43,buy_and_hold,0.5625
39,44,buy_and_hold,0.625
39,45,buy_and_hold,0.75
39,46,buy_and_hold,0.625
39,47,buy_and_hold,0.5625
39,48,buy_and_hold,0.625
39,49,buy_and_hold,0.5625
39,50,buy_and_hold,0.625
39,51,buy_and_hold,0.75
39,52,buy_and_hold,1
39,53,buy_and_hold,1.5
39,54,buy_and_hold,2.5
39,55,buy_and_hold,4.5
39,56,buy_and_hold,8.5
39,57,buy_and_hold,16.5
39,58,buy_and_hold,32.5
39,59,buy_and_hold,16.5
39,60,buy_and_hold,8.5
39,61,buy_and_hold,16.5
39,62,buy_and_hold,32.5
39,63,buy_and_hold,16.5
39,64,buy_and_hold,8.5
39,65,buy_and_hold,4.5
39,66,buy_and_hold,2.5
39,67,buy_and_hold,4.5
39,68,buy_and_hold,2.5
39,69,buy_and_hold,4.5
39,70,buy_and_hold,8.5
39,71,buy_and_hold,16.5
39,72,buy_and_hold,32.5
39,73,buy_and_hold,16.5
39,74,buy_and_hold,32.5
39,75,buy_and_hold,16.5
39,76,buy_and_hold,32.5
39,77,buy_and_hold,16.5
39,78,buy_and_hold,32.5
39,79,buy_and_hold,64.5
39,80,buy_and_hold,128.5
39,81,buy_and_hold,64.5
39,82,buy_and_hold,128.5
39,83,buy_and_hold,64.5
39,84,buy_and_hold,128.5
39,85,buy_and_hold,256.5
39,86,buy_and_hold,512.5
39,87,buy_and_hold,1024.5
39,88,buy_and_hold,2048.5
39,89,buy_and_hold,1024.5
39,90,buy_and_hold,512.5
39,91,buy_and_hold,256.5
39,92,buy_and_hold,128.5
39,93,buy_and_hold,256.5
39,94,buy_and_hold,128.5
39,95,buy_and_hold,256.5
39,96,buy_and_hold,128.5
39,97,buy_and_hold,256.5
39,98,buy_and_hold,128.5
39,99,buy_and_hold,64.5
39,100,buy_and_hold,32.5
